team,group,player,position,position,club,minutes,starts,core_xi_rank_by_minutes,market_value_original,currency,footballtransfers_etv_eur,footballtransfers_etv_usd,valuation_date,valuation_source_url,eur_usd_rate,exchange_rate_date,exchange_rate_source,value_source,value_source_url,value_method,valuation_date_verified,is_fallback_value,market_value_usd,player_value_rank_within_team,bottom_three_flag,top_three_flag,core_xi_total_value_usd,core_xi_average_value_usd,bottom_3_average_value_usd,top_3_average_value_usd,lineup_imbalance,points,goal_difference,group_position,advanced_flag,qualification_type
Algeria,Group J,Aissa MANDI,Defender,Defender,Lille,292,3,1,1100000.0,EUR,1100000.0,1254660.0,2026-06-01,https://www.footballtransfers.com/en/players/aissa-mandi,1.1406,2026-06-29,European Central Bank euro foreign exchange reference rates,FootballTransfers,https://www.footballtransfers.com/en/players/aissa-mandi,footballtransfers_etv_validated,True,False,1254660.0,9,True,False,180442920.0,16403901.818181818,1140600.0,37943960.0,33.266666666666666,4,-2,3,True,Best third-place qualifier
Algeria,Group J,Fares CHAIBI,Midfielder,Midfielder,E. Frankfurt,292,3,2,19700000.0,EUR,19700000.0,22469820.0,2026-06-01,https://www.footballtransfers.com/en/players/fares-chaibi,1.1406,2026-06-29,European Central Bank euro foreign exchange reference rates,FootballTransfers,https://www.footballtransfers.com/en/players/fares-chaibi,footballtransfers_etv_validated,True,False,22469820.0,4,False,False,180442920.0,16403901.818181818,1140600.0,37943960.0,33.266666666666666,4,-2,3,True,Best third-place qualifier
Algeria,Group J,Ramy BENSEBAINI,Defender,Defender,Dortmund,292,3,3,13200000.0,EUR,13200000.0,15055920.0,2026-06-01,https://www.footballtransfers.com/en/players/ramy-bensebaini,1.1406,2026-06-29,European Central Bank euro foreign exchange reference rates,FootballTransfers,https://www.footballtransfers.com/en/players/ramy-bensebaini,footballtransfers_etv_validated,True,False,15055920.0,5,False,False,180442920.0,16403901.818181818,1140600.0,37943960.0,33.266666666666666,4,-2,3,True,Best third-place qualifier
Algeria,Group J,Ibrahim MAZA,Midfielder,Midfielder,Bayer 04,277,3,4,21000000.0,EUR,21000000.0,23952600.0,2026-06-01,https://www.footballtransfers.com/en/players/ibrahim-maza,1.1406,2026-06-29,European Central Bank euro foreign exchange reference rates,FootballTransfers,https://www.footballtransfers.com/en/players/ibrahim-maza,footballtransfers_etv_validated,True,False,23952600.0,3,False,True,180442920.0,16403901.818181818,1140600.0,37943960.0,33.266666666666666,4,-2,3,True,Best third-place qualifier
Algeria,Group J,Rafik BELGHALI,Defender,Defender,Verona,266,3,5,6000000.0,EUR,6000000.0,6843600.0,2026-06-01,https://www.footballtransfers.com/en/players/rafik-belghali,1.1406,2026-06-29,European Central Bank euro foreign exchange reference rates,FootballTransfers,https://www.footballtransfers.com/en/players/rafik-belghali,footballtransfers_etv_validated,True,False,6843600.0,7,False,False,180442920.0,16403901.818181818,1140600.0,37943960.0,33.266666666666666,4,-2,3,True,Best third-place qualifier
Algeria,Group J,Amine GOUIRI,Forward,Forward,Marseille,220,3,6,30900000.0,EUR,30900000.0,35244540.0,2026-06-01,https://www.footballtransfers.com/en/players/amine-gouiri,1.1406,2026-06-29,European Central Bank euro foreign exchange reference rates,FootballTransfers,https://www.footballtransfers.com/en/players/amine-gouiri,footballtransfers_etv_validated,True,False,35244540.0,2,False,True,180442920.0,16403901.818181818,1140600.0,37943960.0,33.266666666666666,4,-2,3,True,Best third-place qualifier
Algeria,Group J,Rayan AIT-NOURI,Defender,Defender,Man City,208,2,7,47900000.0,EUR,47900000.0,54634740.0,2026-06-01,https://www.footballtransfers.com/en/players/rayan-ait-nouri,1.1406,2026-06-29,European Central Bank euro foreign exchange reference rates,FootballTransfers,https://www.footballtransfers.com/en/players/rayan-ait-nouri,footballtransfers_etv_validated,True,False,54634740.0,1,False,True,180442920.0,16403901.818181818,1140600.0,37943960.0,33.266666666666666,4,-2,3,True,Best third-place qualifier
Algeria,Group J,Riyad Mahrez,Forward,Forward,Al Ahli,206,2,8,4500000.0,EUR,4500000.0,5132700.0,2026-06-01,https://www.footballtransfers.com/en/players/riyad-mahrez,1.1406,2026-06-29,European Central Bank euro foreign exchange reference rates,FootballTransfers,https://www.footballtransfers.com/en/players/riyad-mahrez,footballtransfers_etv_validated,True,False,5132700.0,8,False,False,180442920.0,16403901.818181818,1140600.0,37943960.0,33.266666666666666,4,-2,3,True,Best third-place qualifier
Algeria,Group J,Luca ZIDANE,Goalkeeper,Goalkeeper,Granada,195,2,9,900000.0,EUR,900000.0,1026540.0,2026-06-01,https://www.footballtransfers.com/en/players/luca-zidane-fernandez,1.1406,2026-06-29,European Central Bank euro foreign exchange reference rates,FootballTransfers,https://www.footballtransfers.com/en/players/luca-zidane-fernandez,footballtransfers_etv_validated,True,False,1026540.0,11,True,False,180442920.0,16403901.818181818,1140600.0,37943960.0,33.266666666666666,4,-2,3,True,Best third-place qualifier
Algeria,Group J,Nabil Bentaleb,Midfielder,Midfielder,Lille,187,2,10,1000000.0,EUR,1000000.0,1140600.0,2026-06-01,https://www.footballtransfers.com/en/players/nabil-bentaleb,1.1406,2026-06-29,European Central Bank euro foreign exchange reference rates,FootballTransfers,https://www.footballtransfers.com/en/players/nabil-bentaleb,footballtransfers_etv_validated,True,False,1140600.0,10,True,False,180442920.0,16403901.818181818,1140600.0,37943960.0,33.266666666666666,4,-2,3,True,Best third-place qualifier
Algeria,Group J,Hicham BOUDAOUI,Midfielder,Midfielder,Nice,154,2,11,12000000.0,EUR,12000000.0,13687200.0,2026-06-01,https://www.footballtransfers.com/en/players/hicham-boudaoui,1.1406,2026-06-29,European Central Bank euro foreign exchange reference rates,FootballTransfers,https://www.footballtransfers.com/en/players/hicham-boudaoui,footballtransfers_etv_validated,True,False,13687200.0,6,False,False,180442920.0,16403901.818181818,1140600.0,37943960.0,33.266666666666666,4,-2,3,True,Best third-place qualifier
Argentina,Group J,Emiliano MARTINEZ,Goalkeeper,Goalkeeper,A. Villa,291,3,1,20700000.0,EUR,20700000.0,23610420.0,2026-06-01,https://www.footballtransfers.com/en/players/emiliano-martinez,1.1406,2026-06-29,European Central Bank euro foreign exchange reference rates,FootballTransfers,https://www.footballtransfers.com/en/players/emiliano-martinez,footballtransfers_etv_validated,True,False,23610420.0,7,False,False,581934120.0,52903101.81818182,10037280.0,117025560.0,11.659090909090908,9,7,1,True,Group winner
Argentina,Group J,Alexis MAC ALLISTER,Midfielder,Midfielder,Liverpool,231,2,2,94400000.0,EUR,94400000.0,107672640.0,2026-06-01,https://www.footballtransfers.com/en/players/alexis-mac-allister,1.1406,2026-06-29,European Central Bank euro foreign exchange reference rates,FootballTransfers,https://www.footballtransfers.com/en/players/alexis-mac-allister,footballtransfers_etv_validated,True,False,107672640.0,3,False,True,581934120.0,52903101.81818182,10037280.0,117025560.0,11.659090909090908,9,7,1,True,Group winner
Argentina,Group J,Lionel MESSI,Forward,Forward,Inter Miami,214,2,3,14200000.0,EUR,14200000.0,16196520.0,2026-06-01,https://www.footballtransfers.com/en/players/lionel-messi,1.1406,2026-06-29,European Central Bank euro foreign exchange reference rates,FootballTransfers,https://www.footballtransfers.com/en/players/lionel-messi,footballtransfers_etv_validated,True,False,16196520.0,9,True,False,581934120.0,52903101.81818182,10037280.0,117025560.0,11.659090909090908,9,7,1,True,Group winner
Argentina,Group J,Enzo FERNANDEZ,Midfielder,Midfielder,Chelsea,195,2,4,100400000.0,EUR,100400000.0,114516240.0,2026-06-01,https://www.footballtransfers.com/en/players/enzo-jeremias-fernandez,1.1406,2026-06-29,European Central Bank euro foreign exchange reference rates,FootballTransfers,https://www.footballtransfers.com/en/players/enzo-jeremias-fernandez,footballtransfers_etv_validated,True,False,114516240.0,2,False,True,581934120.0,52903101.81818182,10037280.0,117025560.0,11.659090909090908,9,7,1,True,Group winner
Argentina,Group J,Lisandro MARTINEZ,Defender,Defender,Man Utd,195,2,5,40800000.0,EUR,40800000.0,46536480.0,2026-06-01,https://www.footballtransfers.com/en/players/lisandro-martinez,1.1406,2026-06-29,European Central Bank euro foreign exchange reference rates,FootballTransfers,https://www.footballtransfers.com/en/players/lisandro-martinez,footballtransfers_etv_validated,True,False,46536480.0,5,False,False,581934120.0,52903101.81818182,10037280.0,117025560.0,11.659090909090908,9,7,1,True,Group winner
Argentina,Group J,Lautaro MARTINEZ,Forward,Forward,Inter,179,3,6,72200000.0,EUR,72200000.0,82351320.0,2026-06-01,https://www.footballtransfers.com/en/players/lautaro-javier-martinez,1.1406,2026-06-29,European Central Bank euro foreign exchange reference rates,FootballTransfers,https://www.footballtransfers.com/en/players/lautaro-javier-martinez,footballtransfers_etv_validated,True,False,82351320.0,4,False,False,581934120.0,52903101.81818182,10037280.0,117025560.0,11.659090909090908,9,7,1,True,Group winner
Argentina,Group J,Facundo MEDINA,Defender,Defender,Marseille,179,2,7,20100000.0,EUR,20100000.0,22926060.0,2026-06-01,https://www.footballtransfers.com/en/players/facundo-axel-medina,1.1406,2026-06-29,European Central Bank euro foreign exchange reference rates,FootballTransfers,https://www.footballtransfers.com/en/players/facundo-axel-medina,footballtransfers_etv_validated,True,False,22926060.0,8,False,False,581934120.0,52903101.81818182,10037280.0,117025560.0,11.659090909090908,9,7,1,True,Group winner
Argentina,Group J,Rodrigo DE PAUL,Midfielder,Midfielder,Inter Miami,179,2,8,11200000.0,EUR,11200000.0,12774720.0,2026-06-01,https://www.footballtransfers.com/en/players/rodrigo-javier-de-paul,1.1406,2026-06-29,European Central Bank euro foreign exchange reference rates,FootballTransfers,https://www.footballtransfers.com/en/players/rodrigo-javier-de-paul,footballtransfers_etv_validated,True,False,12774720.0,10,True,False,581934120.0,52903101.81818182,10037280.0,117025560.0,11.659090909090908,9,7,1,True,Group winner
Argentina,Group J,Julian ALVAREZ,Forward,Forward,Atlético Madrid,158,1,9,113000000.0,EUR,113000000.0,128887800.0,2026-06-01,https://www.footballtransfers.com/en/players/julian-alvarez,1.1406,2026-06-29,European Central Bank euro foreign exchange reference rates,FootballTransfers,https://www.footballtransfers.com/en/players/julian-alvarez,footballtransfers_etv_validated,True,False,128887800.0,1,False,True,581934120.0,52903101.81818182,10037280.0,117025560.0,11.659090909090908,9,7,1,True,Group winner
Argentina,Group J,Thiago ALMADA,Forward,Forward,Atlético Madrid,155,2,10,22200000.0,EUR,22200000.0,25321320.0,2026-06-01,https://www.footballtransfers.com/en/players/thiago-almada,1.1406,2026-06-29,European Central Bank euro foreign exchange reference rates,FootballTransfers,https://www.footballtransfers.com/en/players/thiago-almada,footballtransfers_etv_validated,True,False,25321320.0,6,False,False,581934120.0,52903101.81818182,10037280.0,117025560.0,11.659090909090908,9,7,1,True,Group winner
Argentina,Group J,Nicolas OTAMENDI,Defender,Defender,Benfica,154,1,11,1000000.0,EUR,1000000.0,1140600.0,2026-06-01,https://www.footballtransfers.com/en/players/nicolas-otamendi,1.1406,2026-06-29,European Central Bank euro foreign exchange reference rates,FootballTransfers,https://www.footballtransfers.com/en/players/nicolas-otamendi,footballtransfers_etv_validated,True,False,1140600.0,11,True,False,581934120.0,52903101.81818182,10037280.0,117025560.0,11.659090909090908,9,7,1,True,Group winner
Australia,Group D,Aiden ONEILL,Midfielder,Midfielder,NYCFC,292,3,1,1800000.0,EUR,1800000.0,2053080.0,2026-06-01,https://www.footballtransfers.com/en/players/aiden-oneill,1.1406,2026-06-29,European Central Bank euro foreign exchange reference rates,FootballTransfers,https://www.footballtransfers.com/en/players/aiden-oneill,footballtransfers_etv_validated,True,False,2053080.0,6,False,False,52952532.9336,4813866.630327273,884024.3112,12812740.0,14.493651178673604,4,0,2,True,Runner-up
Australia,Group D,Alessandro CIRCATI,Defender,Defender,Parma,292,3,2,13900000.0,EUR,13900000.0,15854340.0,2026-06-01,https://www.footballtransfers.com/en/players/alessandro-circati,1.1406,2026-06-29,European Central Bank euro foreign exchange reference rates,FootballTransfers,https://www.footballtransfers.com/en/players/alessandro-circati,footballtransfers_etv_validated,True,False,15854340.0,1,False,True,52952532.9336,4813866.630327273,884024.3112,12812740.0,14.493651178673604,4,0,2,True,Runner-up
Australia,Group D,Harry SOUTTAR,Defender,Defender,Leicester,292,3,3,3800000.0,EUR,3800000.0,4334280.0,2026-06-01,https://www.footballtransfers.com/en/players/harry-souttar,1.1406,2026-06-29,European Central Bank euro foreign exchange reference rates,FootballTransfers,https://www.footballtransfers.com/en/players/harry-souttar,footballtransfers_etv_validated,True,False,4334280.0,4,False,False,52952532.9336,4813866.630327273,884024.3112,12812740.0,14.493651178673604,4,0,2,True,Runner-up
Australia,Group D,Patrick BEACH,Goalkeeper,Goalkeeper,Melbourne City,292,3,4,1300000.0,EUR,1300000.0,1482780.0,2026-06-01,https://www.footballtransfers.com/en/players/patrick-beach-1,1.1406,2026-06-29,European Central Bank euro foreign exchange reference rates,FootballTransfers,https://www.footballtransfers.com/en/players/patrick-beach-1,footballtransfers_etv_validated,True,False,1482780.0,8,False,False,52952532.9336,4813866.630327273,884024.3112,12812740.0,14.493651178673604,4,0,2,True,Runner-up
Australia,Group D,Jordan BOS,Defender,Defender,Feyenoord,278,3,5,8700000.0,EUR,8700000.0,9923220.0,2026-06-01,https://www.footballtransfers.com/en/players/jordan-jacob-bos,1.1406,2026-06-29,European Central Bank euro foreign exchange reference rates,FootballTransfers,https://www.footballtransfers.com/en/players/jordan-jacob-bos,footballtransfers_etv_validated,True,False,9923220.0,3,False,True,52952532.9336,4813866.630327273,884024.3112,12812740.0,14.493651178673604,4,0,2,True,Runner-up
Australia,Group D,Connor METCALFE,Midfielder,Midfielder,St. Pauli,202,2,6,1200000.0,EUR,1200000.0,1368720.0,2026-06-01,https://www.footballtransfers.com/en/players/connor-metcalfe,1.1406,2026-06-29,European Central Bank euro foreign exchange reference rates,FootballTransfers,https://www.footballtransfers.com/en/players/connor-metcalfe,footballtransfers_etv_validated,True,False,1368720.0,9,True,False,52952532.9336,4813866.630327273,884024.3112,12812740.0,14.493651178673604,4,0,2,True,Runner-up
Australia,Group D,Cameron BURGESS,Defender,Defender,Swansea,187,2,7,1400000.0,EUR,1400000.0,1596840.0,2026-06-01,https://www.footballtransfers.com/en/players/cameron-burgess,1.1406,2026-06-29,European Central Bank euro foreign exchange reference rates,FootballTransfers,https://www.footballtransfers.com/en/players/cameron-burgess,footballtransfers_etv_validated,True,False,1596840.0,7,False,False,52952532.9336,4813866.630327273,884024.3112,12812740.0,14.493651178673604,4,0,2,True,Runner-up
Australia,Group D,Paul OKON-ENGSTLER,Midfielder,Midfielder,,173,2,8,800000.0,EUR,800000.0,912480.0,,https://www.footballtransfers.com/en/players/paul-okon-engstler-48,1.1406,2026-06-29,European Central Bank euro foreign exchange reference rates,FootballTransfers,https://www.footballtransfers.com/en/players/paul-okon-engstler-48,footballtransfers_etv_profile_value_date_unverified,False,True,912480.0,10,True,False,52952532.9336,4813866.630327273,884024.3112,12812740.0,14.493651178673604,4,0,2,True,Runner-up
Australia,Group D,Jacob ITALIANO,Defender,Defender,,173,2,9,325156.0,EUR,,,2026-06-01,https://www.fotmob.com/players/889093/jacob-italiano,1.1406,2026-06-29,European Central Bank euro foreign exchange reference rates,FotMob / SciSports,https://www.fotmob.com/players/889093/jacob-italiano,fotmob_scisports_market_value_latest_pre_cutoff,True,True,370872.93360000005,11,True,False,52952532.9336,4813866.630327273,884024.3112,12812740.0,14.493651178673604,4,0,2,True,Runner-up
Australia,Group D,Mohamed TOURE,Forward,Forward,Norwich,164,2,10,2100000.0,EUR,2100000.0,2395260.0,2026-06-01,https://www.footballtransfers.com/en/players/mohamed-toure-2,1.1406,2026-06-29,European Central Bank euro foreign exchange reference rates,FootballTransfers,https://www.footballtransfers.com/en/players/mohamed-toure-2,footballtransfers_etv_validated,True,False,2395260.0,5,False,False,52952532.9336,4813866.630327273,884024.3112,12812740.0,14.493651178673604,4,0,2,True,Runner-up
Australia,Group D,Nestory IRANKUNDA,Forward,Forward,Watford,154,2,11,11100000.0,EUR,11100000.0,12660660.0,2026-06-01,https://www.footballtransfers.com/en/players/nestory-irankunda,1.1406,2026-06-29,European Central Bank euro foreign exchange reference rates,FootballTransfers,https://www.footballtransfers.com/en/players/nestory-irankunda,footballtransfers_etv_validated,True,False,12660660.0,2,False,True,52952532.9336,4813866.630327273,884024.3112,12812740.0,14.493651178673604,4,0,2,True,Runner-up
Austria,Group J,Alexander SCHLAGER,Goalkeeper,Goalkeeper,RB Salzburg,298,3,1,1500000.0,EUR,1500000.0,1710900.0,2026-06-01,https://www.footballtransfers.com/en/players/alexander-schlager,1.1406,2026-06-29,European Central Bank euro foreign exchange reference rates,FootballTransfers,https://www.footballtransfers.com/en/players/alexander-schlager,footballtransfers_etv_validated,True,False,1710900.0,10,True,False,139153200.0,12650290.909090908,1634860.0,30568080.0,18.697674418604652,4,0,2,True,Runner-up
Austria,Group J,Konrad LAIMER,Midfielder,Midfielder,Bayern,298,3,2,33600000.0,EUR,33600000.0,38324160.0,2026-06-01,https://www.footballtransfers.com/en/players/konrad-laimer,1.1406,2026-06-29,European Central Bank euro foreign exchange reference rates,FootballTransfers,https://www.footballtransfers.com/en/players/konrad-laimer,footballtransfers_etv_validated,True,False,38324160.0,1,False,True,139153200.0,12650290.909090908,1634860.0,30568080.0,18.697674418604652,4,0,2,True,Runner-up
Austria,Group J,Marcel SABITZER,Midfielder,Midfielder,Dortmund,298,3,3,5000000.0,EUR,5000000.0,5703000.0,2026-06-01,https://www.footballtransfers.com/en/players/marcel-sabitzer,1.1406,2026-06-29,European Central Bank euro foreign exchange reference rates,FootballTransfers,https://www.footballtransfers.com/en/players/marcel-sabitzer,footballtransfers_etv_validated,True,False,5703000.0,8,False,False,139153200.0,12650290.909090908,1634860.0,30568080.0,18.697674418604652,4,0,2,True,Runner-up
Austria,Group J,Nicolas SEIWALD,Midfielder,Midfielder,RB Leipzig,298,3,4,22900000.0,EUR,22900000.0,26119740.0,2026-06-01,https://www.footballtransfers.com/en/players/nicolas-seiwald,1.1406,2026-06-29,European Central Bank euro foreign exchange reference rates,FootballTransfers,https://www.footballtransfers.com/en/players/nicolas-seiwald,footballtransfers_etv_validated,True,False,26119740.0,3,False,True,139153200.0,12650290.909090908,1634860.0,30568080.0,18.697674418604652,4,0,2,True,Runner-up
Austria,Group J,Stefan POSCH,Defender,Defender,Mainz 05,267,3,5,5200000.0,EUR,5200000.0,5931120.0,2026-06-01,https://www.footballtransfers.com/en/players/stefan-posch,1.1406,2026-06-29,European Central Bank euro foreign exchange reference rates,FootballTransfers,https://www.footballtransfers.com/en/players/stefan-posch,footballtransfers_etv_validated,True,False,5931120.0,7,False,False,139153200.0,12650290.909090908,1634860.0,30568080.0,18.697674418604652,4,0,2,True,Runner-up
Austria,Group J,Romano SCHMID,Midfielder,Midfielder,Bremen,251,3,6,14300000.0,EUR,14300000.0,16310580.0,2026-06-01,https://www.footballtransfers.com/en/players/romano-schmid,1.1406,2026-06-29,European Central Bank euro foreign exchange reference rates,FootballTransfers,https://www.footballtransfers.com/en/players/romano-schmid,footballtransfers_etv_validated,True,False,16310580.0,4,False,False,139153200.0,12650290.909090908,1634860.0,30568080.0,18.697674418604652,4,0,2,True,Runner-up
Austria,Group J,Xaver Schlager,Midfielder,Midfielder,RB Leipzig,247,3,7,5900000.0,EUR,5900000.0,6729540.0,2026-06-01,https://www.footballtransfers.com/en/players/xaver-schlager,1.1406,2026-06-29,European Central Bank euro foreign exchange reference rates,FootballTransfers,https://www.footballtransfers.com/en/players/xaver-schlager,footballtransfers_etv_validated,True,False,6729540.0,6,False,False,139153200.0,12650290.909090908,1634860.0,30568080.0,18.697674418604652,4,0,2,True,Runner-up
Austria,Group J,Philipp Lienhart,Defender,Defender,SC Freiburg,200,2,8,6900000.0,EUR,6900000.0,7870140.0,2026-06-01,https://www.footballtransfers.com/en/players/philipp-lienhart,1.1406,2026-06-29,European Central Bank euro foreign exchange reference rates,FootballTransfers,https://www.footballtransfers.com/en/players/philipp-lienhart,footballtransfers_etv_validated,True,False,7870140.0,5,False,False,139153200.0,12650290.909090908,1634860.0,30568080.0,18.697674418604652,4,0,2,True,Runner-up
Austria,Group J,David ALABA,Defender,Defender,Real Madrid,188,3,9,1700000.0,EUR,1700000.0,1939020.0,2026-06-01,https://www.footballtransfers.com/en/players/david-olatukunbo-alaba,1.1406,2026-06-29,European Central Bank euro foreign exchange reference rates,FootballTransfers,https://www.footballtransfers.com/en/players/david-olatukunbo-alaba,footballtransfers_etv_validated,True,False,1939020.0,9,True,False,139153200.0,12650290.909090908,1634860.0,30568080.0,18.697674418604652,4,0,2,True,Runner-up
Austria,Group J,Kevin Danso,Defender,Defender,Tottenham,177,1,10,23900000.0,EUR,23900000.0,27260340.0,2026-06-01,https://www.footballtransfers.com/en/players/kevin-danso,1.1406,2026-06-29,European Central Bank euro foreign exchange reference rates,FootballTransfers,https://www.footballtransfers.com/en/players/kevin-danso,footballtransfers_etv_validated,True,False,27260340.0,2,False,True,139153200.0,12650290.909090908,1634860.0,30568080.0,18.697674418604652,4,0,2,True,Runner-up
Austria,Group J,Phillip MWENE,Defender,Defender,,149,2,11,1100000.0,EUR,1100000.0,1254660.0,,https://www.footballtransfers.com/en/players/philipp-mwene,1.1406,2026-06-29,European Central Bank euro foreign exchange reference rates,FootballTransfers,https://www.footballtransfers.com/en/players/philipp-mwene,manual_fallback_footballtransfers_search_cache_date_unverified,False,True,1254660.0,11,True,False,139153200.0,12650290.909090908,1634860.0,30568080.0,18.697674418604652,4,0,2,True,Runner-up
Belgium,Group G,Brandon MECHELE,Defender,Defender,Brugge,288,3,1,2200000.0,EUR,2200000.0,2509320.0,2026-06-01,https://www.footballtransfers.com/en/players/brandon-mechele,1.1406,2026-06-29,European Central Bank euro foreign exchange reference rates,FootballTransfers,https://www.footballtransfers.com/en/players/brandon-mechele,footballtransfers_etv_validated,True,False,2509320.0,10,True,False,204851760.0,18622887.272727273,3117640.0,41099620.0,13.182926829268293,5,4,1,True,Group winner
Belgium,Group G,Thibaut COURTOIS,Goalkeeper,Goalkeeper,Real Madrid,288,3,2,11500000.0,EUR,11500000.0,13116900.0,2026-06-01,https://www.footballtransfers.com/en/players/thibaut-courtois,1.1406,2026-06-29,European Central Bank euro foreign exchange reference rates,FootballTransfers,https://www.footballtransfers.com/en/players/thibaut-courtois,footballtransfers_etv_validated,True,False,13116900.0,6,False,False,204851760.0,18622887.272727273,3117640.0,41099620.0,13.182926829268293,5,4,1,True,Group winner
Belgium,Group G,Youri TIELEMANS,Midfielder,Midfielder,A. Villa,277,3,3,39100000.0,EUR,39100000.0,44597460.0,2026-06-01,https://www.footballtransfers.com/en/players/youri-tielemans,1.1406,2026-06-29,European Central Bank euro foreign exchange reference rates,FootballTransfers,https://www.footballtransfers.com/en/players/youri-tielemans,footballtransfers_etv_validated,True,False,44597460.0,2,False,True,204851760.0,18622887.272727273,3117640.0,41099620.0,13.182926829268293,5,4,1,True,Group winner
Belgium,Group G,Leandro TROSSARD,Forward,Forward,Arsenal,264,3,4,17000000.0,EUR,17000000.0,19390200.0,2026-06-01,https://www.footballtransfers.com/en/players/leandro-trossard,1.1406,2026-06-29,European Central Bank euro foreign exchange reference rates,FootballTransfers,https://www.footballtransfers.com/en/players/leandro-trossard,footballtransfers_etv_validated,True,False,19390200.0,4,False,False,204851760.0,18622887.272727273,3117640.0,41099620.0,13.182926829268293,5,4,1,True,Group winner
Belgium,Group G,Kevin DE BRUYNE,Midfielder,Midfielder,Napoli,244,3,5,11300000.0,EUR,11300000.0,12888780.0,2026-06-01,https://www.footballtransfers.com/en/players/kevin-de-bruyne,1.1406,2026-06-29,European Central Bank euro foreign exchange reference rates,FootballTransfers,https://www.footballtransfers.com/en/players/kevin-de-bruyne,footballtransfers_etv_validated,True,False,12888780.0,8,False,False,204851760.0,18622887.272727273,3117640.0,41099620.0,13.182926829268293,5,4,1,True,Group winner
Belgium,Group G,Maxim DE CUYPER,Defender,Defender,Brighton,232,2,6,25000000.0,EUR,25000000.0,28515000.0,2026-06-01,https://www.footballtransfers.com/en/players/maxim-de-cuyper,1.1406,2026-06-29,European Central Bank euro foreign exchange reference rates,FootballTransfers,https://www.footballtransfers.com/en/players/maxim-de-cuyper,footballtransfers_etv_validated,True,False,28515000.0,3,False,True,204851760.0,18622887.272727273,3117640.0,41099620.0,13.182926829268293,5,4,1,True,Group winner
Belgium,Group G,Nathan NGOY,Defender,Defender,Lille,192,2,7,12000000.0,EUR,12000000.0,13687200.0,2026-06-01,https://www.footballtransfers.com/en/players/nathan-ngoy,1.1406,2026-06-29,European Central Bank euro foreign exchange reference rates,FootballTransfers,https://www.footballtransfers.com/en/players/nathan-ngoy,footballtransfers_etv_validated,True,False,13687200.0,5,False,False,204851760.0,18622887.272727273,3117640.0,41099620.0,13.182926829268293,5,4,1,True,Group winner
Belgium,Group G,Timothy CASTAGNE,Defender,Defender,Fulham,190,2,8,11500000.0,EUR,11500000.0,13116900.0,2026-06-01,https://www.footballtransfers.com/en/players/timothy-castagne,1.1406,2026-06-29,European Central Bank euro foreign exchange reference rates,FootballTransfers,https://www.footballtransfers.com/en/players/timothy-castagne,footballtransfers_etv_validated,True,False,13116900.0,7,False,False,204851760.0,18622887.272727273,3117640.0,41099620.0,13.182926829268293,5,4,1,True,Group winner
Belgium,Group G,Thomas MEUNIER,Defender,Defender,Lille,154,2,9,1300000.0,EUR,1300000.0,1482780.0,2026-06-01,https://www.footballtransfers.com/en/players/thomas-meunier,1.1406,2026-06-29,European Central Bank euro foreign exchange reference rates,FootballTransfers,https://www.footballtransfers.com/en/players/thomas-meunier,footballtransfers_etv_validated,True,False,1482780.0,11,True,False,204851760.0,18622887.272727273,3117640.0,41099620.0,13.182926829268293,5,4,1,True,Group winner
Belgium,Group G,Charles DE KETELAERE,Forward,Forward,Atalanta,151,2,10,44000000.0,EUR,44000000.0,50186400.0,2026-06-01,https://www.footballtransfers.com/en/players/charles-de-ketelaere,1.1406,2026-06-29,European Central Bank euro foreign exchange reference rates,FootballTransfers,https://www.footballtransfers.com/en/players/charles-de-ketelaere,footballtransfers_etv_validated,True,False,50186400.0,1,False,True,204851760.0,18622887.272727273,3117640.0,41099620.0,13.182926829268293,5,4,1,True,Group winner
Belgium,Group G,Hans VANAKEN,Midfielder,Midfielder,Brugge,145,1,11,4700000.0,EUR,4700000.0,5360820.0,2026-06-01,https://www.footballtransfers.com/en/players/hans-vanaken,1.1406,2026-06-29,European Central Bank euro foreign exchange reference rates,FootballTransfers,https://www.footballtransfers.com/en/players/hans-vanaken,footballtransfers_etv_validated,True,False,5360820.0,9,True,False,204851760.0,18622887.272727273,3117640.0,41099620.0,13.182926829268293,5,4,1,True,Group winner
Bosnia and Herzegovina,Group B,Nikola VASILJ,Goalkeeper,Goalkeeper,St. Pauli,292,3,1,2400000.0,EUR,2400000.0,2737440.0,2026-06-01,https://www.footballtransfers.com/en/players/nikola-vasilj,1.1406,2026-06-29,European Central Bank euro foreign exchange reference rates,FootballTransfers,https://www.footballtransfers.com/en/players/nikola-vasilj,footballtransfers_etv_validated,True,False,2737440.0,8,False,False,99232200.0,9021109.090909092,1064560.0,21595360.0,20.285714285714285,4,-1,3,True,Best third-place qualifier
Bosnia and Herzegovina,Group B,Ermedin DEMIROVIC,Forward,Forward,Stuttgart,279,3,2,21900000.0,EUR,21900000.0,24979140.0,2026-06-01,https://www.footballtransfers.com/en/players/ermedin-demirovic,1.1406,2026-06-29,European Central Bank euro foreign exchange reference rates,FootballTransfers,https://www.footballtransfers.com/en/players/ermedin-demirovic,footballtransfers_etv_validated,True,False,24979140.0,1,False,True,99232200.0,9021109.090909092,1064560.0,21595360.0,20.285714285714285,4,-1,3,True,Best third-place qualifier
Bosnia and Herzegovina,Group B,Sead KOLASINAC,Defender,Defender,Atalanta,278,3,3,2600000.0,EUR,2600000.0,2965560.0,2026-06-01,https://www.footballtransfers.com/en/players/sead-kolasinac,1.1406,2026-06-29,European Central Bank euro foreign exchange reference rates,FootballTransfers,https://www.footballtransfers.com/en/players/sead-kolasinac,footballtransfers_etv_validated,True,False,2965560.0,6,False,False,99232200.0,9021109.090909092,1064560.0,21595360.0,20.285714285714285,4,-1,3,True,Best third-place qualifier
Bosnia and Herzegovina,Group B,Nikola KATIC,Defender,Defender,Schalke,258,3,4,1200000.0,EUR,1200000.0,1368720.0,2026-06-01,https://www.footballtransfers.com/en/players/nikola-katic,1.1406,2026-06-29,European Central Bank euro foreign exchange reference rates,FootballTransfers,https://www.footballtransfers.com/en/players/nikola-katic,footballtransfers_etv_validated,True,False,1368720.0,9,True,False,99232200.0,9021109.090909092,1064560.0,21595360.0,20.285714285714285,4,-1,3,True,Best third-place qualifier
Bosnia and Herzegovina,Group B,Esmir BAJRAKTAREVIC,Forward,Forward,PSV,206,2,5,6500000.0,EUR,6500000.0,7413900.0,2026-06-01,https://www.footballtransfers.com/en/players/esmir-bajraktarevic,1.1406,2026-06-29,European Central Bank euro foreign exchange reference rates,FootballTransfers,https://www.footballtransfers.com/en/players/esmir-bajraktarevic,footballtransfers_etv_validated,True,False,7413900.0,5,False,False,99232200.0,9021109.090909092,1064560.0,21595360.0,20.285714285714285,4,-1,3,True,Best third-place qualifier
Bosnia and Herzegovina,Group B,Ivan SUNJIC,Midfielder,Midfielder,Pafos,198,2,6,800000.0,EUR,800000.0,912480.0,2026-06-01,https://www.footballtransfers.com/en/players/ivan-sunjic,1.1406,2026-06-29,European Central Bank euro foreign exchange reference rates,FootballTransfers,https://www.footballtransfers.com/en/players/ivan-sunjic,footballtransfers_etv_validated,True,False,912480.0,10,True,False,99232200.0,9021109.090909092,1064560.0,21595360.0,20.285714285714285,4,-1,3,True,Best third-place qualifier
Bosnia and Herzegovina,Group B,Kerim ALAJBEGOVIC,Forward,Forward,RB Salzburg,195,2,7,13400000.0,EUR,13400000.0,15284040.0,2026-06-01,https://www.footballtransfers.com/en/players/kerim-alajbegovic,1.1406,2026-06-29,European Central Bank euro foreign exchange reference rates,FootballTransfers,https://www.footballtransfers.com/en/players/kerim-alajbegovic,footballtransfers_etv_validated,True,False,15284040.0,4,False,False,99232200.0,9021109.090909092,1064560.0,21595360.0,20.285714285714285,4,-1,3,True,Best third-place qualifier
Bosnia and Herzegovina,Group B,Amar DEDIC,Defender,Defender,Benfica,195,2,8,18700000.0,EUR,18700000.0,21329220.0,2026-06-01,https://www.footballtransfers.com/en/players/amar-dedic,1.1406,2026-06-29,European Central Bank euro foreign exchange reference rates,FootballTransfers,https://www.footballtransfers.com/en/players/amar-dedic,footballtransfers_etv_validated,True,False,21329220.0,2,False,True,99232200.0,9021109.090909092,1064560.0,21595360.0,20.285714285714285,4,-1,3,True,Best third-place qualifier
Bosnia and Herzegovina,Group B,Tarik MUHAREMOVIC,Defender,Defender,Sassuolo,195,2,9,16200000.0,EUR,16200000.0,18477720.0,2026-06-01,https://www.footballtransfers.com/en/players/tarik-muharemovic,1.1406,2026-06-29,European Central Bank euro foreign exchange reference rates,FootballTransfers,https://www.footballtransfers.com/en/players/tarik-muharemovic,footballtransfers_etv_validated,True,False,18477720.0,3,False,True,99232200.0,9021109.090909092,1064560.0,21595360.0,20.285714285714285,4,-1,3,True,Best third-place qualifier
Bosnia and Herzegovina,Group B,Ivan BASIC,Midfielder,Midfielder,Astana,193,2,10,800000.0,EUR,800000.0,912480.0,2026-06-01,https://www.footballtransfers.com/en/players/ivan-basic,1.1406,2026-06-29,European Central Bank euro foreign exchange reference rates,FootballTransfers,https://www.footballtransfers.com/en/players/ivan-basic,footballtransfers_etv_validated,True,False,912480.0,11,True,False,99232200.0,9021109.090909092,1064560.0,21595360.0,20.285714285714285,4,-1,3,True,Best third-place qualifier
Bosnia and Herzegovina,Group B,Amar MEMIC,Midfielder,Midfielder,V. Plzen,179,2,11,2500000.0,EUR,2500000.0,2851500.0,2026-06-01,https://www.footballtransfers.com/en/players/amar-memic,1.1406,2026-06-29,European Central Bank euro foreign exchange reference rates,FootballTransfers,https://www.footballtransfers.com/en/players/amar-memic,footballtransfers_etv_validated,True,False,2851500.0,7,False,False,99232200.0,9021109.090909092,1064560.0,21595360.0,20.285714285714285,4,-1,3,True,Best third-place qualifier
Brazil,Group C,ALISSON,Goalkeeper,Goalkeeper,Liverpool,294,3,1,13500000.0,EUR,13500000.0,15398100.0,2026-06-01,https://www.footballtransfers.com/en/players/alisson-4,1.1406,2026-06-29,European Central Bank euro foreign exchange reference rates,FootballTransfers,https://www.footballtransfers.com/en/players/alisson-4,footballtransfers_etv_validated,True,False,15398100.0,8,False,False,567334440.0,51575858.18181818,5132700.0,95886440.0,18.68148148148148,7,6,1,True,Group winner
Brazil,Group C,GABRIEL MAGALHAES,Defender,Defender,Arsenal,294,3,2,79600000.0,EUR,79600000.0,90791760.0,2026-06-02,https://www.footballtransfers.com/en/players/gabriel-magalhaes,1.1406,2026-06-29,European Central Bank euro foreign exchange reference rates,FootballTransfers,https://www.footballtransfers.com/en/players/gabriel-magalhaes,footballtransfers_etv_validated,True,False,90791760.0,2,False,True,567334440.0,51575858.18181818,5132700.0,95886440.0,18.68148148148148,7,6,1,True,Group winner
Brazil,Group C,MARQUINHOS,Defender,Defender,PSG,294,3,3,28300000.0,EUR,28300000.0,32278980.0,2026-06-01,https://www.footballtransfers.com/en/players/marquinhos,1.1406,2026-06-29,European Central Bank euro foreign exchange reference rates,FootballTransfers,https://www.footballtransfers.com/en/players/marquinhos,footballtransfers_etv_validated,True,False,32278980.0,7,False,False,567334440.0,51575858.18181818,5132700.0,95886440.0,18.68148148148148,7,6,1,True,Group winner
Brazil,Group C,DOUGLAS SANTOS,Defender,Defender,Zenit,279,3,4,5500000.0,EUR,5500000.0,6273300.0,2026-06-01,https://www.footballtransfers.com/en/players/douglas-santos-1,1.1406,2026-06-29,European Central Bank euro foreign exchange reference rates,FootballTransfers,https://www.footballtransfers.com/en/players/douglas-santos-1,footballtransfers_etv_validated,True,False,6273300.0,10,True,False,567334440.0,51575858.18181818,5132700.0,95886440.0,18.68148148148148,7,6,1,True,Group winner
Brazil,Group C,VINICIUS JUNIOR,Forward,Forward,Real Madrid,279,3,5,100500000.0,EUR,100500000.0,114630300.0,2026-06-01,https://www.footballtransfers.com/en/players/vinicius-junior,1.1406,2026-06-29,European Central Bank euro foreign exchange reference rates,FootballTransfers,https://www.footballtransfers.com/en/players/vinicius-junior,footballtransfers_etv_validated,True,False,114630300.0,1,False,True,567334440.0,51575858.18181818,5132700.0,95886440.0,18.68148148148148,7,6,1,True,Group winner
Brazil,Group C,BRUNO GUIMARAES,Midfielder,Midfielder,Newcastle,258,3,6,70100000.0,EUR,70100000.0,79956060.0,2026-06-01,https://www.footballtransfers.com/en/players/bruno-guimaraes-bruno-guimaraes,1.1406,2026-06-29,European Central Bank euro foreign exchange reference rates,FootballTransfers,https://www.footballtransfers.com/en/players/bruno-guimaraes-bruno-guimaraes,footballtransfers_etv_validated,True,False,79956060.0,4,False,False,567334440.0,51575858.18181818,5132700.0,95886440.0,18.68148148148148,7,6,1,True,Group winner
Brazil,Group C,CASEMIRO,Midfielder,Midfielder,Man Utd,252,3,7,6400000.0,EUR,6400000.0,7299840.0,2026-06-01,https://www.footballtransfers.com/en/players/casemiro,1.1406,2026-06-29,European Central Bank euro foreign exchange reference rates,FootballTransfers,https://www.footballtransfers.com/en/players/casemiro,footballtransfers_etv_validated,True,False,7299840.0,9,True,False,567334440.0,51575858.18181818,5132700.0,95886440.0,18.68148148148148,7,6,1,True,Group winner
Brazil,Group C,DANILO,Defender,Defender,Flamengo,204,2,8,1600000.0,EUR,1600000.0,1824960.0,2026-06-01,https://www.footballtransfers.com/en/players/danilo,1.1406,2026-06-29,European Central Bank euro foreign exchange reference rates,FootballTransfers,https://www.footballtransfers.com/en/players/danilo,footballtransfers_etv_validated,True,False,1824960.0,11,True,False,567334440.0,51575858.18181818,5132700.0,95886440.0,18.68148148148148,7,6,1,True,Group winner
Brazil,Group C,LUCAS PAQUETA,Midfielder,Midfielder,Flamengo,191,3,9,50200000.0,EUR,50200000.0,57258120.0,2026-06-01,https://www.footballtransfers.com/en/players/lucas-paqueta,1.1406,2026-06-29,European Central Bank euro foreign exchange reference rates,FootballTransfers,https://www.footballtransfers.com/en/players/lucas-paqueta,footballtransfers_etv_validated,True,False,57258120.0,6,False,False,567334440.0,51575858.18181818,5132700.0,95886440.0,18.68148148148148,7,6,1,True,Group winner
Brazil,Group C,MATHEUS CUNHA,Forward,Forward,Man Utd,180,2,10,72100000.0,EUR,72100000.0,82237260.0,2026-06-01,https://www.footballtransfers.com/en/players/matheus-santos-carneiro-da-cunha,1.1406,2026-06-29,European Central Bank euro foreign exchange reference rates,FootballTransfers,https://www.footballtransfers.com/en/players/matheus-santos-carneiro-da-cunha,footballtransfers_etv_validated,True,False,82237260.0,3,False,True,567334440.0,51575858.18181818,5132700.0,95886440.0,18.68148148148148,7,6,1,True,Group winner
Brazil,Group C,RAPHINHA,Forward,Forward,Barcelona,141,2,11,69600000.0,EUR,69600000.0,79385760.0,2026-06-01,https://www.footballtransfers.com/en/players/raphinha,1.1406,2026-06-29,European Central Bank euro foreign exchange reference rates,FootballTransfers,https://www.footballtransfers.com/en/players/raphinha,footballtransfers_etv_validated,True,False,79385760.0,5,False,False,567334440.0,51575858.18181818,5132700.0,95886440.0,18.68148148148148,7,6,1,True,Group winner
Cabo Verde,Group H,DINEY BORGES,Defender,Defender,Al Bataeh,291,3,1,700000.0,EUR,700000.0,798420.0,2026-06-01,https://www.footballtransfers.com/en/players/edilson-alberty-borges,1.1406,2026-06-29,European Central Bank euro foreign exchange reference rates,FootballTransfers,https://www.footballtransfers.com/en/players/edilson-alberty-borges,footballtransfers_etv_validated,True,False,798420.0,6,False,False,10992921.444600001,999356.4949636365,197062.60259999998,1984464.5456,10.070223976631882,3,0,2,True,Runner-up
Cabo Verde,Group H,PICO LOPES,Defender,Defender,,291,3,2,250000.0,EUR,,,2026-06-05,https://www.transfermarkt.com/schnellsuche/ergebnis/schnellsuche?query=Roberto+Lopes,1.1406,2026-06-29,European Central Bank euro foreign exchange reference rates,Transfermarkt,https://www.transfermarkt.com/schnellsuche/ergebnis/schnellsuche?query=Roberto+Lopes,manual indexed market value,True,True,285150.0,9,True,False,10992921.444600001,999356.4949636365,197062.60259999998,1984464.5456,10.070223976631882,3,0,2,True,Runner-up
Cabo Verde,Group H,VOZINHA,Goalkeeper,Goalkeeper,,291,3,3,149794.0,EUR,,,2026-06-01,https://www.fotmob.com/players/422149/vozinha,1.1406,2026-06-29,European Central Bank euro foreign exchange reference rates,FotMob / SciSports,https://www.fotmob.com/players/422149/vozinha,fotmob_scisports_market_value_latest_pre_cutoff,True,True,170855.0364,10,True,False,10992921.444600001,999356.4949636365,197062.60259999998,1984464.5456,10.070223976631882,3,0,2,True,Runner-up
Cabo Verde,Group H,RYAN MENDES,Forward,Forward,,266,3,4,118519.0,EUR,,,2026-06-01,https://www.fotmob.com/players/172615/ryan-mendes,1.1406,2026-06-29,European Central Bank euro foreign exchange reference rates,FotMob / SciSports,https://www.fotmob.com/players/172615/ryan-mendes,fotmob_scisports_market_value_latest_pre_cutoff,True,True,135182.7714,11,True,False,10992921.444600001,999356.4949636365,197062.60259999998,1984464.5456,10.070223976631882,3,0,2,True,Runner-up
Cabo Verde,Group H,KEVIN PINA,Midfielder,Midfielder,,262,3,5,2519528.0,EUR,,,2026-06-01,https://www.fotmob.com/players/890503/kevin-pina,1.1406,2026-06-29,European Central Bank euro foreign exchange reference rates,FotMob / SciSports,https://www.fotmob.com/players/890503/kevin-pina,fotmob_scisports_market_value_latest_pre_cutoff,True,True,2873773.6368,1,False,True,10992921.444600001,999356.4949636365,197062.60259999998,1984464.5456,10.070223976631882,3,0,2,True,Runner-up
Cabo Verde,Group H,JAMIRO MONTEIRO,Midfielder,Midfielder,PEC Zwolle,230,3,6,400000.0,EUR,400000.0,456240.0,2026-06-01,https://www.footballtransfers.com/en/players/jamiro-gregori-monteiro-alvarenga,1.1406,2026-06-29,European Central Bank euro foreign exchange reference rates,FootballTransfers,https://www.footballtransfers.com/en/players/jamiro-gregori-monteiro-alvarenga,footballtransfers_etv_validated,True,False,456240.0,8,False,False,10992921.444600001,999356.4949636365,197062.60259999998,1984464.5456,10.070223976631882,3,0,2,True,Runner-up
Cabo Verde,Group H,STEVEN MOREIRA,Defender,Defender,Columbus,201,2,7,700000.0,EUR,700000.0,798420.0,2026-06-01,https://www.footballtransfers.com/en/players/steven-moreira,1.1406,2026-06-29,European Central Bank euro foreign exchange reference rates,FootballTransfers,https://www.footballtransfers.com/en/players/steven-moreira,footballtransfers_etv_validated,True,False,798420.0,7,False,False,10992921.444600001,999356.4949636365,197062.60259999998,1984464.5456,10.070223976631882,3,0,2,True,Runner-up
Cabo Verde,Group H,SIDNY LOPES CABRAL,Defender,Defender,Benfica,175,2,8,1300000.0,EUR,1300000.0,1482780.0,2026-06-01,https://www.footballtransfers.com/en/players/sidny-lopes-cabral,1.1406,2026-06-29,European Central Bank euro foreign exchange reference rates,FootballTransfers,https://www.footballtransfers.com/en/players/sidny-lopes-cabral,footballtransfers_etv_validated,True,False,1482780.0,3,False,True,10992921.444600001,999356.4949636365,197062.60259999998,1984464.5456,10.070223976631882,3,0,2,True,Runner-up
Cabo Verde,Group H,DEROY DUARTE,Midfielder,Midfielder,Ludogorets,140,1,9,1100000.0,EUR,1100000.0,1254660.0,2026-06-01,https://www.footballtransfers.com/en/players/deroy-duarte,1.1406,2026-06-29,European Central Bank euro foreign exchange reference rates,FootballTransfers,https://www.footballtransfers.com/en/players/deroy-duarte,footballtransfers_etv_validated,True,False,1254660.0,4,False,False,10992921.444600001,999356.4949636365,197062.60259999998,1984464.5456,10.070223976631882,3,0,2,True,Runner-up
Cabo Verde,Group H,DAILON LIVRAMENTO,Forward,Forward,Casa,122,2,10,1000000.0,EUR,1000000.0,1140600.0,2026-06-01,https://www.footballtransfers.com/en/players/dailon-rocha-livramento-do-rosario,1.1406,2026-06-29,European Central Bank euro foreign exchange reference rates,FootballTransfers,https://www.footballtransfers.com/en/players/dailon-rocha-livramento-do-rosario,footballtransfers_etv_validated,True,False,1140600.0,5,False,False,10992921.444600001,999356.4949636365,197062.60259999998,1984464.5456,10.070223976631882,3,0,2,True,Runner-up
Cabo Verde,Group H,JOAO PAULO,Midfielder,Midfielder,Bahia,116,1,11,1400000.0,EUR,1400000.0,1596840.0,2026-06-01,https://www.footballtransfers.com/en/players/joao-paulo-18,1.1406,2026-06-29,European Central Bank euro foreign exchange reference rates,FootballTransfers,https://www.footballtransfers.com/en/players/joao-paulo-18,footballtransfers_etv_validated,True,False,1596840.0,2,False,True,10992921.444600001,999356.4949636365,197062.60259999998,1984464.5456,10.070223976631882,3,0,2,True,Runner-up
Canada,Group B,Alistair JOHNSTON,Defender,Defender,Celtic,294,3,1,8300000.0,EUR,8300000.0,9466980.0,2026-06-01,https://www.footballtransfers.com/en/players/alistair-johnston-1,1.1406,2026-06-29,European Central Bank euro foreign exchange reference rates,FootballTransfers,https://www.footballtransfers.com/en/players/alistair-johnston-1,footballtransfers_etv_validated,True,False,9466980.0,4,False,False,105163320.0,9560301.818181818,1216640.0,25967660.0,21.34375,4,5,2,True,Runner-up
Canada,Group B,Maxime CREPEAU,Goalkeeper,Goalkeeper,Orlando,294,3,2,1000000.0,EUR,1000000.0,1140600.0,2026-06-01,https://www.footballtransfers.com/en/players/maxime-crepeau,1.1406,2026-06-29,European Central Bank euro foreign exchange reference rates,FootballTransfers,https://www.footballtransfers.com/en/players/maxime-crepeau,footballtransfers_etv_validated,True,False,1140600.0,10,True,False,105163320.0,9560301.818181818,1216640.0,25967660.0,21.34375,4,5,2,True,Runner-up
Canada,Group B,Derek CORNELIUS,Defender,Defender,Marseille,284,3,3,2900000.0,EUR,2900000.0,3307740.0,2026-06-01,https://www.footballtransfers.com/en/players/derek-cornelius,1.1406,2026-06-29,European Central Bank euro foreign exchange reference rates,FootballTransfers,https://www.footballtransfers.com/en/players/derek-cornelius,footballtransfers_etv_validated,True,False,3307740.0,6,False,False,105163320.0,9560301.818181818,1216640.0,25967660.0,21.34375,4,5,2,True,Runner-up
Canada,Group B,Richie LARYEA,Defender,Defender,Toronto,280,3,4,500000.0,EUR,500000.0,570300.0,2026-06-01,https://www.footballtransfers.com/en/players/richie-laryea,1.1406,2026-06-29,European Central Bank euro foreign exchange reference rates,FootballTransfers,https://www.footballtransfers.com/en/players/richie-laryea,footballtransfers_etv_validated,True,False,570300.0,11,True,False,105163320.0,9560301.818181818,1216640.0,25967660.0,21.34375,4,5,2,True,Runner-up
Canada,Group B,Luc DE FOUGEROLLES,Defender,Defender,Dender,265,3,5,1700000.0,EUR,1700000.0,1939020.0,2026-06-01,https://www.footballtransfers.com/en/players/luc-de-fougerolles,1.1406,2026-06-29,European Central Bank euro foreign exchange reference rates,FootballTransfers,https://www.footballtransfers.com/en/players/luc-de-fougerolles,footballtransfers_etv_validated,True,False,1939020.0,9,True,False,105163320.0,9560301.818181818,1216640.0,25967660.0,21.34375,4,5,2,True,Runner-up
Canada,Group B,Jonathan DAVID,Forward,Forward,Juventus,258,3,6,36500000.0,EUR,36500000.0,41631900.0,2026-06-01,https://www.footballtransfers.com/en/players/jonathan-christian-david,1.1406,2026-06-29,European Central Bank euro foreign exchange reference rates,FootballTransfers,https://www.footballtransfers.com/en/players/jonathan-christian-david,footballtransfers_etv_validated,True,False,41631900.0,1,False,True,105163320.0,9560301.818181818,1216640.0,25967660.0,21.34375,4,5,2,True,Runner-up
Canada,Group B,Stephen EUSTAQUIO,Midfielder,Midfielder,LAFC,229,2,7,5400000.0,EUR,5400000.0,6159240.0,2026-06-01,https://www.footballtransfers.com/en/players/stephen-antunes-eustaquio,1.1406,2026-06-29,European Central Bank euro foreign exchange reference rates,FootballTransfers,https://www.footballtransfers.com/en/players/stephen-antunes-eustaquio,footballtransfers_etv_validated,True,False,6159240.0,5,False,False,105163320.0,9560301.818181818,1216640.0,25967660.0,21.34375,4,5,2,True,Runner-up
Canada,Group B,Tajon BUCHANAN,Forward,Forward,Villarreal,218,3,8,12800000.0,EUR,12800000.0,14599680.0,2026-06-01,https://www.footballtransfers.com/en/players/tajon-buchanan,1.1406,2026-06-29,European Central Bank euro foreign exchange reference rates,FootballTransfers,https://www.footballtransfers.com/en/players/tajon-buchanan,footballtransfers_etv_validated,True,False,14599680.0,3,False,True,105163320.0,9560301.818181818,1216640.0,25967660.0,21.34375,4,5,2,True,Runner-up
Canada,Group B,Cyle LARIN,Forward,Forward,So'ton,179,2,9,2100000.0,EUR,2100000.0,2395260.0,2026-06-01,https://www.footballtransfers.com/en/players/cyle-larin,1.1406,2026-06-29,European Central Bank euro foreign exchange reference rates,FootballTransfers,https://www.footballtransfers.com/en/players/cyle-larin,footballtransfers_etv_validated,True,False,2395260.0,7,False,False,105163320.0,9560301.818181818,1216640.0,25967660.0,21.34375,4,5,2,True,Runner-up
Canada,Group B,Ali AHMED,Forward,Forward,Norwich,165,2,10,2000000.0,EUR,2000000.0,2281200.0,2026-06-01,https://www.footballtransfers.com/en/players/ali-ahmed-10,1.1406,2026-06-29,European Central Bank euro foreign exchange reference rates,FootballTransfers,https://www.footballtransfers.com/en/players/ali-ahmed-10,footballtransfers_etv_validated,True,False,2281200.0,8,False,False,105163320.0,9560301.818181818,1216640.0,25967660.0,21.34375,4,5,2,True,Runner-up
Canada,Group B,Ismael KONE,Midfielder,Midfielder,Sassuolo,153,2,11,19000000.0,EUR,19000000.0,21671400.0,2026-06-01,https://www.footballtransfers.com/en/players/ismael-kone,1.1406,2026-06-29,European Central Bank euro foreign exchange reference rates,FootballTransfers,https://www.footballtransfers.com/en/players/ismael-kone,footballtransfers_etv_validated,True,False,21671400.0,2,False,True,105163320.0,9560301.818181818,1216640.0,25967660.0,21.34375,4,5,2,True,Runner-up
Colombia,Group K,Camilo VARGAS,Goalkeeper,Goalkeeper,Atlas,294,3,1,600000.0,EUR,600000.0,684360.0,2026-06-01,https://www.footballtransfers.com/en/players/camilo-vargas,1.1406,2026-06-29,European Central Bank euro foreign exchange reference rates,FootballTransfers,https://www.footballtransfers.com/en/players/camilo-vargas,footballtransfers_etv_validated,True,False,684360.0,11,True,False,243289980.0,22117270.90909091,1178620.0,55813360.0,47.354838709677416,7,3,1,True,Group winner
Colombia,Group K,Davinson SANCHEZ,Defender,Defender,Galatasaray,294,3,2,16900000.0,EUR,16900000.0,19276140.0,2026-06-01,https://www.footballtransfers.com/en/players/davinson-sanchez,1.1406,2026-06-29,European Central Bank euro foreign exchange reference rates,FootballTransfers,https://www.footballtransfers.com/en/players/davinson-sanchez,footballtransfers_etv_validated,True,False,19276140.0,5,False,False,243289980.0,22117270.90909091,1178620.0,55813360.0,47.354838709677416,7,3,1,True,Group winner
Colombia,Group K,Jhon LUCUMI,Defender,Defender,Bologna,294,3,3,19400000.0,EUR,19400000.0,22127640.0,2026-06-01,https://www.footballtransfers.com/en/players/jhon-janer-lucumi-bonilla,1.1406,2026-06-29,European Central Bank euro foreign exchange reference rates,FootballTransfers,https://www.footballtransfers.com/en/players/jhon-janer-lucumi-bonilla,footballtransfers_etv_validated,True,False,22127640.0,4,False,False,243289980.0,22117270.90909091,1178620.0,55813360.0,47.354838709677416,7,3,1,True,Group winner
Colombia,Group K,Luis DIAZ,Forward,Forward,Bayern,283,3,4,89200000.0,EUR,89200000.0,101741520.0,2026-06-01,https://www.footballtransfers.com/en/players/luis-fernando-diaz-marulanda,1.1406,2026-06-29,European Central Bank euro foreign exchange reference rates,FootballTransfers,https://www.footballtransfers.com/en/players/luis-fernando-diaz-marulanda,footballtransfers_etv_validated,True,False,101741520.0,1,False,True,243289980.0,22117270.90909091,1178620.0,55813360.0,47.354838709677416,7,3,1,True,Group winner
Colombia,Group K,Gustavo PUERTA,Defender,Defender,Racing,273,3,5,5900000.0,EUR,5900000.0,6729540.0,2026-06-01,https://www.footballtransfers.com/en/players/gustado-aldolfo-puerta-molano,1.1406,2026-06-29,European Central Bank euro foreign exchange reference rates,FootballTransfers,https://www.footballtransfers.com/en/players/gustado-aldolfo-puerta-molano,footballtransfers_etv_validated,True,False,6729540.0,7,False,False,243289980.0,22117270.90909091,1178620.0,55813360.0,47.354838709677416,7,3,1,True,Group winner
Colombia,Group K,Jefferson LERMA,Midfielder,Midfielder,C. Palace,258,3,6,5300000.0,EUR,5300000.0,6045180.0,2026-06-01,https://www.footballtransfers.com/en/players/jefferson-lerma,1.1406,2026-06-29,European Central Bank euro foreign exchange reference rates,FootballTransfers,https://www.footballtransfers.com/en/players/jefferson-lerma,footballtransfers_etv_validated,True,False,6045180.0,8,False,False,243289980.0,22117270.90909091,1178620.0,55813360.0,47.354838709677416,7,3,1,True,Group winner
Colombia,Group K,Jhon ARIAS,Midfielder,Midfielder,Palmeiras,243,3,7,15900000.0,EUR,15900000.0,18135540.0,2026-06-01,https://www.footballtransfers.com/en/players/jhon-adolfo-arias-andrade,1.1406,2026-06-29,European Central Bank euro foreign exchange reference rates,FootballTransfers,https://www.footballtransfers.com/en/players/jhon-adolfo-arias-andrade,footballtransfers_etv_validated,True,False,18135540.0,6,False,False,243289980.0,22117270.90909091,1178620.0,55813360.0,47.354838709677416,7,3,1,True,Group winner
Colombia,Group K,Daniel MUNOZ,Defender,Defender,C. Palace,207,2,8,30000000.0,EUR,30000000.0,34218000.0,2026-06-01,https://www.footballtransfers.com/en/players/daniel-munoz-mejia,1.1406,2026-06-29,European Central Bank euro foreign exchange reference rates,FootballTransfers,https://www.footballtransfers.com/en/players/daniel-munoz-mejia,footballtransfers_etv_validated,True,False,34218000.0,2,False,True,243289980.0,22117270.90909091,1178620.0,55813360.0,47.354838709677416,7,3,1,True,Group winner
Colombia,Group K,James RODRIGUEZ,Midfielder,Midfielder,Minnesota,206,3,9,1000000.0,EUR,1000000.0,1140600.0,2026-06-01,https://www.footballtransfers.com/en/players/james-rodriguez,1.1406,2026-06-29,European Central Bank euro foreign exchange reference rates,FootballTransfers,https://www.footballtransfers.com/en/players/james-rodriguez,footballtransfers_etv_validated,True,False,1140600.0,10,True,False,243289980.0,22117270.90909091,1178620.0,55813360.0,47.354838709677416,7,3,1,True,Group winner
Colombia,Group K,Johan MOJICA,Defender,Defender,Mallorca,198,2,10,1500000.0,EUR,1500000.0,1710900.0,2026-06-01,https://www.footballtransfers.com/en/players/johan-mojica,1.1406,2026-06-29,European Central Bank euro foreign exchange reference rates,FootballTransfers,https://www.footballtransfers.com/en/players/johan-mojica,footballtransfers_etv_validated,True,False,1710900.0,9,True,False,243289980.0,22117270.90909091,1178620.0,55813360.0,47.354838709677416,7,3,1,True,Group winner
Colombia,Group K,Luis SUAREZ,Forward,Forward,Sporting,174,2,11,27600000.0,EUR,27600000.0,31480560.0,2026-06-01,https://www.footballtransfers.com/en/players/luis-javier-suarez-charris,1.1406,2026-06-29,European Central Bank euro foreign exchange reference rates,FootballTransfers,https://www.footballtransfers.com/en/players/luis-javier-suarez-charris,footballtransfers_etv_validated,True,False,31480560.0,3,False,True,243289980.0,22117270.90909091,1178620.0,55813360.0,47.354838709677416,7,3,1,True,Group winner
Congo DR,Group K,Axel Tuanzebe,Defender,Defender,Burnley,291,3,1,3500000.0,EUR,3500000.0,3992100.0,2026-06-01,https://www.footballtransfers.com/en/players/axel-tuanzebe,1.1406,2026-06-29,European Central Bank euro foreign exchange reference rates,FootballTransfers,https://www.footballtransfers.com/en/players/axel-tuanzebe,footballtransfers_etv_validated,True,False,3992100.0,4,False,False,92160480.0,8378225.454545454,836440.0,25967660.0,31.045454545454547,4,1,3,True,Best third-place qualifier
Congo DR,Group K,Chancel MBEMBA,Defender,Defender,Lille,291,3,2,1500000.0,EUR,1500000.0,1710900.0,2026-06-01,https://www.footballtransfers.com/en/players/chancel-mbemba,1.1406,2026-06-29,European Central Bank euro foreign exchange reference rates,FootballTransfers,https://www.footballtransfers.com/en/players/chancel-mbemba,footballtransfers_etv_validated,True,False,1710900.0,8,False,False,92160480.0,8378225.454545454,836440.0,25967660.0,31.045454545454547,4,1,3,True,Best third-place qualifier
Congo DR,Group K,Lionel MPASI,Goalkeeper,Goalkeeper,,291,3,3,400000.0,EUR,400000.0,456240.0,,https://www.footballtransfers.com/en/players/lionel-nzau-mpasi,1.1406,2026-06-29,European Central Bank euro foreign exchange reference rates,FootballTransfers,https://www.footballtransfers.com/en/players/lionel-nzau-mpasi,manual_fallback_footballtransfers_search_cache_date_unverified,False,True,456240.0,11,True,False,92160480.0,8378225.454545454,836440.0,25967660.0,31.045454545454547,4,1,3,True,Best third-place qualifier
Congo DR,Group K,Yoane WISSA,Forward,Forward,Newcastle,291,3,4,27600000.0,EUR,27600000.0,31480560.0,2026-06-01,https://www.footballtransfers.com/en/players/yoane-wissa,1.1406,2026-06-29,European Central Bank euro foreign exchange reference rates,FootballTransfers,https://www.footballtransfers.com/en/players/yoane-wissa,footballtransfers_etv_validated,True,False,31480560.0,1,False,True,92160480.0,8378225.454545454,836440.0,25967660.0,31.045454545454547,4,1,3,True,Best third-place qualifier
Congo DR,Group K,Aaron WAN-BISSAKA,Defender,Defender,West Ham,281,3,5,24700000.0,EUR,24700000.0,28172820.0,2026-06-01,https://www.footballtransfers.com/en/players/aaron-wanbissaka,1.1406,2026-06-29,European Central Bank euro foreign exchange reference rates,FootballTransfers,https://www.footballtransfers.com/en/players/aaron-wanbissaka,footballtransfers_etv_validated,True,False,28172820.0,2,False,True,92160480.0,8378225.454545454,836440.0,25967660.0,31.045454545454547,4,1,3,True,Best third-place qualifier
Congo DR,Group K,Samuel Moutoussamy,Midfielder,Midfielder,Atromitos,249,3,6,700000.0,EUR,700000.0,798420.0,2026-06-01,https://www.footballtransfers.com/en/players/samuel-moutoussamy,1.1406,2026-06-29,European Central Bank euro foreign exchange reference rates,FootballTransfers,https://www.footballtransfers.com/en/players/samuel-moutoussamy,footballtransfers_etv_validated,True,False,798420.0,10,True,False,92160480.0,8378225.454545454,836440.0,25967660.0,31.045454545454547,4,1,3,True,Best third-place qualifier
Congo DR,Group K,Arthur MASUAKU,Defender,Defender,Lens,228,3,7,1700000.0,EUR,1700000.0,1939020.0,2026-06-01,https://www.footballtransfers.com/en/players/arthur-masuaku,1.1406,2026-06-29,European Central Bank euro foreign exchange reference rates,FootballTransfers,https://www.footballtransfers.com/en/players/arthur-masuaku,footballtransfers_etv_validated,True,False,1939020.0,6,False,False,92160480.0,8378225.454545454,836440.0,25967660.0,31.045454545454547,4,1,3,True,Best third-place qualifier
Congo DR,Group K,Cedric BAKAMBU,Forward,Forward,Real Betis,193,3,8,1100000.0,EUR,1100000.0,1254660.0,2026-06-01,https://www.footballtransfers.com/en/players/cedric-bakambu,1.1406,2026-06-29,European Central Bank euro foreign exchange reference rates,FootballTransfers,https://www.footballtransfers.com/en/players/cedric-bakambu,footballtransfers_etv_validated,True,False,1254660.0,9,True,False,92160480.0,8378225.454545454,836440.0,25967660.0,31.045454545454547,4,1,3,True,Best third-place qualifier
Congo DR,Group K,Steve KAPUADI,Defender,Defender,Widzew,192,2,9,1600000.0,EUR,1600000.0,1824960.0,2026-06-01,https://www.footballtransfers.com/en/players/steve-nkanu-kapuadi,1.1406,2026-06-29,European Central Bank euro foreign exchange reference rates,FootballTransfers,https://www.footballtransfers.com/en/players/steve-nkanu-kapuadi,footballtransfers_etv_validated,True,False,1824960.0,7,False,False,92160480.0,8378225.454545454,836440.0,25967660.0,31.045454545454547,4,1,3,True,Best third-place qualifier
Congo DR,Group K,Ngalayel MUKAU,Midfielder,Midfielder,Lille,174,2,10,16000000.0,EUR,16000000.0,18249600.0,2026-06-01,https://www.footballtransfers.com/en/players/ngalayel-mukau,1.1406,2026-06-29,European Central Bank euro foreign exchange reference rates,FootballTransfers,https://www.footballtransfers.com/en/players/ngalayel-mukau,footballtransfers_etv_validated,True,False,18249600.0,3,False,True,92160480.0,8378225.454545454,836440.0,25967660.0,31.045454545454547,4,1,3,True,Best third-place qualifier
Congo DR,Group K,Edo Kayembe,Midfielder,Midfielder,Watford,145,2,11,2000000.0,EUR,2000000.0,2281200.0,2026-06-01,https://www.footballtransfers.com/en/players/edo-kayembe,1.1406,2026-06-29,European Central Bank euro foreign exchange reference rates,FootballTransfers,https://www.footballtransfers.com/en/players/edo-kayembe,footballtransfers_etv_validated,True,False,2281200.0,5,False,False,92160480.0,8378225.454545454,836440.0,25967660.0,31.045454545454547,4,1,3,True,Best third-place qualifier
Croatia,Group L,Dominik LIVAKOVIC,Goalkeeper,Goalkeeper,D. Zagreb,291,3,1,3900000.0,EUR,3900000.0,4448340.0,2026-06-01,https://www.footballtransfers.com/en/players/dominik-livakovic,1.1406,2026-06-29,European Central Bank euro foreign exchange reference rates,FootballTransfers,https://www.footballtransfers.com/en/players/dominik-livakovic,footballtransfers_etv_validated,True,False,4448340.0,9,True,False,261767700.0,23797063.636363637,2775460.0,57220100.0,20.616438356164384,6,0,2,True,Runner-up
Croatia,Group L,Ivan PERISIC,Forward,Forward,PSV,291,3,2,1200000.0,EUR,1200000.0,1368720.0,2026-06-01,https://www.footballtransfers.com/en/players/ivan-perisic,1.1406,2026-06-29,European Central Bank euro foreign exchange reference rates,FootballTransfers,https://www.footballtransfers.com/en/players/ivan-perisic,footballtransfers_etv_validated,True,False,1368720.0,11,True,False,261767700.0,23797063.636363637,2775460.0,57220100.0,20.616438356164384,6,0,2,True,Runner-up
Croatia,Group L,Josip STANISIC,Defender,Defender,Bayern,291,3,3,39800000.0,EUR,39800000.0,45395880.0,2026-06-01,https://www.footballtransfers.com/en/players/josip-stanisic,1.1406,2026-06-29,European Central Bank euro foreign exchange reference rates,FootballTransfers,https://www.footballtransfers.com/en/players/josip-stanisic,footballtransfers_etv_validated,True,False,45395880.0,2,False,True,261767700.0,23797063.636363637,2775460.0,57220100.0,20.616438356164384,6,0,2,True,Runner-up
Croatia,Group L,Josip SUTALO,Defender,Defender,Ajax,291,3,4,16800000.0,EUR,16800000.0,19162080.0,2026-06-01,https://www.footballtransfers.com/en/players/josip-sutalo,1.1406,2026-06-29,European Central Bank euro foreign exchange reference rates,FootballTransfers,https://www.footballtransfers.com/en/players/josip-sutalo,footballtransfers_etv_validated,True,False,19162080.0,5,False,False,261767700.0,23797063.636363637,2775460.0,57220100.0,20.616438356164384,6,0,2,True,Runner-up
Croatia,Group L,Martin BATURINA,Midfielder,Midfielder,Como,262,3,5,24000000.0,EUR,24000000.0,27374400.0,2026-06-01,https://www.footballtransfers.com/en/players/martin-baturina,1.1406,2026-06-29,European Central Bank euro foreign exchange reference rates,FootballTransfers,https://www.footballtransfers.com/en/players/martin-baturina,footballtransfers_etv_validated,True,False,27374400.0,4,False,False,261767700.0,23797063.636363637,2775460.0,57220100.0,20.616438356164384,6,0,2,True,Runner-up
Croatia,Group L,Luka MODRIC,Midfielder,Midfielder,Milan,237,3,6,2200000.0,EUR,2200000.0,2509320.0,2026-06-01,https://www.footballtransfers.com/en/players/luka-modric,1.1406,2026-06-29,European Central Bank euro foreign exchange reference rates,FootballTransfers,https://www.footballtransfers.com/en/players/luka-modric,footballtransfers_etv_validated,True,False,2509320.0,10,True,False,261767700.0,23797063.636363637,2775460.0,57220100.0,20.616438356164384,6,0,2,True,Runner-up
Croatia,Group L,Petar SUCIC,Midfielder,Midfielder,Inter,219,2,7,34900000.0,EUR,34900000.0,39806940.0,2026-06-01,https://www.footballtransfers.com/en/players/petar-sucic,1.1406,2026-06-29,European Central Bank euro foreign exchange reference rates,FootballTransfers,https://www.footballtransfers.com/en/players/petar-sucic,footballtransfers_etv_validated,True,False,39806940.0,3,False,True,261767700.0,23797063.636363637,2775460.0,57220100.0,20.616438356164384,6,0,2,True,Runner-up
Croatia,Group L,Josko GVARDIOL,Defender,Defender,Man City,197,2,8,75800000.0,EUR,75800000.0,86457480.0,2026-06-01,https://www.footballtransfers.com/en/players/josko-gvardiol,1.1406,2026-06-29,European Central Bank euro foreign exchange reference rates,FootballTransfers,https://www.footballtransfers.com/en/players/josko-gvardiol,footballtransfers_etv_validated,True,False,86457480.0,1,False,True,261767700.0,23797063.636363637,2775460.0,57220100.0,20.616438356164384,6,0,2,True,Runner-up
Croatia,Group L,Marin PONGRACIC,Defender,Defender,Fiorentina,194,2,9,11400000.0,EUR,11400000.0,13002840.0,2026-06-01,https://www.footballtransfers.com/en/players/marin-pongracic,1.1406,2026-06-29,European Central Bank euro foreign exchange reference rates,FootballTransfers,https://www.footballtransfers.com/en/players/marin-pongracic,footballtransfers_etv_validated,True,False,13002840.0,7,False,False,261767700.0,23797063.636363637,2775460.0,57220100.0,20.616438356164384,6,0,2,True,Runner-up
Croatia,Group L,Mateo KOVACIC,Midfielder,Midfielder,Man City,189,2,10,12000000.0,EUR,12000000.0,13687200.0,2026-06-01,https://www.footballtransfers.com/en/players/mateo-kovacic,1.1406,2026-06-29,European Central Bank euro foreign exchange reference rates,FootballTransfers,https://www.footballtransfers.com/en/players/mateo-kovacic,footballtransfers_etv_validated,True,False,13687200.0,6,False,False,261767700.0,23797063.636363637,2775460.0,57220100.0,20.616438356164384,6,0,2,True,Runner-up
Croatia,Group L,Petar Musa,Forward,Forward,Dallas,156,2,11,7500000.0,EUR,7500000.0,8554500.0,2026-06-01,https://www.footballtransfers.com/en/players/petar-musa,1.1406,2026-06-29,European Central Bank euro foreign exchange reference rates,FootballTransfers,https://www.footballtransfers.com/en/players/petar-musa,footballtransfers_etv_validated,True,False,8554500.0,8,False,False,261767700.0,23797063.636363637,2775460.0,57220100.0,20.616438356164384,6,0,2,True,Runner-up
Curaçao,Group E,Armando OBISPO,Defender,Defender,PSV,289,3,1,2300000.0,EUR,2300000.0,2623380.0,2026-06-01,https://www.footballtransfers.com/en/players/armando-obispo,1.1406,2026-06-29,European Central Bank euro foreign exchange reference rates,FootballTransfers,https://www.footballtransfers.com/en/players/armando-obispo,footballtransfers_etv_validated,True,False,2623380.0,2,False,True,12506239.869,1136930.8971818183,141080.814,2509320.0,17.78640148758994,1,-8,4,False,Eliminated
Curaçao,Group E,Eloy ROOM,Goalkeeper,Goalkeeper,,289,3,2,83664.0,EUR,,,2026-06-01,https://www.fotmob.com/players/150242/eloy-room,1.1406,2026-06-29,European Central Bank euro foreign exchange reference rates,FotMob / SciSports,https://www.fotmob.com/players/150242/eloy-room,fotmob_scisports_market_value_latest_pre_cutoff,True,True,95427.1584,11,True,False,12506239.869,1136930.8971818183,141080.814,2509320.0,17.78640148758994,1,-8,4,False,Eliminated
Curaçao,Group E,Leandro BACUNA,Midfielder,Midfielder,,289,3,3,187406.0,EUR,,,2026-06-01,https://www.fotmob.com/players/183500/leandro-bacuna,1.1406,2026-06-29,European Central Bank euro foreign exchange reference rates,FotMob / SciSports,https://www.fotmob.com/players/183500/leandro-bacuna,fotmob_scisports_market_value_latest_pre_cutoff,True,True,213755.28360000002,9,True,False,12506239.869,1136930.8971818183,141080.814,2509320.0,17.78640148758994,1,-8,4,False,Eliminated
Curaçao,Group E,Sherel FLORANUS,Defender,Defender,PEC Zwolle,289,3,4,800000.0,EUR,800000.0,912480.0,2026-06-01,https://www.footballtransfers.com/en/players/sherel-floranus,1.1406,2026-06-29,European Central Bank euro foreign exchange reference rates,FootballTransfers,https://www.footballtransfers.com/en/players/sherel-floranus,footballtransfers_etv_validated,True,False,912480.0,6,False,False,12506239.869,1136930.8971818183,141080.814,2509320.0,17.78640148758994,1,-8,4,False,Eliminated
Curaçao,Group E,Juninho BACUNA,Midfielder,Midfielder,Volendam,268,3,5,1500000.0,EUR,1500000.0,1710900.0,2026-06-01,https://www.footballtransfers.com/en/players/juninho-bacuna,1.1406,2026-06-29,European Central Bank euro foreign exchange reference rates,FootballTransfers,https://www.footballtransfers.com/en/players/juninho-bacuna,footballtransfers_etv_validated,True,False,1710900.0,3,False,True,12506239.869,1136930.8971818183,141080.814,2509320.0,17.78640148758994,1,-8,4,False,Eliminated
Curaçao,Group E,Tahith CHONG,Midfielder,Midfielder,Sheff Utd,254,3,6,2800000.0,EUR,2800000.0,3193680.0,2026-06-01,https://www.footballtransfers.com/en/players/tahith-chong,1.1406,2026-06-29,European Central Bank euro foreign exchange reference rates,FootballTransfers,https://www.footballtransfers.com/en/players/tahith-chong,footballtransfers_etv_validated,True,False,3193680.0,1,False,True,12506239.869,1136930.8971818183,141080.814,2509320.0,17.78640148758994,1,-8,4,False,Eliminated
Curaçao,Group E,Deveron FONVILLE,Defender,Defender,NEC,248,3,7,1300000.0,EUR,1300000.0,1482780.0,2026-06-01,https://www.footballtransfers.com/en/players/deveron-fonville,1.1406,2026-06-29,European Central Bank euro foreign exchange reference rates,FootballTransfers,https://www.footballtransfers.com/en/players/deveron-fonville,footballtransfers_etv_validated,True,False,1482780.0,4,False,False,12506239.869,1136930.8971818183,141080.814,2509320.0,17.78640148758994,1,-8,4,False,Eliminated
Curaçao,Group E,Livano COMENENCIA,Midfielder,Midfielder,Zurich,240,3,8,1000000.0,EUR,1000000.0,1140600.0,2026-06-01,https://www.footballtransfers.com/en/players/livano-comenencia,1.1406,2026-06-29,European Central Bank euro foreign exchange reference rates,FootballTransfers,https://www.footballtransfers.com/en/players/livano-comenencia,footballtransfers_etv_validated,True,False,1140600.0,5,False,False,12506239.869,1136930.8971818183,141080.814,2509320.0,17.78640148758994,1,-8,4,False,Eliminated
Curaçao,Group E,Juergen LOCADIA,Forward,Forward,,238,3,9,100000.0,EUR,100000.0,114060.0,2026-06-01,https://www.footballtransfers.com/en/search?q=Jurgen+Locadia,1.1406,2026-06-29,European Central Bank euro foreign exchange reference rates,FootballTransfers,https://www.footballtransfers.com/en/search?q=Jurgen+Locadia,manual indexed ETV,True,True,114060.0,10,True,False,12506239.869,1136930.8971818183,141080.814,2509320.0,17.78640148758994,1,-8,4,False,Eliminated
Curaçao,Group E,Joshua BRENET,Defender,Defender,Kayserispor,186,2,10,700000.0,EUR,700000.0,798420.0,2026-06-01,https://www.footballtransfers.com/en/players/joshua-brenet,1.1406,2026-06-29,European Central Bank euro foreign exchange reference rates,FootballTransfers,https://www.footballtransfers.com/en/players/joshua-brenet,footballtransfers_etv_validated,True,False,798420.0,7,False,False,12506239.869,1136930.8971818183,141080.814,2509320.0,17.78640148758994,1,-8,4,False,Eliminated
Curaçao,Group E,Jurien GAARI,Defender,Defender,,173,2,11,193545.0,EUR,,,2026-06-01,https://www.fotmob.com/players/708738/jurien-gaari,1.1406,2026-06-29,European Central Bank euro foreign exchange reference rates,FotMob / SciSports,https://www.fotmob.com/players/708738/jurien-gaari,fotmob_scisports_market_value_latest_pre_cutoff,True,True,220757.42700000003,8,False,False,12506239.869,1136930.8971818183,141080.814,2509320.0,17.78640148758994,1,-8,4,False,Eliminated
Czechia,Group A,Ladislav KREJCI,Defender,Defender,Wolves,292,3,1,24100000.0,EUR,24100000.0,27488460.0,2026-06-01,https://www.footballtransfers.com/en/players/ladislav-krejci,1.1406,2026-06-29,European Central Bank euro foreign exchange reference rates,FootballTransfers,https://www.footballtransfers.com/en/players/ladislav-krejci,footballtransfers_etv_validated,True,False,27488460.0,1,False,True,129572160.0,11779287.272727273,1862980.0,23116160.0,12.408163265306122,1,-4,4,False,Eliminated
Czechia,Group A,Matej KOVAR,Goalkeeper,Goalkeeper,PSV,292,3,2,6800000.0,EUR,6800000.0,7756080.0,2026-06-01,https://www.footballtransfers.com/en/players/matej-kovar,1.1406,2026-06-29,European Central Bank euro foreign exchange reference rates,FootballTransfers,https://www.footballtransfers.com/en/players/matej-kovar,footballtransfers_etv_validated,True,False,7756080.0,7,False,False,129572160.0,11779287.272727273,1862980.0,23116160.0,12.408163265306122,1,-4,4,False,Eliminated
Czechia,Group A,Robin HRANAC,Defender,Defender,Hoffenheim,292,3,3,2000000.0,EUR,2000000.0,2281200.0,2026-06-01,https://www.footballtransfers.com/en/players/robin-hranac,1.1406,2026-06-29,European Central Bank euro foreign exchange reference rates,FootballTransfers,https://www.footballtransfers.com/en/players/robin-hranac,footballtransfers_etv_validated,True,False,2281200.0,9,True,False,129572160.0,11779287.272727273,1862980.0,23116160.0,12.408163265306122,1,-4,4,False,Eliminated
Czechia,Group A,Vladimir COUFAL,Defender,Defender,Hoffenheim,292,3,4,2000000.0,EUR,2000000.0,2281200.0,2026-06-01,https://www.footballtransfers.com/en/players/vladimir-coufal,1.1406,2026-06-29,European Central Bank euro foreign exchange reference rates,FootballTransfers,https://www.footballtransfers.com/en/players/vladimir-coufal,footballtransfers_etv_validated,True,False,2281200.0,10,True,False,129572160.0,11779287.272727273,1862980.0,23116160.0,12.408163265306122,1,-4,4,False,Eliminated
Czechia,Group A,Pavel SULC,Forward,Forward,Lyon,203,2,5,13800000.0,EUR,13800000.0,15740280.0,2026-06-01,https://www.footballtransfers.com/en/players/pavel-sulc,1.1406,2026-06-29,European Central Bank euro foreign exchange reference rates,FootballTransfers,https://www.footballtransfers.com/en/players/pavel-sulc,footballtransfers_etv_validated,True,False,15740280.0,4,False,False,129572160.0,11779287.272727273,1862980.0,23116160.0,12.408163265306122,1,-4,4,False,Eliminated
Czechia,Group A,Michal SADILEK,Midfielder,Midfielder,Slavia Praha,198,2,6,7500000.0,EUR,7500000.0,8554500.0,2026-06-01,https://www.footballtransfers.com/en/players/michal-sadilek,1.1406,2026-06-29,European Central Bank euro foreign exchange reference rates,FootballTransfers,https://www.footballtransfers.com/en/players/michal-sadilek,footballtransfers_etv_validated,True,False,8554500.0,6,False,False,129572160.0,11779287.272727273,1862980.0,23116160.0,12.408163265306122,1,-4,4,False,Eliminated
Czechia,Group A,Patrik Schick,Forward,Forward,Bayer 04,194,2,7,20300000.0,EUR,20300000.0,23154180.0,2026-06-01,https://www.footballtransfers.com/en/players/patrik-schick,1.1406,2026-06-29,European Central Bank euro foreign exchange reference rates,FootballTransfers,https://www.footballtransfers.com/en/players/patrik-schick,footballtransfers_etv_validated,True,False,23154180.0,2,False,True,129572160.0,11779287.272727273,1862980.0,23116160.0,12.408163265306122,1,-4,4,False,Eliminated
Czechia,Group A,Adam HLOZEK,Forward,Forward,Hoffenheim,165,2,8,16400000.0,EUR,16400000.0,18705840.0,2026-06-01,https://www.footballtransfers.com/en/players/adam-hlozek,1.1406,2026-06-29,European Central Bank euro foreign exchange reference rates,FootballTransfers,https://www.footballtransfers.com/en/players/adam-hlozek,footballtransfers_etv_validated,True,False,18705840.0,3,False,True,129572160.0,11779287.272727273,1862980.0,23116160.0,12.408163265306122,1,-4,4,False,Eliminated
Czechia,Group A,Lukas CERV,Midfielder,Midfielder,V. Plzen,165,2,9,6500000.0,EUR,6500000.0,7413900.0,2026-06-01,https://www.footballtransfers.com/en/players/lukas-cerv,1.1406,2026-06-29,European Central Bank euro foreign exchange reference rates,FootballTransfers,https://www.footballtransfers.com/en/players/lukas-cerv,footballtransfers_etv_validated,True,False,7413900.0,8,False,False,129572160.0,11779287.272727273,1862980.0,23116160.0,12.408163265306122,1,-4,4,False,Eliminated
Czechia,Group A,Tomas HOLES,Defender,Defender,Slavia Praha,162,2,10,900000.0,EUR,900000.0,1026540.0,2026-06-01,https://www.footballtransfers.com/en/players/tomas-holes,1.1406,2026-06-29,European Central Bank euro foreign exchange reference rates,FootballTransfers,https://www.footballtransfers.com/en/players/tomas-holes,footballtransfers_etv_validated,True,False,1026540.0,11,True,False,129572160.0,11779287.272727273,1862980.0,23116160.0,12.408163265306122,1,-4,4,False,Eliminated
Czechia,Group A,Tomas SOUCEK,Midfielder,Midfielder,West Ham,161,1,11,13300000.0,EUR,13300000.0,15169980.0,2026-06-01,https://www.footballtransfers.com/en/players/tomas-soucek,1.1406,2026-06-29,European Central Bank euro foreign exchange reference rates,FootballTransfers,https://www.footballtransfers.com/en/players/tomas-soucek,footballtransfers_etv_validated,True,False,15169980.0,5,False,False,129572160.0,11779287.272727273,1862980.0,23116160.0,12.408163265306122,1,-4,4,False,Eliminated
Côte d'Ivoire,Group E,Yahia Fofana,Goalkeeper,Goalkeeper,Rizespor,294,3,1,4900000.0,EUR,4900000.0,5588940.0,2026-06-01,https://www.footballtransfers.com/en/players/yahia-fofana,1.1406,2026-06-29,European Central Bank euro foreign exchange reference rates,FootballTransfers,https://www.footballtransfers.com/en/players/yahia-fofana,footballtransfers_etv_validated,True,False,5588940.0,10,True,False,283439100.0,25767190.90909091,5208740.0,46840640.0,8.992700729927007,6,2,2,True,Runner-up
Côte d'Ivoire,Group E,Franck KESSIE,Midfielder,Midfielder,Al Ahli,274,3,2,7100000.0,EUR,7100000.0,8098260.0,2026-06-01,https://www.footballtransfers.com/en/players/franck-kessie,1.1406,2026-06-29,European Central Bank euro foreign exchange reference rates,FootballTransfers,https://www.footballtransfers.com/en/players/franck-kessie,footballtransfers_etv_validated,True,False,8098260.0,9,True,False,283439100.0,25767190.90909091,5208740.0,46840640.0,8.992700729927007,6,2,2,True,Runner-up
Côte d'Ivoire,Group E,Yan DIOMANDE,Forward,Forward,RB Leipzig,251,3,3,33400000.0,EUR,33400000.0,38096040.0,2026-06-01,https://www.footballtransfers.com/en/players/yan-diomande,1.1406,2026-06-29,European Central Bank euro foreign exchange reference rates,FootballTransfers,https://www.footballtransfers.com/en/players/yan-diomande,footballtransfers_etv_validated,True,False,38096040.0,2,False,True,283439100.0,25767190.90909091,5208740.0,46840640.0,8.992700729927007,6,2,2,True,Runner-up
Côte d'Ivoire,Group E,Amad DIALLO,Forward,Forward,Man Utd,208,2,4,60200000.0,EUR,60200000.0,68664120.0,2026-06-01,https://www.footballtransfers.com/en/players/amad-diallo-diallo,1.1406,2026-06-29,European Central Bank euro foreign exchange reference rates,FootballTransfers,https://www.footballtransfers.com/en/players/amad-diallo-diallo,footballtransfers_etv_validated,True,False,68664120.0,1,False,True,283439100.0,25767190.90909091,5208740.0,46840640.0,8.992700729927007,6,2,2,True,Runner-up
Côte d'Ivoire,Group E,Odilon KOSSOUNOU,Defender,Defender,Atalanta,205,2,5,20800000.0,EUR,20800000.0,23724480.0,2026-06-01,https://www.footballtransfers.com/en/players/odilon-kossounou,1.1406,2026-06-29,European Central Bank euro foreign exchange reference rates,FootballTransfers,https://www.footballtransfers.com/en/players/odilon-kossounou,footballtransfers_etv_validated,True,False,23724480.0,7,False,False,283439100.0,25767190.90909091,5208740.0,46840640.0,8.992700729927007,6,2,2,True,Runner-up
Côte d'Ivoire,Group E,Guela DOUE,Defender,Defender,Strasbourg,202,2,6,21600000.0,EUR,21600000.0,24636960.0,2026-06-01,https://www.footballtransfers.com/en/players/guela-doue-1,1.1406,2026-06-29,European Central Bank euro foreign exchange reference rates,FootballTransfers,https://www.footballtransfers.com/en/players/guela-doue-1,footballtransfers_etv_validated,True,False,24636960.0,6,False,False,283439100.0,25767190.90909091,5208740.0,46840640.0,8.992700729927007,6,2,2,True,Runner-up
Côte d'Ivoire,Group E,Emmanuel AGBADOU,Defender,Defender,Besiktas,197,2,7,19100000.0,EUR,19100000.0,21785460.0,2026-06-01,https://www.footballtransfers.com/en/players/emmanuel-agbadou,1.1406,2026-06-29,European Central Bank euro foreign exchange reference rates,FootballTransfers,https://www.footballtransfers.com/en/players/emmanuel-agbadou,footballtransfers_etv_validated,True,False,21785460.0,8,False,False,283439100.0,25767190.90909091,5208740.0,46840640.0,8.992700729927007,6,2,2,True,Runner-up
Côte d'Ivoire,Group E,Ghislain KONAN,Defender,Defender,Gil,197,2,8,1700000.0,EUR,1700000.0,1939020.0,2026-06-01,https://www.footballtransfers.com/en/players/ghislain-konan,1.1406,2026-06-29,European Central Bank euro foreign exchange reference rates,FootballTransfers,https://www.footballtransfers.com/en/players/ghislain-konan,footballtransfers_etv_validated,True,False,1939020.0,11,True,False,283439100.0,25767190.90909091,5208740.0,46840640.0,8.992700729927007,6,2,2,True,Runner-up
Côte d'Ivoire,Group E,Ibrahim SANGARE,Midfielder,Midfielder,N. Forest,194,2,9,25200000.0,EUR,25200000.0,28743120.0,2026-06-01,https://www.footballtransfers.com/en/players/ibrahim-sangare,1.1406,2026-06-29,European Central Bank euro foreign exchange reference rates,FootballTransfers,https://www.footballtransfers.com/en/players/ibrahim-sangare,footballtransfers_etv_validated,True,False,28743120.0,4,False,False,283439100.0,25767190.90909091,5208740.0,46840640.0,8.992700729927007,6,2,2,True,Runner-up
Côte d'Ivoire,Group E,Ange-Yoan BONNY,Forward,Forward,Inter,185,2,10,29600000.0,EUR,29600000.0,33761760.0,2026-06-01,https://www.footballtransfers.com/en/players/angeyoan-bonny,1.1406,2026-06-29,European Central Bank euro foreign exchange reference rates,FootballTransfers,https://www.footballtransfers.com/en/players/angeyoan-bonny,footballtransfers_etv_validated,True,False,33761760.0,3,False,True,283439100.0,25767190.90909091,5208740.0,46840640.0,8.992700729927007,6,2,2,True,Runner-up
Côte d'Ivoire,Group E,Wilfried SINGO,Defender,Defender,Galatasaray,181,2,11,24900000.0,EUR,24900000.0,28400940.0,2026-06-01,https://www.footballtransfers.com/en/players/wilfried-stephane-singo,1.1406,2026-06-29,European Central Bank euro foreign exchange reference rates,FootballTransfers,https://www.footballtransfers.com/en/players/wilfried-stephane-singo,footballtransfers_etv_validated,True,False,28400940.0,5,False,False,283439100.0,25767190.90909091,5208740.0,46840640.0,8.992700729927007,6,2,2,True,Runner-up
Ecuador,Group E,Gonzalo PLATA,Forward,Forward,Flamengo,293,3,1,9200000.0,EUR,9200000.0,10493520.0,2026-06-01,https://www.footballtransfers.com/en/players/gonzalo-jordy-plata-jimenez,1.1406,2026-06-29,European Central Bank euro foreign exchange reference rates,FootballTransfers,https://www.footballtransfers.com/en/players/gonzalo-jordy-plata-jimenez,footballtransfers_etv_validated,True,False,10493520.0,5,False,False,373660560.0,33969141.81818182,1862980.0,96494760.0,51.795918367346935,4,0,3,True,Best third-place qualifier
Ecuador,Group E,Hernan GALINDEZ,Goalkeeper,Goalkeeper,Huracan,293,3,2,1000000.0,EUR,1000000.0,1140600.0,2026-06-01,https://www.footballtransfers.com/en/players/hernan-ismael-galindez,1.1406,2026-06-29,European Central Bank euro foreign exchange reference rates,FootballTransfers,https://www.footballtransfers.com/en/players/hernan-ismael-galindez,footballtransfers_etv_validated,True,False,1140600.0,11,True,False,373660560.0,33969141.81818182,1862980.0,96494760.0,51.795918367346935,4,0,3,True,Best third-place qualifier
Ecuador,Group E,Moises CAICEDO,Midfielder,Midfielder,Chelsea,293,3,3,115300000.0,EUR,115300000.0,131511180.0,2026-06-01,https://www.footballtransfers.com/en/players/moises-caicedo,1.1406,2026-06-29,European Central Bank euro foreign exchange reference rates,FootballTransfers,https://www.footballtransfers.com/en/players/moises-caicedo,footballtransfers_etv_validated,True,False,131511180.0,1,False,True,373660560.0,33969141.81818182,1862980.0,96494760.0,51.795918367346935,4,0,3,True,Best third-place qualifier
Ecuador,Group E,Pedro VITE,Midfielder,Midfielder,Pumas,293,3,4,8300000.0,EUR,8300000.0,9466980.0,2026-06-01,https://www.footballtransfers.com/en/players/pedro-jeampierre-vite-uca,1.1406,2026-06-29,European Central Bank euro foreign exchange reference rates,FootballTransfers,https://www.footballtransfers.com/en/players/pedro-jeampierre-vite-uca,footballtransfers_etv_validated,True,False,9466980.0,6,False,False,373660560.0,33969141.81818182,1862980.0,96494760.0,51.795918367346935,4,0,3,True,Best third-place qualifier
Ecuador,Group E,Willian PACHO,Defender,Defender,PSG,293,3,5,75400000.0,EUR,75400000.0,86001240.0,2026-06-01,https://www.footballtransfers.com/en/players/william-joel-pacho-tenorio,1.1406,2026-06-29,European Central Bank euro foreign exchange reference rates,FootballTransfers,https://www.footballtransfers.com/en/players/william-joel-pacho-tenorio,footballtransfers_etv_validated,True,False,86001240.0,2,False,True,373660560.0,33969141.81818182,1862980.0,96494760.0,51.795918367346935,4,0,3,True,Best third-place qualifier
Ecuador,Group E,Piero HINCAPIE,Defender,Defender,Arsenal,266,3,6,63100000.0,EUR,63100000.0,71971860.0,2026-06-01,https://www.footballtransfers.com/en/players/piero-martin-hincapie-reyna,1.1406,2026-06-29,European Central Bank euro foreign exchange reference rates,FootballTransfers,https://www.footballtransfers.com/en/players/piero-martin-hincapie-reyna,footballtransfers_etv_validated,True,False,71971860.0,3,False,True,373660560.0,33969141.81818182,1862980.0,96494760.0,51.795918367346935,4,0,3,True,Best third-place qualifier
Ecuador,Group E,Enner VALENCIA,Forward,Forward,Pachuca,237,3,7,1300000.0,EUR,1300000.0,1482780.0,2026-06-01,https://www.footballtransfers.com/en/players/enner-valencia,1.1406,2026-06-29,European Central Bank euro foreign exchange reference rates,FootballTransfers,https://www.footballtransfers.com/en/players/enner-valencia,footballtransfers_etv_validated,True,False,1482780.0,10,True,False,373660560.0,33969141.81818182,1862980.0,96494760.0,51.795918367346935,4,0,3,True,Best third-place qualifier
Ecuador,Group E,John YEBOAH,Forward,Forward,Venezia,236,3,8,2600000.0,EUR,2600000.0,2965560.0,2026-06-01,https://www.footballtransfers.com/en/players/john-yeboah,1.1406,2026-06-29,European Central Bank euro foreign exchange reference rates,FootballTransfers,https://www.footballtransfers.com/en/players/john-yeboah,footballtransfers_etv_validated,True,False,2965560.0,9,True,False,373660560.0,33969141.81818182,1862980.0,96494760.0,51.795918367346935,4,0,3,True,Best third-place qualifier
Ecuador,Group E,Alan FRANCO,Midfielder,Midfielder,Atl Mineiro,209,3,9,2800000.0,EUR,2800000.0,3193680.0,2026-06-01,https://www.footballtransfers.com/en/players/alan-steven-franco-palma,1.1406,2026-06-29,European Central Bank euro foreign exchange reference rates,FootballTransfers,https://www.footballtransfers.com/en/players/alan-steven-franco-palma,footballtransfers_etv_validated,True,False,3193680.0,8,False,False,373660560.0,33969141.81818182,1862980.0,96494760.0,51.795918367346935,4,0,3,True,Best third-place qualifier
Ecuador,Group E,Joel ORDONEZ,Defender,Defender,Brugge,197,2,10,41100000.0,EUR,41100000.0,46878660.0,2026-06-01,https://www.footballtransfers.com/en/players/joel-ordonez,1.1406,2026-06-29,European Central Bank euro foreign exchange reference rates,FootballTransfers,https://www.footballtransfers.com/en/players/joel-ordonez,footballtransfers_etv_validated,True,False,46878660.0,4,False,False,373660560.0,33969141.81818182,1862980.0,96494760.0,51.795918367346935,4,0,3,True,Best third-place qualifier
Ecuador,Group E,Nilson ANGULO,Forward,Forward,Sunderland,153,1,11,7500000.0,EUR,7500000.0,8554500.0,2026-06-01,https://www.footballtransfers.com/en/players/nilson-david-angulo-ramirez,1.1406,2026-06-29,European Central Bank euro foreign exchange reference rates,FootballTransfers,https://www.footballtransfers.com/en/players/nilson-david-angulo-ramirez,footballtransfers_etv_validated,True,False,8554500.0,7,False,False,373660560.0,33969141.81818182,1862980.0,96494760.0,51.795918367346935,4,0,3,True,Best third-place qualifier
Egypt,Group G,MOHAMED HANY,Defender,Defender,Al Ahly,296,3,1,1200000.0,EUR,1200000.0,1368720.0,2026-06-01,https://www.footballtransfers.com/en/players/mohamed-hany,1.1406,2026-06-29,European Central Bank euro foreign exchange reference rates,FootballTransfers,https://www.footballtransfers.com/en/players/mohamed-hany,footballtransfers_etv_validated,True,False,1368720.0,7,False,False,128466359.706,11678759.973272728,657939.902,38932480.0,59.17330729091424,5,2,2,True,Runner-up
Egypt,Group G,MOHANAD LASHIN,Midfielder,Midfielder,,296,3,2,2000000.0,EUR,2000000.0,2281200.0,,https://www.footballtransfers.com/en/players/mohanad-lasheen-mohanad-lasheen,1.1406,2026-06-29,European Central Bank euro foreign exchange reference rates,FootballTransfers,https://www.footballtransfers.com/en/players/mohanad-lasheen-mohanad-lasheen,manual_fallback_footballtransfers_search_cache_date_unverified,False,True,2281200.0,5,False,False,128466359.706,11678759.973272728,657939.902,38932480.0,59.17330729091424,5,2,2,True,Runner-up
Egypt,Group G,MOSTAFA SHOUBIR,Goalkeeper,Goalkeeper,,296,3,3,1200000.0,EUR,,,2026-05-20,https://www.transfermarkt.com/schnellsuche/ergebnis/schnellsuche?query=Oufa+Shobeir+%2F+Mostafa+Ahmed+Shobeir,1.1406,2026-06-29,European Central Bank euro foreign exchange reference rates,Transfermarkt,https://www.transfermarkt.com/schnellsuche/ergebnis/schnellsuche?query=Oufa+Shobeir+%2F+Mostafa+Ahmed+Shobeir,manual indexed market value,True,True,1368720.0,8,False,False,128466359.706,11678759.973272728,657939.902,38932480.0,59.17330729091424,5,2,2,True,Runner-up
Egypt,Group G,AHMED FATOUH,Defender,Defender,,288,3,4,800000.0,EUR,800000.0,912480.0,,https://www.footballtransfers.com/en/players/ahmed-fatouh-ahmed-fatouh,1.1406,2026-06-29,European Central Bank euro foreign exchange reference rates,FootballTransfers,https://www.footballtransfers.com/en/players/ahmed-fatouh-ahmed-fatouh,footballtransfers_etv_profile_value_date_unverified,False,True,912480.0,9,True,False,128466359.706,11678759.973272728,657939.902,38932480.0,59.17330729091424,5,2,2,True,Runner-up
Egypt,Group G,YASSER IBRAHIM,Defender,Defender,,282,2,5,330510.0,EUR,,,2026-06-01,https://www.fotmob.com/players/533403/yasser-ibrahim,1.1406,2026-06-29,European Central Bank euro foreign exchange reference rates,FotMob / SciSports,https://www.fotmob.com/players/533403/yasser-ibrahim,fotmob_scisports_market_value_latest_pre_cutoff,True,True,376979.706,11,True,False,128466359.706,11678759.973272728,657939.902,38932480.0,59.17330729091424,5,2,2,True,Runner-up
Egypt,Group G,EMAM ASHOUR,Midfielder,Midfielder,Al Ahly,245,3,6,2300000.0,EUR,2300000.0,2623380.0,2026-06-01,https://www.footballtransfers.com/en/players/emam-ashour,1.1406,2026-06-29,European Central Bank euro foreign exchange reference rates,FootballTransfers,https://www.footballtransfers.com/en/players/emam-ashour,footballtransfers_etv_validated,True,False,2623380.0,3,False,True,128466359.706,11678759.973272728,657939.902,38932480.0,59.17330729091424,5,2,2,True,Runner-up
Egypt,Group G,MOSTAFA ZICO,Midfielder,Midfielder,,228,3,7,1800000.0,EUR,,,2026-05-20,https://www.transfermarkt.com/schnellsuche/ergebnis/schnellsuche?query=Mostafa+Ziko,1.1406,2026-06-29,European Central Bank euro foreign exchange reference rates,Transfermarkt,https://www.transfermarkt.com/schnellsuche/ergebnis/schnellsuche?query=Mostafa+Ziko,manual indexed market value,True,True,2053080.0,6,False,False,128466359.706,11678759.973272728,657939.902,38932480.0,59.17330729091424,5,2,2,True,Runner-up
Egypt,Group G,MOHAMED SALAH,Forward,Forward,Liverpool,217,3,8,39000000.0,EUR,39000000.0,44483400.0,2026-06-01,https://www.footballtransfers.com/en/players/mohamed-salah,1.1406,2026-06-29,European Central Bank euro foreign exchange reference rates,FootballTransfers,https://www.footballtransfers.com/en/players/mohamed-salah,footballtransfers_etv_validated,True,False,44483400.0,2,False,True,128466359.706,11678759.973272728,657939.902,38932480.0,59.17330729091424,5,2,2,True,Runner-up
Egypt,Group G,MARAWAN ATTIA,Midfielder,Midfielder,,206,2,9,2300000.0,EUR,2300000.0,2623380.0,2026-06-01,https://www.footballtransfers.com/en/search?q=Marawan+Attia,1.1406,2026-06-29,European Central Bank euro foreign exchange reference rates,FootballTransfers,https://www.footballtransfers.com/en/search?q=Marawan+Attia,manual indexed ETV,True,True,2623380.0,4,False,False,128466359.706,11678759.973272728,657939.902,38932480.0,59.17330729091424,5,2,2,True,Runner-up
Egypt,Group G,RAMY RABIA,Defender,Defender,Al-Ain,184,1,10,600000.0,EUR,600000.0,684360.0,2026-06-01,https://www.footballtransfers.com/en/players/rami-rabia,1.1406,2026-06-29,European Central Bank euro foreign exchange reference rates,FootballTransfers,https://www.footballtransfers.com/en/players/rami-rabia,footballtransfers_etv_validated,True,False,684360.0,10,True,False,128466359.706,11678759.973272728,657939.902,38932480.0,59.17330729091424,5,2,2,True,Runner-up
Egypt,Group G,OMAR MARMOUSH,Forward,Forward,Man City,181,2,11,61100000.0,EUR,61100000.0,69690660.0,2026-06-01,https://www.footballtransfers.com/en/players/omar-khaled-mohamed-marmoush,1.1406,2026-06-29,European Central Bank euro foreign exchange reference rates,FootballTransfers,https://www.footballtransfers.com/en/players/omar-khaled-mohamed-marmoush,footballtransfers_etv_validated,True,False,69690660.0,1,False,True,128466359.706,11678759.973272728,657939.902,38932480.0,59.17330729091424,5,2,2,True,Runner-up
England,Group L,Ezri KONSA,Defender,Defender,A. Villa,292,3,1,44100000.0,EUR,44100000.0,50300460.0,2026-06-01,https://www.footballtransfers.com/en/players/ezri-konsa-ngoyo,1.1406,2026-06-29,European Central Bank euro foreign exchange reference rates,FootballTransfers,https://www.footballtransfers.com/en/players/ezri-konsa-ngoyo,footballtransfers_etv_validated,True,False,50300460.0,10,True,False,901644300.0,81967663.63636364,45167760.0,129306020.0,2.862794612794613,7,4,1,True,Group winner
England,Group L,Jordan PICKFORD,Goalkeeper,Goalkeeper,Everton,292,3,2,19800000.0,EUR,19800000.0,22583880.0,2026-06-01,https://www.footballtransfers.com/en/players/jordan-pickford,1.1406,2026-06-29,European Central Bank euro foreign exchange reference rates,FootballTransfers,https://www.footballtransfers.com/en/players/jordan-pickford,footballtransfers_etv_validated,True,False,22583880.0,11,True,False,901644300.0,81967663.63636364,45167760.0,129306020.0,2.862794612794613,7,4,1,True,Group winner
England,Group L,Harry KANE,Forward,Forward,Bayern,278,3,3,106700000.0,EUR,106700000.0,121702020.0,2026-06-01,https://www.footballtransfers.com/en/players/harry-kane,1.1406,2026-06-29,European Central Bank euro foreign exchange reference rates,FootballTransfers,https://www.footballtransfers.com/en/players/harry-kane,footballtransfers_etv_validated,True,False,121702020.0,3,False,True,901644300.0,81967663.63636364,45167760.0,129306020.0,2.862794612794613,7,4,1,True,Group winner
England,Group L,Elliot ANDERSON,Midfielder,Midfielder,N. Forest,255,3,4,63400000.0,EUR,63400000.0,72314040.0,2026-06-01,https://www.footballtransfers.com/en/players/elliott-anderson,1.1406,2026-06-29,European Central Bank euro foreign exchange reference rates,FootballTransfers,https://www.footballtransfers.com/en/players/elliott-anderson,footballtransfers_etv_validated,True,False,72314040.0,7,False,False,901644300.0,81967663.63636364,45167760.0,129306020.0,2.862794612794613,7,4,1,True,Group winner
England,Group L,Nico OREILLY,Defender,Defender,Man City,227,2,5,57500000.0,EUR,57500000.0,65584500.0,2026-06-01,https://www.footballtransfers.com/en/players/nico-oreilly,1.1406,2026-06-29,European Central Bank euro foreign exchange reference rates,FootballTransfers,https://www.footballtransfers.com/en/players/nico-oreilly,footballtransfers_etv_validated,True,False,65584500.0,8,False,False,901644300.0,81967663.63636364,45167760.0,129306020.0,2.862794612794613,7,4,1,True,Group winner
England,Group L,Jude BELLINGHAM,Midfielder,Midfielder,Real Madrid,224,3,6,120500000.0,EUR,120500000.0,137442300.0,2026-06-01,https://www.footballtransfers.com/en/players/jude-bellingham,1.1406,2026-06-29,European Central Bank euro foreign exchange reference rates,FootballTransfers,https://www.footballtransfers.com/en/players/jude-bellingham,footballtransfers_etv_validated,True,False,137442300.0,1,False,True,901644300.0,81967663.63636364,45167760.0,129306020.0,2.862794612794613,7,4,1,True,Group winner
England,Group L,Marc GUEHI,Defender,Defender,Man City,205,2,7,70100000.0,EUR,70100000.0,79956060.0,2026-06-01,https://www.footballtransfers.com/en/players/marc-guehi,1.1406,2026-06-29,European Central Bank euro foreign exchange reference rates,FootballTransfers,https://www.footballtransfers.com/en/players/marc-guehi,footballtransfers_etv_validated,True,False,79956060.0,5,False,False,901644300.0,81967663.63636364,45167760.0,129306020.0,2.862794612794613,7,4,1,True,Group winner
England,Group L,Reece JAMES,Defender,Defender,Chelsea,194,2,8,54900000.0,EUR,54900000.0,62618940.0,2026-06-01,https://www.footballtransfers.com/en/players/reece-james-1,1.1406,2026-06-29,European Central Bank euro foreign exchange reference rates,FootballTransfers,https://www.footballtransfers.com/en/players/reece-james-1,footballtransfers_etv_validated,True,False,62618940.0,9,True,False,901644300.0,81967663.63636364,45167760.0,129306020.0,2.862794612794613,7,4,1,True,Group winner
England,Group L,Noni MADUEKE,Forward,Forward,Arsenal,190,2,9,68200000.0,EUR,68200000.0,77788920.0,2026-06-01,https://www.footballtransfers.com/en/players/chukwunonso-tristan-madueke,1.1406,2026-06-29,European Central Bank euro foreign exchange reference rates,FootballTransfers,https://www.footballtransfers.com/en/players/chukwunonso-tristan-madueke,footballtransfers_etv_validated,True,False,77788920.0,6,False,False,901644300.0,81967663.63636364,45167760.0,129306020.0,2.862794612794613,7,4,1,True,Group winner
England,Group L,Declan RICE,Midfielder,Midfielder,Arsenal,169,2,10,112900000.0,EUR,112900000.0,128773740.0,2026-06-01,https://www.footballtransfers.com/en/players/declan-rice,1.1406,2026-06-29,European Central Bank euro foreign exchange reference rates,FootballTransfers,https://www.footballtransfers.com/en/players/declan-rice,footballtransfers_etv_validated,True,False,128773740.0,2,False,True,901644300.0,81967663.63636364,45167760.0,129306020.0,2.862794612794613,7,4,1,True,Group winner
England,Group L,Morgan ROGERS,Midfielder,Midfielder,A. Villa,146,1,11,72400000.0,EUR,72400000.0,82579440.0,2026-06-01,https://www.footballtransfers.com/en/players/morgan-rogers,1.1406,2026-06-29,European Central Bank euro foreign exchange reference rates,FootballTransfers,https://www.footballtransfers.com/en/players/morgan-rogers,footballtransfers_etv_validated,True,False,82579440.0,4,False,False,901644300.0,81967663.63636364,45167760.0,129306020.0,2.862794612794613,7,4,1,True,Group winner
France,Group I,Mike MAIGNAN,Goalkeeper,Goalkeeper,Milan,289,3,1,22200000.0,EUR,22200000.0,25321320.0,2026-06-01,https://www.footballtransfers.com/en/players/mike-maignan,1.1406,2026-06-29,European Central Bank euro foreign exchange reference rates,FootballTransfers,https://www.footballtransfers.com/en/players/mike-maignan,footballtransfers_etv_validated,True,False,25321320.0,10,True,False,934835760.0,84985069.0909091,26690040.0,145692640.0,5.4586894586894585,9,8,1,True,Group winner
France,Group I,Kylian MBAPPE,Forward,Forward,Real Madrid,276,3,2,112900000.0,EUR,112900000.0,128773740.0,2026-06-01,https://www.footballtransfers.com/en/players/kylian-mbappe,1.1406,2026-06-29,European Central Bank euro foreign exchange reference rates,FootballTransfers,https://www.footballtransfers.com/en/players/kylian-mbappe,footballtransfers_etv_validated,True,False,128773740.0,2,False,True,934835760.0,84985069.0909091,26690040.0,145692640.0,5.4586894586894585,9,8,1,True,Group winner
France,Group I,Dayot UPAMECANO,Defender,Defender,Bayern,269,3,3,38900000.0,EUR,38900000.0,44369340.0,2026-06-01,https://www.footballtransfers.com/en/players/dayotchanculle-upamecano,1.1406,2026-06-29,European Central Bank euro foreign exchange reference rates,FootballTransfers,https://www.footballtransfers.com/en/players/dayotchanculle-upamecano,footballtransfers_etv_validated,True,False,44369340.0,8,False,False,934835760.0,84985069.0909091,26690040.0,145692640.0,5.4586894586894585,9,8,1,True,Group winner
France,Group I,Jules KOUNDE,Defender,Defender,Barcelona,269,3,4,63900000.0,EUR,63900000.0,72884340.0,2026-06-01,https://www.footballtransfers.com/en/players/jules-kounde,1.1406,2026-06-29,European Central Bank euro foreign exchange reference rates,FootballTransfers,https://www.footballtransfers.com/en/players/jules-kounde,footballtransfers_etv_validated,True,False,72884340.0,7,False,False,934835760.0,84985069.0909091,26690040.0,145692640.0,5.4586894586894585,9,8,1,True,Group winner
France,Group I,Michael OLISE,Forward,Forward,Bayern,233,3,5,170600000.0,EUR,170600000.0,194586360.0,2026-06-01,https://www.footballtransfers.com/en/players/michael-olise,1.1406,2026-06-29,European Central Bank euro foreign exchange reference rates,FootballTransfers,https://www.footballtransfers.com/en/players/michael-olise,footballtransfers_etv_validated,True,False,194586360.0,1,False,True,934835760.0,84985069.0909091,26690040.0,145692640.0,5.4586894586894585,9,8,1,True,Group winner
France,Group I,Ousmane DEMBELE,Forward,Forward,PSG,213,3,6,95800000.0,EUR,95800000.0,109269480.0,2026-06-01,https://www.footballtransfers.com/en/players/ousmane-dembele,1.1406,2026-06-29,European Central Bank euro foreign exchange reference rates,FootballTransfers,https://www.footballtransfers.com/en/players/ousmane-dembele,footballtransfers_etv_validated,True,False,109269480.0,5,False,False,934835760.0,84985069.0909091,26690040.0,145692640.0,5.4586894586894585,9,8,1,True,Group winner
France,Group I,Desire DOUE,Forward,Forward,PSG,208,2,7,99700000.0,EUR,99700000.0,113717820.0,2026-06-01,https://www.footballtransfers.com/en/players/desire-doue,1.1406,2026-06-29,European Central Bank euro foreign exchange reference rates,FootballTransfers,https://www.footballtransfers.com/en/players/desire-doue,footballtransfers_etv_validated,True,False,113717820.0,3,False,True,934835760.0,84985069.0909091,26690040.0,145692640.0,5.4586894586894585,9,8,1,True,Group winner
France,Group I,Aurelien TCHOUAMENI,Midfielder,Midfielder,Real Madrid,196,2,8,70200000.0,EUR,70200000.0,80070120.0,2026-06-01,https://www.footballtransfers.com/en/players/aurelien-tchouameni,1.1406,2026-06-29,European Central Bank euro foreign exchange reference rates,FootballTransfers,https://www.footballtransfers.com/en/players/aurelien-tchouameni,footballtransfers_etv_validated,True,False,80070120.0,6,False,False,934835760.0,84985069.0909091,26690040.0,145692640.0,5.4586894586894585,9,8,1,True,Group winner
France,Group I,Theo HERNANDEZ,Defender,Defender,Al-Hilal,196,2,9,28400000.0,EUR,28400000.0,32393040.0,2026-06-01,https://www.footballtransfers.com/en/players/theo-hernandez,1.1406,2026-06-29,European Central Bank euro foreign exchange reference rates,FootballTransfers,https://www.footballtransfers.com/en/players/theo-hernandez,footballtransfers_etv_validated,True,False,32393040.0,9,True,False,934835760.0,84985069.0909091,26690040.0,145692640.0,5.4586894586894585,9,8,1,True,Group winner
France,Group I,Adrien RABIOT,Midfielder,Midfielder,Milan,193,2,10,19600000.0,EUR,19600000.0,22355760.0,2026-06-01,https://www.footballtransfers.com/en/players/adrien-rabiot,1.1406,2026-06-29,European Central Bank euro foreign exchange reference rates,FootballTransfers,https://www.footballtransfers.com/en/players/adrien-rabiot,footballtransfers_etv_validated,True,False,22355760.0,11,True,False,934835760.0,84985069.0909091,26690040.0,145692640.0,5.4586894586894585,9,8,1,True,Group winner
France,Group I,William SALIBA,Defender,Defender,Arsenal,193,2,11,97400000.0,EUR,97400000.0,111094440.0,2026-06-01,https://www.footballtransfers.com/en/players/william-saliba,1.1406,2026-06-29,European Central Bank euro foreign exchange reference rates,FootballTransfers,https://www.footballtransfers.com/en/players/william-saliba,footballtransfers_etv_validated,True,False,111094440.0,4,False,False,934835760.0,84985069.0909091,26690040.0,145692640.0,5.4586894586894585,9,8,1,True,Group winner
Germany,Group E,Manuel NEUER,Goalkeeper,Goalkeeper,Bayern,292,3,1,2600000.0,EUR,2600000.0,2965560.0,2026-06-01,https://www.footballtransfers.com/en/players/manuel-neuer,1.1406,2026-06-29,European Central Bank euro foreign exchange reference rates,FootballTransfers,https://www.footballtransfers.com/en/players/manuel-neuer,footballtransfers_etv_validated,True,False,2965560.0,11,True,False,669874380.0,60897670.90909091,21177140.0,110828300.0,5.233393177737882,6,6,1,True,Group winner
Germany,Group E,Jonathan TAH,Defender,Defender,Bayern,268,3,2,31300000.0,EUR,31300000.0,35700780.0,2026-06-01,https://www.footballtransfers.com/en/players/jonathan-tah,1.1406,2026-06-29,European Central Bank euro foreign exchange reference rates,FootballTransfers,https://www.footballtransfers.com/en/players/jonathan-tah,footballtransfers_etv_validated,True,False,35700780.0,9,True,False,669874380.0,60897670.90909091,21177140.0,110828300.0,5.233393177737882,6,6,1,True,Group winner
Germany,Group E,Florian WIRTZ,Midfielder,Midfielder,Liverpool,267,3,3,115800000.0,EUR,115800000.0,132081480.0,2026-06-01,https://www.footballtransfers.com/en/players/florian-wirtz,1.1406,2026-06-29,European Central Bank euro foreign exchange reference rates,FootballTransfers,https://www.footballtransfers.com/en/players/florian-wirtz,footballtransfers_etv_validated,True,False,132081480.0,1,False,True,669874380.0,60897670.90909091,21177140.0,110828300.0,5.233393177737882,6,6,1,True,Group winner
Germany,Group E,Leroy SANE,Midfielder,Midfielder,Galatasaray,254,3,4,21800000.0,EUR,21800000.0,24865080.0,2026-06-01,https://www.footballtransfers.com/en/players/leroy-sane,1.1406,2026-06-29,European Central Bank euro foreign exchange reference rates,FootballTransfers,https://www.footballtransfers.com/en/players/leroy-sane,footballtransfers_etv_validated,True,False,24865080.0,10,True,False,669874380.0,60897670.90909091,21177140.0,110828300.0,5.233393177737882,6,6,1,True,Group winner
Germany,Group E,Aleksandar PAVLOVIC,Midfielder,Midfielder,Bayern,246,3,5,51700000.0,EUR,51700000.0,58969020.0,2026-06-01,https://www.footballtransfers.com/en/players/aleksandar-pavlovic-3,1.1406,2026-06-29,European Central Bank euro foreign exchange reference rates,FootballTransfers,https://www.footballtransfers.com/en/players/aleksandar-pavlovic-3,footballtransfers_etv_validated,True,False,58969020.0,5,False,False,669874380.0,60897670.90909091,21177140.0,110828300.0,5.233393177737882,6,6,1,True,Group winner
Germany,Group E,Joshua KIMMICH,Defender,Defender,Bayern,241,3,6,42900000.0,EUR,42900000.0,48931740.0,2026-06-01,https://www.footballtransfers.com/en/players/joshua-kimmich,1.1406,2026-06-29,European Central Bank euro foreign exchange reference rates,FootballTransfers,https://www.footballtransfers.com/en/players/joshua-kimmich,footballtransfers_etv_validated,True,False,48931740.0,8,False,False,669874380.0,60897670.90909091,21177140.0,110828300.0,5.233393177737882,6,6,1,True,Group winner
Germany,Group E,Kai HAVERTZ,Forward,Forward,Arsenal,241,3,7,60700000.0,EUR,60700000.0,69234420.0,2026-06-01,https://www.footballtransfers.com/en/players/kai-havertz,1.1406,2026-06-29,European Central Bank euro foreign exchange reference rates,FootballTransfers,https://www.footballtransfers.com/en/players/kai-havertz,footballtransfers_etv_validated,True,False,69234420.0,3,False,True,669874380.0,60897670.90909091,21177140.0,110828300.0,5.233393177737882,6,6,1,True,Group winner
Germany,Group E,Felix NMECHA,Midfielder,Midfielder,Dortmund,234,3,8,55900000.0,EUR,55900000.0,63759540.0,2026-06-01,https://www.footballtransfers.com/en/players/felix-kalu-nmecha,1.1406,2026-06-29,European Central Bank euro foreign exchange reference rates,FootballTransfers,https://www.footballtransfers.com/en/players/felix-kalu-nmecha,footballtransfers_etv_validated,True,False,63759540.0,4,False,False,669874380.0,60897670.90909091,21177140.0,110828300.0,5.233393177737882,6,6,1,True,Group winner
Germany,Group E,Jamal MUSIALA,Midfielder,Midfielder,Bayern,222,3,9,115000000.0,EUR,115000000.0,131169000.0,2026-06-01,https://www.footballtransfers.com/en/players/jamal-musiala,1.1406,2026-06-29,European Central Bank euro foreign exchange reference rates,FootballTransfers,https://www.footballtransfers.com/en/players/jamal-musiala,footballtransfers_etv_validated,True,False,131169000.0,2,False,True,669874380.0,60897670.90909091,21177140.0,110828300.0,5.233393177737882,6,6,1,True,Group winner
Germany,Group E,Nico SCHLOTTERBECK,Defender,Defender,Dortmund,186,2,10,43400000.0,EUR,43400000.0,49502040.0,2026-06-01,https://www.footballtransfers.com/en/players/nico-schlotterbeck,1.1406,2026-06-29,European Central Bank euro foreign exchange reference rates,FootballTransfers,https://www.footballtransfers.com/en/players/nico-schlotterbeck,footballtransfers_etv_validated,True,False,49502040.0,7,False,False,669874380.0,60897670.90909091,21177140.0,110828300.0,5.233393177737882,6,6,1,True,Group winner
Germany,Group E,Nathaniel BROWN,Defender,Defender,E. Frankfurt,170,2,11,46200000.0,EUR,46200000.0,52695720.0,2026-06-01,https://www.footballtransfers.com/en/players/nathaniel-brown-2,1.1406,2026-06-29,European Central Bank euro foreign exchange reference rates,FootballTransfers,https://www.footballtransfers.com/en/players/nathaniel-brown-2,footballtransfers_etv_validated,True,False,52695720.0,6,False,False,669874380.0,60897670.90909091,21177140.0,110828300.0,5.233393177737882,6,6,1,True,Group winner
Ghana,Group L,Antoine SEMENYO,Midfielder,Midfielder,Man City,297,3,1,71100000.0,EUR,71100000.0,81096660.0,2026-06-01,https://www.footballtransfers.com/en/players/antoine-semenyo,1.1406,2026-06-29,European Central Bank euro foreign exchange reference rates,FootballTransfers,https://www.footballtransfers.com/en/players/antoine-semenyo,footballtransfers_etv_validated,True,False,81096660.0,1,False,True,117187690.587,10653426.417,912480.0,32827283.529,35.97589375,4,0,3,True,Best third-place qualifier
Ghana,Group L,Gideon MENSAH,Defender,Defender,Auxerre,297,3,2,2300000.0,EUR,2300000.0,2623380.0,2026-06-01,https://www.footballtransfers.com/en/players/gideon-mensah,1.1406,2026-06-29,European Central Bank euro foreign exchange reference rates,FootballTransfers,https://www.footballtransfers.com/en/players/gideon-mensah,footballtransfers_etv_validated,True,False,2623380.0,8,False,False,117187690.587,10653426.417,912480.0,32827283.529,35.97589375,4,0,3,True,Best third-place qualifier
Ghana,Group L,Jonas ADJETEY,Defender,Defender,Wolfsburg,289,3,3,9300000.0,EUR,9300000.0,10607580.0,2026-06-01,https://www.footballtransfers.com/en/players/jonas-adjetey,1.1406,2026-06-29,European Central Bank euro foreign exchange reference rates,FootballTransfers,https://www.footballtransfers.com/en/players/jonas-adjetey,footballtransfers_etv_validated,True,False,10607580.0,2,False,True,117187690.587,10653426.417,912480.0,32827283.529,35.97589375,4,0,3,True,Best third-place qualifier
Ghana,Group L,Marvin SENAYA,Defender,Defender,Auxerre,287,3,4,2600000.0,EUR,2600000.0,2965560.0,2026-06-01,https://www.footballtransfers.com/en/players/marvin-senaya,1.1406,2026-06-29,European Central Bank euro foreign exchange reference rates,FootballTransfers,https://www.footballtransfers.com/en/players/marvin-senaya,footballtransfers_etv_validated,True,False,2965560.0,5,False,False,117187690.587,10653426.417,912480.0,32827283.529,35.97589375,4,0,3,True,Best third-place qualifier
Ghana,Group L,Jordan AYEW,Forward,Forward,Leicester,224,3,5,1200000.0,EUR,1200000.0,1368720.0,2026-06-01,https://www.footballtransfers.com/en/players/jordan-ayew,1.1406,2026-06-29,European Central Bank euro foreign exchange reference rates,FootballTransfers,https://www.footballtransfers.com/en/players/jordan-ayew,footballtransfers_etv_validated,True,False,1368720.0,9,True,False,117187690.587,10653426.417,912480.0,32827283.529,35.97589375,4,0,3,True,Best third-place qualifier
Ghana,Group L,Caleb YIRENKYI,Midfielder,Midfielder,,212,2,6,5942145.0,EUR,,,2026-06-01,https://www.fotmob.com/players/1615927/caleb-yirenkyi,1.1406,2026-06-29,European Central Bank euro foreign exchange reference rates,FotMob / SciSports,https://www.fotmob.com/players/1615927/caleb-yirenkyi,fotmob_scisports_market_value_latest_pre_cutoff,True,True,6777610.587,3,False,True,117187690.587,10653426.417,912480.0,32827283.529,35.97589375,4,0,3,True,Best third-place qualifier
Ghana,Group L,Benjamin ASARE,Goalkeeper,Goalkeeper,,207,2,7,100000.0,EUR,,,2026-06-05,https://www.transfermarkt.com/schnellsuche/ergebnis/schnellsuche?query=Benjamin+Asare,1.1406,2026-06-29,European Central Bank euro foreign exchange reference rates,Transfermarkt,https://www.transfermarkt.com/schnellsuche/ergebnis/schnellsuche?query=Benjamin+Asare,manual indexed market value,True,True,114060.0,11,True,False,117187690.587,10653426.417,912480.0,32827283.529,35.97589375,4,0,3,True,Best third-place qualifier
Ghana,Group L,Kwasi SIBO,Midfielder,Midfielder,Real Oviedo,206,2,8,1100000.0,EUR,1100000.0,1254660.0,2026-06-01,https://www.footballtransfers.com/en/players/kwasi-sibo,1.1406,2026-06-29,European Central Bank euro foreign exchange reference rates,FootballTransfers,https://www.footballtransfers.com/en/players/kwasi-sibo,footballtransfers_etv_validated,True,False,1254660.0,10,True,False,117187690.587,10653426.417,912480.0,32827283.529,35.97589375,4,0,3,True,Best third-place qualifier
Ghana,Group L,Jerome OPOKU,Defender,Defender,Istanbul Basaksehir FK,199,2,9,3900000.0,EUR,3900000.0,4448340.0,2026-06-01,https://www.footballtransfers.com/en/players/jerome-opoku,1.1406,2026-06-29,European Central Bank euro foreign exchange reference rates,FootballTransfers,https://www.footballtransfers.com/en/players/jerome-opoku,footballtransfers_etv_validated,True,False,4448340.0,4,False,False,117187690.587,10653426.417,912480.0,32827283.529,35.97589375,4,0,3,True,Best third-place qualifier
Ghana,Group L,Thomas PARTEY,Midfielder,Midfielder,Villarreal,195,2,10,2600000.0,EUR,2600000.0,2965560.0,2026-06-01,https://www.footballtransfers.com/en/players/thomas-partey,1.1406,2026-06-29,European Central Bank euro foreign exchange reference rates,FootballTransfers,https://www.footballtransfers.com/en/players/thomas-partey,footballtransfers_etv_validated,True,False,2965560.0,6,False,False,117187690.587,10653426.417,912480.0,32827283.529,35.97589375,4,0,3,True,Best third-place qualifier
Ghana,Group L,Elisha OWUSU,Midfielder,Midfielder,Auxerre,168,2,11,2600000.0,EUR,2600000.0,2965560.0,2026-06-01,https://www.footballtransfers.com/en/players/elisha-owusu,1.1406,2026-06-29,European Central Bank euro foreign exchange reference rates,FootballTransfers,https://www.footballtransfers.com/en/players/elisha-owusu,footballtransfers_etv_validated,True,False,2965560.0,7,False,False,117187690.587,10653426.417,912480.0,32827283.529,35.97589375,4,0,3,True,Best third-place qualifier
Haiti,Group C,Hannes DELCROIX,Defender,Defender,Lugano,294,3,1,1100000.0,EUR,1100000.0,1254660.0,2026-06-01,https://www.footballtransfers.com/en/players/hannes-delcroix,1.1406,2026-06-29,European Central Bank euro foreign exchange reference rates,FootballTransfers,https://www.footballtransfers.com/en/players/hannes-delcroix,footballtransfers_etv_validated,True,False,1254660.0,7,False,False,34471669.44,3133788.130909091,258234.8816,9086780.0,35.18804254366851,0,-6,4,False,Eliminated
Haiti,Group C,Johny Placide,Goalkeeper,Goalkeeper,,294,3,2,197911.0,EUR,,,2026-06-01,https://www.fotmob.com/players/103468/johny-placide,1.1406,2026-06-29,European Central Bank euro foreign exchange reference rates,FotMob / SciSports,https://www.fotmob.com/players/103468/johny-placide,fotmob_scisports_market_value_latest_pre_cutoff,True,True,225737.28660000002,10,True,False,34471669.44,3133788.130909091,258234.8816,9086780.0,35.18804254366851,0,-6,4,False,Eliminated
Haiti,Group C,Martin EXPERIENCE,Defender,Defender,,294,3,3,181297.0,EUR,,,2026-06-01,https://www.fotmob.com/players/1181438/martin-experience,1.1406,2026-06-29,European Central Bank euro foreign exchange reference rates,FotMob / SciSports,https://www.fotmob.com/players/1181438/martin-experience,fotmob_scisports_market_value_latest_pre_cutoff,True,True,206787.35820000002,11,True,False,34471669.44,3133788.130909091,258234.8816,9086780.0,35.18804254366851,0,-6,4,False,Eliminated
Haiti,Group C,Ricardo Ade,Defender,Defender,,294,3,4,343192.0,EUR,,,2026-06-01,https://www.fotmob.com/players/532700/ricardo-ade,1.1406,2026-06-29,European Central Bank euro foreign exchange reference rates,FotMob / SciSports,https://www.fotmob.com/players/532700/ricardo-ade,fotmob_scisports_market_value_latest_pre_cutoff,True,True,391444.7952,8,False,False,34471669.44,3133788.130909091,258234.8816,9086780.0,35.18804254366851,0,-6,4,False,Eliminated
Haiti,Group C,Jean-Ricner Bellegarde,Midfielder,Midfielder,Wolves,279,3,5,17600000.0,EUR,17600000.0,20074560.0,2026-06-01,https://www.footballtransfers.com/en/players/jeanricner-bellegarde,1.1406,2026-06-29,European Central Bank euro foreign exchange reference rates,FootballTransfers,https://www.footballtransfers.com/en/players/jeanricner-bellegarde,footballtransfers_etv_validated,True,False,20074560.0,1,False,True,34471669.44,3133788.130909091,258234.8816,9086780.0,35.18804254366851,0,-6,4,False,Eliminated
Haiti,Group C,Danley JEAN JACQUES,Midfielder,Midfielder,Philadelphia,275,3,6,1900000.0,EUR,1900000.0,2167140.0,2026-06-01,https://www.footballtransfers.com/en/players/jean-jacques-danley,1.1406,2026-06-29,European Central Bank euro foreign exchange reference rates,FootballTransfers,https://www.footballtransfers.com/en/players/jean-jacques-danley,footballtransfers_etv_validated,True,False,2167140.0,3,False,True,34471669.44,3133788.130909091,258234.8816,9086780.0,35.18804254366851,0,-6,4,False,Eliminated
Haiti,Group C,Ruben PROVIDENCE,Forward,Forward,Almere City,223,3,7,300000.0,EUR,300000.0,342180.0,2026-06-01,https://www.footballtransfers.com/en/players/ruben-providence,1.1406,2026-06-29,European Central Bank euro foreign exchange reference rates,FootballTransfers,https://www.footballtransfers.com/en/players/ruben-providence,footballtransfers_etv_validated,True,False,342180.0,9,True,False,34471669.44,3133788.130909091,258234.8816,9086780.0,35.18804254366851,0,-6,4,False,Eliminated
Haiti,Group C,Carlens ARCUS,Defender,Defender,Angers,208,2,8,1300000.0,EUR,1300000.0,1482780.0,2026-06-01,https://www.footballtransfers.com/en/players/carlens-jean-fedlaire-ruby-arcus,1.1406,2026-06-29,European Central Bank euro foreign exchange reference rates,FootballTransfers,https://www.footballtransfers.com/en/players/carlens-jean-fedlaire-ruby-arcus,footballtransfers_etv_validated,True,False,1482780.0,6,False,False,34471669.44,3133788.130909091,258234.8816,9086780.0,35.18804254366851,0,-6,4,False,Eliminated
Haiti,Group C,Frantzdy Pierrot,Forward,Forward,Rizespor,205,2,9,1400000.0,EUR,1400000.0,1596840.0,2026-06-01,https://www.footballtransfers.com/en/players/frantzdy-pierrot,1.1406,2026-06-29,European Central Bank euro foreign exchange reference rates,FootballTransfers,https://www.footballtransfers.com/en/players/frantzdy-pierrot,footballtransfers_etv_validated,True,False,1596840.0,5,False,False,34471669.44,3133788.130909091,258234.8816,9086780.0,35.18804254366851,0,-6,4,False,Eliminated
Haiti,Group C,Josue CASIMIR,Forward,Forward,Auxerre,199,2,10,4400000.0,EUR,4400000.0,5018640.0,2026-06-01,https://www.footballtransfers.com/en/players/josue-casimir,1.1406,2026-06-29,European Central Bank euro foreign exchange reference rates,FootballTransfers,https://www.footballtransfers.com/en/players/josue-casimir,footballtransfers_etv_validated,True,False,5018640.0,2,False,True,34471669.44,3133788.130909091,258234.8816,9086780.0,35.18804254366851,0,-6,4,False,Eliminated
Haiti,Group C,Jean-Kevin DUVERNE,Defender,Defender,Gent,176,2,11,1500000.0,EUR,1500000.0,1710900.0,2026-06-01,https://www.footballtransfers.com/en/players/jeankevin-duverne,1.1406,2026-06-29,European Central Bank euro foreign exchange reference rates,FootballTransfers,https://www.footballtransfers.com/en/players/jeankevin-duverne,footballtransfers_etv_validated,True,False,1710900.0,4,False,False,34471669.44,3133788.130909091,258234.8816,9086780.0,35.18804254366851,0,-6,4,False,Eliminated
IR Iran,Group G,Ali NEMATI,Defender,Defender,,291,3,1,162663.0,EUR,,,2026-06-01,https://www.fotmob.com/players/872575/ali-nemati,1.1406,2026-06-29,European Central Bank euro foreign exchange reference rates,FotMob / SciSports,https://www.fotmob.com/players/872575/ali-nemati,fotmob_scisports_market_value_latest_pre_cutoff,True,True,185533.4178,9,True,False,9169063.2642,833551.2058363636,117500.4298,1596840.0,13.590077948804236,3,0,3,False,Eliminated
IR Iran,Group G,Alireza BEIRANVAND,Goalkeeper,Goalkeeper,,291,3,2,167812.0,EUR,,,2026-06-01,https://www.fotmob.com/players/505313/alireza-beiranvand,1.1406,2026-06-29,European Central Bank euro foreign exchange reference rates,FotMob / SciSports,https://www.fotmob.com/players/505313/alireza-beiranvand,fotmob_scisports_market_value_latest_pre_cutoff,True,True,191406.3672,8,False,False,9169063.2642,833551.2058363636,117500.4298,1596840.0,13.590077948804236,3,0,3,False,Eliminated
IR Iran,Group G,Ramin REZAEIAN,Defender,Defender,,291,3,3,78208.0,EUR,,,2026-06-01,https://www.fotmob.com/players/505959/ramin-rezaeian,1.1406,2026-06-29,European Central Bank euro foreign exchange reference rates,FotMob / SciSports,https://www.fotmob.com/players/505959/ramin-rezaeian,fotmob_scisports_market_value_latest_pre_cutoff,True,True,89204.0448,10,True,False,9169063.2642,833551.2058363636,117500.4298,1596840.0,13.590077948804236,3,0,3,False,Eliminated
IR Iran,Group G,Shoja KHALILZADEH,Defender,Defender,,291,3,4,68178.0,EUR,,,2026-06-01,https://www.fotmob.com/players/511397/shoja-khalilzadeh,1.1406,2026-06-29,European Central Bank euro foreign exchange reference rates,FotMob / SciSports,https://www.fotmob.com/players/511397/shoja-khalilzadeh,fotmob_scisports_market_value_latest_pre_cutoff,True,True,77763.82680000001,11,True,False,9169063.2642,833551.2058363636,117500.4298,1596840.0,13.590077948804236,3,0,3,False,Eliminated
IR Iran,Group G,Saeid EZATOLAHI,Midfielder,Midfielder,,280,3,5,915421.0,EUR,,,2026-06-01,https://www.fotmob.com/players/505281/saeid-ezatolahi,1.1406,2026-06-29,European Central Bank euro foreign exchange reference rates,FotMob / SciSports,https://www.fotmob.com/players/505281/saeid-ezatolahi,fotmob_scisports_market_value_latest_pre_cutoff,True,True,1044129.1926000001,5,False,False,9169063.2642,833551.2058363636,117500.4298,1596840.0,13.590077948804236,3,0,3,False,Eliminated
IR Iran,Group G,Mehdi TAREMI,Forward,Forward,Olympiacos,275,3,6,1700000.0,EUR,1700000.0,1939020.0,2026-06-01,https://www.footballtransfers.com/en/players/mehdi-taremi,1.1406,2026-06-29,European Central Bank euro foreign exchange reference rates,FootballTransfers,https://www.footballtransfers.com/en/players/mehdi-taremi,footballtransfers_etv_validated,True,False,1939020.0,1,False,True,9169063.2642,833551.2058363636,117500.4298,1596840.0,13.590077948804236,3,0,3,False,Eliminated
IR Iran,Group G,Mohammad MOHEBBI,Midfielder,Midfielder,,252,3,7,1500000.0,EUR,1500000.0,1710900.0,,https://www.footballtransfers.com/en/players/mohammad-mohebi,1.1406,2026-06-29,European Central Bank euro foreign exchange reference rates,FootballTransfers,https://www.footballtransfers.com/en/players/mohammad-mohebi,manual_fallback_footballtransfers_search_cache_date_unverified,False,True,1710900.0,2,False,True,9169063.2642,833551.2058363636,117500.4298,1596840.0,13.590077948804236,3,0,3,False,Eliminated
IR Iran,Group G,Milad MOHAMMADI,Defender,Defender,,225,2,8,900000.0,EUR,,,2026-05-21,https://www.transfermarkt.com/schnellsuche/ergebnis/schnellsuche?query=Milad+Mohammadi,1.1406,2026-06-29,European Central Bank euro foreign exchange reference rates,Transfermarkt,https://www.transfermarkt.com/schnellsuche/ergebnis/schnellsuche?query=Milad+Mohammadi,manual indexed market value,True,True,1026540.0,6,False,False,9169063.2642,833551.2058363636,117500.4298,1596840.0,13.590077948804236,3,0,3,False,Eliminated
IR Iran,Group G,Saman GHODDOS,Midfielder,Midfielder,Al Ittihad,211,3,9,1000000.0,EUR,1000000.0,1140600.0,2026-06-01,https://www.footballtransfers.com/en/players/saman-ghoddos,1.1406,2026-06-29,European Central Bank euro foreign exchange reference rates,FootballTransfers,https://www.footballtransfers.com/en/players/saman-ghoddos,footballtransfers_etv_validated,True,False,1140600.0,3,False,True,9169063.2642,833551.2058363636,117500.4298,1596840.0,13.590077948804236,3,0,3,False,Eliminated
IR Iran,Group G,Hossein KANANI,Defender,Defender,,186,2,10,996782.0,EUR,,,2026-06-01,https://www.fotmob.com/players/500637/hossein-kanani,1.1406,2026-06-29,European Central Bank euro foreign exchange reference rates,FotMob / SciSports,https://www.fotmob.com/players/500637/hossein-kanani,fotmob_scisports_market_value_latest_pre_cutoff,True,True,1136929.5492,4,False,False,9169063.2642,833551.2058363636,117500.4298,1596840.0,13.590077948804236,3,0,3,False,Eliminated
IR Iran,Group G,Shahriyar MOGHANLOO,Forward,Forward,,102,1,11,549743.0,EUR,,,2026-06-01,https://www.fotmob.com/players/641121/shahriyar-moghanloo,1.1406,2026-06-29,European Central Bank euro foreign exchange reference rates,FotMob / SciSports,https://www.fotmob.com/players/641121/shahriyar-moghanloo,fotmob_scisports_market_value_latest_pre_cutoff,True,True,627036.8658,7,False,False,9169063.2642,833551.2058363636,117500.4298,1596840.0,13.590077948804236,3,0,3,False,Eliminated
Iraq,Group I,AKAM HASHIM,Defender,Defender,,288,3,1,700000.0,EUR,,,,https://www.transfermarkt.com/schnellsuche/ergebnis/schnellsuche?query=Akam+Hashem,1.1406,2026-06-29,European Central Bank euro foreign exchange reference rates,Transfermarkt,https://www.transfermarkt.com/schnellsuche/ergebnis/schnellsuche?query=Akam+Hashem,manual indexed market value,False,True,798420.0,7,False,False,13170961.0182,1197360.0925636364,398220.3394,2547340.0,6.396810378490677,0,-11,4,False,Eliminated
Iraq,Group I,MERCHAS DOSKI,Defender,Defender,V. Plzen,288,3,2,900000.0,EUR,900000.0,1026540.0,2026-06-01,https://www.footballtransfers.com/en/players/merchas-doski,1.1406,2026-06-29,European Central Bank euro foreign exchange reference rates,FootballTransfers,https://www.footballtransfers.com/en/players/merchas-doski,footballtransfers_etv_validated,True,False,1026540.0,4,False,False,13170961.0182,1197360.0925636364,398220.3394,2547340.0,6.396810378490677,0,-11,4,False,Eliminated
Iraq,Group I,AMIR ALAMMARI,Midfielder,Midfielder,Cracovia,263,3,3,800000.0,EUR,800000.0,912480.0,2026-06-02,https://www.footballtransfers.com/en/players/amir-alammari,1.1406,2026-06-29,European Central Bank euro foreign exchange reference rates,FootballTransfers,https://www.footballtransfers.com/en/players/amir-alammari,footballtransfers_etv_validated,True,False,912480.0,5,False,False,13170961.0182,1197360.0925636364,398220.3394,2547340.0,6.396810378490677,0,-11,4,False,Eliminated
Iraq,Group I,IBRAHIM BAYESH,Midfielder,Midfielder,,243,3,4,800000.0,EUR,,,2026-05-26,https://www.transfermarkt.com/schnellsuche/ergebnis/schnellsuche?query=Ibrahim+Bayesh,1.1406,2026-06-29,European Central Bank euro foreign exchange reference rates,Transfermarkt,https://www.transfermarkt.com/schnellsuche/ergebnis/schnellsuche?query=Ibrahim+Bayesh,manual indexed market value,True,True,912480.0,6,False,False,13170961.0182,1197360.0925636364,398220.3394,2547340.0,6.396810378490677,0,-11,4,False,Eliminated
Iraq,Group I,ZIDANE IQBAL,Midfielder,Midfielder,Jong FC Utrecht,199,2,5,1600000.0,EUR,1600000.0,1824960.0,2026-06-01,https://www.footballtransfers.com/en/players/zidane-iqbal,1.1406,2026-06-29,European Central Bank euro foreign exchange reference rates,FootballTransfers,https://www.footballtransfers.com/en/players/zidane-iqbal,footballtransfers_etv_validated,True,False,1824960.0,2,False,True,13170961.0182,1197360.0925636364,398220.3394,2547340.0,6.396810378490677,0,-11,4,False,Eliminated
Iraq,Group I,ALI ALHAMADI,Forward,Forward,Luton,183,2,6,1600000.0,EUR,1600000.0,1824960.0,2026-06-02,https://www.footballtransfers.com/en/players/ali-alhamadi,1.1406,2026-06-29,European Central Bank euro foreign exchange reference rates,FootballTransfers,https://www.footballtransfers.com/en/players/ali-alhamadi,footballtransfers_etv_validated,True,False,1824960.0,3,False,True,13170961.0182,1197360.0925636364,398220.3394,2547340.0,6.396810378490677,0,-11,4,False,Eliminated
Iraq,Group I,AHMED BASIL,Goalkeeper,Goalkeeper,,183,2,7,450000.0,EUR,,,,https://www.transfermarkt.com/schnellsuche/ergebnis/schnellsuche?query=Ahmed+Basil+Fadhil,1.1406,2026-06-29,European Central Bank euro foreign exchange reference rates,Transfermarkt,https://www.transfermarkt.com/schnellsuche/ergebnis/schnellsuche?query=Ahmed+Basil+Fadhil,manual indexed market value,False,True,513270.0,9,True,False,13170961.0182,1197360.0925636364,398220.3394,2547340.0,6.396810378490677,0,-11,4,False,Eliminated
Iraq,Group I,Hussein Ali,Defender,Defender,,166,2,8,400000.0,EUR,,,2026-06-04,https://www.transfermarkt.com/schnellsuche/ergebnis/schnellsuche?query=Hussein+Ali,1.1406,2026-06-29,European Central Bank euro foreign exchange reference rates,Transfermarkt,https://www.transfermarkt.com/schnellsuche/ergebnis/schnellsuche?query=Hussein+Ali,manual indexed market value,True,True,456240.0,10,True,False,13170961.0182,1197360.0925636364,398220.3394,2547340.0,6.396810378490677,0,-11,4,False,Eliminated
Iraq,Group I,ZAID TAHSEEN,Defender,Defender,,158,2,9,197397.0,EUR,,,2026-06-01,https://www.fotmob.com/players/1420369/zaid-tahseen,1.1406,2026-06-29,European Central Bank euro foreign exchange reference rates,FotMob / SciSports,https://www.fotmob.com/players/1420369/zaid-tahseen,fotmob_scisports_market_value_latest_pre_cutoff,True,True,225151.01820000002,11,True,False,13170961.0182,1197360.0925636364,398220.3394,2547340.0,6.396810378490677,0,-11,4,False,Eliminated
Iraq,Group I,AHMED QASEM,Forward,Forward,Nashville,134,2,10,3500000.0,EUR,3500000.0,3992100.0,2026-06-01,https://www.footballtransfers.com/en/players/ahmed-qasem,1.1406,2026-06-29,European Central Bank euro foreign exchange reference rates,FootballTransfers,https://www.footballtransfers.com/en/players/ahmed-qasem,footballtransfers_etv_validated,True,False,3992100.0,1,False,True,13170961.0182,1197360.0925636364,398220.3394,2547340.0,6.396810378490677,0,-11,4,False,Eliminated
Iraq,Group I,ALI JASIM,Forward,Forward,Al-Najma SC,130,2,11,600000.0,EUR,600000.0,684360.0,2026-06-01,https://www.footballtransfers.com/en/players/ali-jasim-1,1.1406,2026-06-29,European Central Bank euro foreign exchange reference rates,FootballTransfers,https://www.footballtransfers.com/en/players/ali-jasim-1,footballtransfers_etv_validated,True,False,684360.0,8,False,False,13170961.0182,1197360.0925636364,398220.3394,2547340.0,6.396810378490677,0,-11,4,False,Eliminated
Japan,Group F,Hiroki ITO,Defender,Defender,Bayern,292,3,1,19400000.0,EUR,19400000.0,22127640.0,2026-06-01,https://www.footballtransfers.com/en/players/hiroki-ito,1.1406,2026-06-29,European Central Bank euro foreign exchange reference rates,FootballTransfers,https://www.footballtransfers.com/en/players/hiroki-ito,footballtransfers_etv_validated,True,False,22127640.0,4,False,False,181697580.0,16517961.818181818,4828540.0,28515000.0,5.905511811023622,5,4,2,True,Runner-up
Japan,Group F,Zion Suzuki,Goalkeeper,Goalkeeper,Parma,292,3,2,24100000.0,EUR,24100000.0,27488460.0,2026-06-01,https://www.footballtransfers.com/en/players/zion-suzuki,1.1406,2026-06-29,European Central Bank euro foreign exchange reference rates,FootballTransfers,https://www.footballtransfers.com/en/players/zion-suzuki,footballtransfers_etv_validated,True,False,27488460.0,2,False,True,181697580.0,16517961.818181818,4828540.0,28515000.0,5.905511811023622,5,4,2,True,Runner-up
Japan,Group F,Daichi KAMADA,Midfielder,Midfielder,C. Palace,269,3,3,10200000.0,EUR,10200000.0,11634120.0,2026-06-01,https://www.footballtransfers.com/en/players/daichi-kamada,1.1406,2026-06-29,European Central Bank euro foreign exchange reference rates,FootballTransfers,https://www.footballtransfers.com/en/players/daichi-kamada,footballtransfers_etv_validated,True,False,11634120.0,8,False,False,181697580.0,16517961.818181818,4828540.0,28515000.0,5.905511811023622,5,4,2,True,Runner-up
Japan,Group F,Keito Nakamura,Midfielder,Midfielder,Reims,250,3,4,9900000.0,EUR,9900000.0,11291940.0,2026-06-01,https://www.footballtransfers.com/en/players/keito-nakamura,1.1406,2026-06-29,European Central Bank euro foreign exchange reference rates,FootballTransfers,https://www.footballtransfers.com/en/players/keito-nakamura,footballtransfers_etv_validated,True,False,11291940.0,9,True,False,181697580.0,16517961.818181818,4828540.0,28515000.0,5.905511811023622,5,4,2,True,Runner-up
Japan,Group F,Ayase UEDA,Forward,Forward,Feyenoord,234,3,5,17300000.0,EUR,17300000.0,19732380.0,2026-06-01,https://www.footballtransfers.com/en/players/ueda-ayase,1.1406,2026-06-29,European Central Bank euro foreign exchange reference rates,FootballTransfers,https://www.footballtransfers.com/en/players/ueda-ayase,footballtransfers_etv_validated,True,False,19732380.0,5,False,False,181697580.0,16517961.818181818,4828540.0,28515000.0,5.905511811023622,5,4,2,True,Runner-up
Japan,Group F,Ritsu DOAN,Midfielder,Midfielder,E. Frankfurt,215,3,6,21700000.0,EUR,21700000.0,24751020.0,2026-06-01,https://www.footballtransfers.com/en/players/ritsu-doan,1.1406,2026-06-29,European Central Bank euro foreign exchange reference rates,FootballTransfers,https://www.footballtransfers.com/en/players/ritsu-doan,footballtransfers_etv_validated,True,False,24751020.0,3,False,True,181697580.0,16517961.818181818,4828540.0,28515000.0,5.905511811023622,5,4,2,True,Runner-up
Japan,Group F,Ao TANAKA,Midfielder,Midfielder,Leeds Utd,195,2,7,12100000.0,EUR,12100000.0,13801260.0,2026-06-01,https://www.footballtransfers.com/en/players/ao-tanaka,1.1406,2026-06-29,European Central Bank euro foreign exchange reference rates,FootballTransfers,https://www.footballtransfers.com/en/players/ao-tanaka,footballtransfers_etv_validated,True,False,13801260.0,7,False,False,181697580.0,16517961.818181818,4828540.0,28515000.0,5.905511811023622,5,4,2,True,Runner-up
Japan,Group F,Kaishu SANO,Midfielder,Midfielder,Mainz 05,194,2,8,29200000.0,EUR,29200000.0,33305520.0,2026-06-01,https://www.footballtransfers.com/en/players/kaishu-sano,1.1406,2026-06-29,European Central Bank euro foreign exchange reference rates,FootballTransfers,https://www.footballtransfers.com/en/players/kaishu-sano,footballtransfers_etv_validated,True,False,33305520.0,1,False,True,181697580.0,16517961.818181818,4828540.0,28515000.0,5.905511811023622,5,4,2,True,Runner-up
Japan,Group F,Daizen MAEDA,Midfielder,Midfielder,Celtic,164,2,9,12600000.0,EUR,12600000.0,14371560.0,2026-06-01,https://www.footballtransfers.com/en/players/daizen-maeda,1.1406,2026-06-29,European Central Bank euro foreign exchange reference rates,FootballTransfers,https://www.footballtransfers.com/en/players/daizen-maeda,footballtransfers_etv_validated,True,False,14371560.0,6,False,False,181697580.0,16517961.818181818,4828540.0,28515000.0,5.905511811023622,5,4,2,True,Runner-up
Japan,Group F,Junya ITO,Midfielder,Midfielder,Genk,160,1,10,2300000.0,EUR,2300000.0,2623380.0,2026-06-01,https://www.footballtransfers.com/en/players/junya-ito,1.1406,2026-06-29,European Central Bank euro foreign exchange reference rates,FootballTransfers,https://www.footballtransfers.com/en/players/junya-ito,footballtransfers_etv_validated,True,False,2623380.0,10,True,False,181697580.0,16517961.818181818,4828540.0,28515000.0,5.905511811023622,5,4,2,True,Runner-up
Japan,Group F,Shogo TANIGUCHI,Defender,Defender,Sint-Truiden,156,1,11,500000.0,EUR,500000.0,570300.0,2026-05-01,https://www.footballtransfers.com/en/players/shogo-taniguchi,1.1406,2026-06-29,European Central Bank euro foreign exchange reference rates,FootballTransfers,https://www.footballtransfers.com/en/players/shogo-taniguchi,footballtransfers_etv_validated,True,False,570300.0,11,True,False,181697580.0,16517961.818181818,4828540.0,28515000.0,5.905511811023622,5,4,2,True,Runner-up
Jordan,Group J,NOOR ALRAWABDEH,Midfielder,Midfielder,,297,3,1,500000.0,EUR,,,,https://www.transfermarkt.com/schnellsuche/ergebnis/schnellsuche?query=Noor+Al+Rawabdeh,1.1406,2026-06-29,European Central Bank euro foreign exchange reference rates,Transfermarkt,https://www.transfermarkt.com/schnellsuche/ergebnis/schnellsuche?query=Noor+Al+Rawabdeh,manual indexed market value,False,True,570300.0,3,False,True,10278960.5934,934450.9630363636,297301.192,2433280.0,8.184561870172388,0,-5,4,False,Eliminated
Jordan,Group J,YAZAN ALARAB,Defender,Defender,,297,3,2,600000.0,EUR,600000.0,684360.0,,https://www.footballtransfers.com/en/players/yazan-alarab,1.1406,2026-06-29,European Central Bank euro foreign exchange reference rates,FootballTransfers,https://www.footballtransfers.com/en/players/yazan-alarab,footballtransfers_etv_profile_value_date_unverified,False,True,684360.0,2,False,True,10278960.5934,934450.9630363636,297301.192,2433280.0,8.184561870172388,0,-5,4,False,Eliminated
Jordan,Group J,YAZEED ABULAILA,Goalkeeper,Goalkeeper,,297,3,3,300000.0,EUR,,,2026-06-03,https://www.transfermarkt.com/schnellsuche/ergebnis/schnellsuche?query=Yazeed+Abulaila,1.1406,2026-06-29,European Central Bank euro foreign exchange reference rates,Transfermarkt,https://www.transfermarkt.com/schnellsuche/ergebnis/schnellsuche?query=Yazeed+Abulaila,manual indexed market value,True,True,342180.0,9,True,False,10278960.5934,934450.9630363636,297301.192,2433280.0,8.184561870172388,0,-5,4,False,Eliminated
Jordan,Group J,ALI OLWAN,Forward,Forward,,283,3,4,344010.0,EUR,,,2026-06-01,https://www.fotmob.com/players/1028896/ali-olwan,1.1406,2026-06-29,European Central Bank euro foreign exchange reference rates,FotMob / SciSports,https://www.fotmob.com/players/1028896/ali-olwan,fotmob_scisports_market_value_latest_pre_cutoff,True,True,392377.80600000004,8,False,False,10278960.5934,934450.9630363636,297301.192,2433280.0,8.184561870172388,0,-5,4,False,Eliminated
Jordan,Group J,MOHANNAD ABUTAHA,Midfielder,Midfielder,,283,3,5,385919.0,EUR,,,2025-08-01,https://www.fotmob.com/players/1247001/mohannad-abu-taha,1.1406,2026-06-29,European Central Bank euro foreign exchange reference rates,FotMob / SciSports,https://www.fotmob.com/players/1247001/mohannad-abu-taha,fotmob_scisports_market_value_latest_pre_cutoff,True,True,440179.21140000003,5,False,False,10278960.5934,934450.9630363636,297301.192,2433280.0,8.184561870172388,0,-5,4,False,Eliminated
Jordan,Group J,NIZAR ALRASHDAN,Midfielder,Midfielder,,277,3,6,181960.0,EUR,,,2026-06-01,https://www.fotmob.com/players/1195369/nizar-al-rashdan,1.1406,2026-06-29,European Central Bank euro foreign exchange reference rates,FotMob / SciSports,https://www.fotmob.com/players/1195369/nizar-al-rashdan,fotmob_scisports_market_value_latest_pre_cutoff,True,True,207543.576,11,True,False,10278960.5934,934450.9630363636,297301.192,2433280.0,8.184561870172388,0,-5,4,False,Eliminated
Jordan,Group J,ABDALLAH NASIB,Defender,Defender,,275,3,7,400000.0,EUR,,,,https://www.transfermarkt.com/schnellsuche/ergebnis/schnellsuche?query=Abdallah+Nasib,1.1406,2026-06-29,European Central Bank euro foreign exchange reference rates,Transfermarkt,https://www.transfermarkt.com/schnellsuche/ergebnis/schnellsuche?query=Abdallah+Nasib,manual indexed market value,False,True,456240.0,4,False,False,10278960.5934,934450.9630363636,297301.192,2433280.0,8.184561870172388,0,-5,4,False,Eliminated
Jordan,Group J,EHSAN HADDAD,Defender,Defender,,275,3,8,300000.0,EUR,,,2026-06-03,https://www.transfermarkt.com/schnellsuche/ergebnis/schnellsuche?query=Ehsan+Haddad,1.1406,2026-06-29,European Central Bank euro foreign exchange reference rates,Transfermarkt,https://www.transfermarkt.com/schnellsuche/ergebnis/schnellsuche?query=Ehsan+Haddad,manual indexed market value,True,True,342180.0,10,True,False,10278960.5934,934450.9630363636,297301.192,2433280.0,8.184561870172388,0,-5,4,False,Eliminated
Jordan,Group J,ODEH FAKHOURY,Forward,Forward,,200,2,9,350000.0,EUR,,,2026-05-20,https://www.transfermarkt.com/schnellsuche/ergebnis/schnellsuche?query=Odeh+Fakhoury,1.1406,2026-06-29,European Central Bank euro foreign exchange reference rates,Transfermarkt,https://www.transfermarkt.com/schnellsuche/ergebnis/schnellsuche?query=Odeh+Fakhoury,manual indexed market value,True,True,399210.0,6,False,False,10278960.5934,934450.9630363636,297301.192,2433280.0,8.184561870172388,0,-5,4,False,Eliminated
Jordan,Group J,HUSAM ABUDAHAB,Defender,Defender,,180,2,10,350000.0,EUR,,,2026-06-03,https://www.transfermarkt.com/schnellsuche/ergebnis/schnellsuche?query=Husam+Abu+Dahab,1.1406,2026-06-29,European Central Bank euro foreign exchange reference rates,Transfermarkt,https://www.transfermarkt.com/schnellsuche/ergebnis/schnellsuche?query=Husam+Abu+Dahab,manual indexed market value,True,True,399210.0,7,False,False,10278960.5934,934450.9630363636,297301.192,2433280.0,8.184561870172388,0,-5,4,False,Eliminated
Jordan,Group J,MOUSA ALTAMARI,Forward,Forward,Rennes,178,2,11,5300000.0,EUR,5300000.0,6045180.0,2026-06-01,https://www.footballtransfers.com/en/players/musa-altaamari,1.1406,2026-06-29,European Central Bank euro foreign exchange reference rates,FootballTransfers,https://www.footballtransfers.com/en/players/musa-altaamari,footballtransfers_etv_validated,True,False,6045180.0,1,False,True,10278960.5934,934450.9630363636,297301.192,2433280.0,8.184561870172388,0,-5,4,False,Eliminated
Korea Republic,Group A,KIM Seunggyu,Goalkeeper,Goalkeeper,,291,3,1,428072.0,EUR,,,2026-06-01,https://www.fotmob.com/players/167247/seung-gyu-kim,1.1406,2026-06-29,European Central Bank euro foreign exchange reference rates,FotMob / SciSports,https://www.fotmob.com/players/167247/seung-gyu-kim,fotmob_scisports_market_value_latest_pre_cutoff,True,True,488258.9232,11,True,False,109757738.9232,9977976.265745454,961172.9744000001,26614000.0,27.689084804546702,3,-1,3,False,Eliminated
Korea Republic,Group A,LEE Gihyuk,Midfielder,Midfielder,Gangwon,291,3,2,600000.0,EUR,600000.0,684360.0,2026-06-02,https://www.footballtransfers.com/en/players/gihyuk-lee,1.1406,2026-06-29,European Central Bank euro foreign exchange reference rates,FootballTransfers,https://www.footballtransfers.com/en/players/gihyuk-lee,footballtransfers_etv_validated,True,False,684360.0,10,True,False,109757738.9232,9977976.265745454,961172.9744000001,26614000.0,27.689084804546702,3,-1,3,False,Eliminated
Korea Republic,Group A,LEE Hanbeom,Defender,Defender,Midtjylland,291,3,3,1900000.0,EUR,1900000.0,2167140.0,2026-06-01,https://www.footballtransfers.com/en/players/hanbeom-lee,1.1406,2026-06-29,European Central Bank euro foreign exchange reference rates,FootballTransfers,https://www.footballtransfers.com/en/players/hanbeom-lee,footballtransfers_etv_validated,True,False,2167140.0,7,False,False,109757738.9232,9977976.265745454,961172.9744000001,26614000.0,27.689084804546702,3,-1,3,False,Eliminated
Korea Republic,Group A,LEE Kangin,Midfielder,Midfielder,PSG,291,3,4,30700000.0,EUR,30700000.0,35016420.0,2026-06-02,https://www.footballtransfers.com/en/players/lee-kangin,1.1406,2026-06-29,European Central Bank euro foreign exchange reference rates,FootballTransfers,https://www.footballtransfers.com/en/players/lee-kangin,footballtransfers_etv_validated,True,False,35016420.0,1,False,True,109757738.9232,9977976.265745454,961172.9744000001,26614000.0,27.689084804546702,3,-1,3,False,Eliminated
Korea Republic,Group A,HWANG Inbeom,Midfielder,Midfielder,Feyenoord,278,3,5,6700000.0,EUR,6700000.0,7642020.0,2026-06-02,https://www.footballtransfers.com/en/players/inbeom-hwang,1.1406,2026-06-29,European Central Bank euro foreign exchange reference rates,FootballTransfers,https://www.footballtransfers.com/en/players/inbeom-hwang,footballtransfers_etv_validated,True,False,7642020.0,5,False,False,109757738.9232,9977976.265745454,961172.9744000001,26614000.0,27.689084804546702,3,-1,3,False,Eliminated
Korea Republic,Group A,SEOL Youngwoo,Defender,Defender,Red Star,265,3,6,3700000.0,EUR,3700000.0,4220220.0,2026-06-01,https://www.footballtransfers.com/en/players/youngwoo-seol,1.1406,2026-06-29,European Central Bank euro foreign exchange reference rates,FootballTransfers,https://www.footballtransfers.com/en/players/youngwoo-seol,footballtransfers_etv_validated,True,False,4220220.0,6,False,False,109757738.9232,9977976.265745454,961172.9744000001,26614000.0,27.689084804546702,3,-1,3,False,Eliminated
Korea Republic,Group A,KIM Minjae,Defender,Defender,Bayern,259,3,7,28300000.0,EUR,28300000.0,32278980.0,2026-06-02,https://www.footballtransfers.com/en/players/minjae-kim,1.1406,2026-06-29,European Central Bank euro foreign exchange reference rates,FootballTransfers,https://www.footballtransfers.com/en/players/minjae-kim,footballtransfers_etv_validated,True,False,32278980.0,2,False,True,109757738.9232,9977976.265745454,961172.9744000001,26614000.0,27.689084804546702,3,-1,3,False,Eliminated
Korea Republic,Group A,PAIK Seungho,Midfielder,Midfielder,Birmingham,251,3,8,1700000.0,EUR,1700000.0,1939020.0,2026-06-01,https://www.footballtransfers.com/en/players/seungho-paik,1.1406,2026-06-29,European Central Bank euro foreign exchange reference rates,FootballTransfers,https://www.footballtransfers.com/en/players/seungho-paik,footballtransfers_etv_validated,True,False,1939020.0,8,False,False,109757738.9232,9977976.265745454,961172.9744000001,26614000.0,27.689084804546702,3,-1,3,False,Eliminated
Korea Republic,Group A,HWANG Heechan,Midfielder,Midfielder,Wolves,165,1,9,9700000.0,EUR,9700000.0,11063820.0,2026-06-01,https://www.footballtransfers.com/en/players/heechan-hwang,1.1406,2026-06-29,European Central Bank euro foreign exchange reference rates,FootballTransfers,https://www.footballtransfers.com/en/players/heechan-hwang,footballtransfers_etv_validated,True,False,11063820.0,4,False,False,109757738.9232,9977976.265745454,961172.9744000001,26614000.0,27.689084804546702,3,-1,3,False,Eliminated
Korea Republic,Group A,LEE Taeseok,Defender,Defender,Austria Wien,159,2,10,1500000.0,EUR,1500000.0,1710900.0,2026-06-02,https://www.footballtransfers.com/en/players/taeseok-lee,1.1406,2026-06-29,European Central Bank euro foreign exchange reference rates,FootballTransfers,https://www.footballtransfers.com/en/players/taeseok-lee,footballtransfers_etv_validated,True,False,1710900.0,9,True,False,109757738.9232,9977976.265745454,961172.9744000001,26614000.0,27.689084804546702,3,-1,3,False,Eliminated
Korea Republic,Group A,OH Hyeongyu,Forward,Forward,Besiktas,142,1,11,11000000.0,EUR,11000000.0,12546600.0,2026-06-02,https://www.footballtransfers.com/en/players/hyungyu-oh,1.1406,2026-06-29,European Central Bank euro foreign exchange reference rates,FootballTransfers,https://www.footballtransfers.com/en/players/hyungyu-oh,footballtransfers_etv_validated,True,False,12546600.0,3,False,True,109757738.9232,9977976.265745454,961172.9744000001,26614000.0,27.689084804546702,3,-1,3,False,Eliminated
Mexico,Group A,Roberto ALVARADO,Forward,Forward,Chivas,275,3,1,6900000.0,EUR,6900000.0,7870140.0,2026-06-01,https://www.footballtransfers.com/en/players/roberto-carlos-alvarado-hernandez,1.1406,2026-06-29,European Central Bank euro foreign exchange reference rates,FootballTransfers,https://www.footballtransfers.com/en/players/roberto-carlos-alvarado-hernandez,footballtransfers_etv_validated,True,False,7870140.0,6,False,False,100372800.0,9124800.0,2775460.0,16956920.0,6.109589041095891,9,6,1,True,Group winner
Mexico,Group A,Raul RANGEL,Goalkeeper,Goalkeeper,Chivas,273,3,2,7400000.0,EUR,7400000.0,8440440.0,2026-06-01,https://www.footballtransfers.com/en/players/jose-rangel,1.1406,2026-06-29,European Central Bank euro foreign exchange reference rates,FootballTransfers,https://www.footballtransfers.com/en/players/jose-rangel,footballtransfers_etv_validated,True,False,8440440.0,5,False,False,100372800.0,9124800.0,2775460.0,16956920.0,6.109589041095891,9,6,1,True,Group winner
Mexico,Group A,Julian QUINONES,Forward,Forward,,260,3,3,12100000.0,EUR,12100000.0,13801260.0,2026-06-01,https://www.footballtransfers.com/en/players/julian-andres-quinones-quinones,1.1406,2026-06-29,European Central Bank euro foreign exchange reference rates,FootballTransfers,https://www.footballtransfers.com/en/players/julian-andres-quinones-quinones,footballtransfers_etv_validated,True,False,13801260.0,4,False,False,100372800.0,9124800.0,2775460.0,16956920.0,6.109589041095891,9,6,1,True,Group winner
Mexico,Group A,Edson ALVAREZ,Defender,Defender,Fenerbahce,216,2,4,16400000.0,EUR,16400000.0,18705840.0,2026-06-01,https://www.footballtransfers.com/en/players/edson-alvarez,1.1406,2026-06-29,European Central Bank euro foreign exchange reference rates,FootballTransfers,https://www.footballtransfers.com/en/players/edson-alvarez,footballtransfers_etv_validated,True,False,18705840.0,1,False,True,100372800.0,9124800.0,2775460.0,16956920.0,6.109589041095891,9,6,1,True,Group winner
Mexico,Group A,Jesus GALLARDO,Defender,Defender,Toluca,214,2,5,2100000.0,EUR,2100000.0,2395260.0,2026-06-01,https://www.footballtransfers.com/en/players/jesus-gallardo,1.1406,2026-06-29,European Central Bank euro foreign exchange reference rates,FootballTransfers,https://www.footballtransfers.com/en/players/jesus-gallardo,footballtransfers_etv_validated,True,False,2395260.0,10,True,False,100372800.0,9124800.0,2775460.0,16956920.0,6.109589041095891,9,6,1,True,Group winner
Mexico,Group A,Israel REYES,Defender,Defender,America,212,2,6,3700000.0,EUR,3700000.0,4220220.0,2026-06-01,https://www.footballtransfers.com/en/players/israel-reyes-romero,1.1406,2026-06-29,European Central Bank euro foreign exchange reference rates,FootballTransfers,https://www.footballtransfers.com/en/players/israel-reyes-romero,footballtransfers_etv_validated,True,False,4220220.0,8,False,False,100372800.0,9124800.0,2775460.0,16956920.0,6.109589041095891,9,6,1,True,Group winner
Mexico,Group A,Cesar MONTES,Defender,Defender,Lokomotiv,195,2,7,6000000.0,EUR,6000000.0,6843600.0,2026-06-01,https://www.footballtransfers.com/en/players/cesar-jasib-montes-castro,1.1406,2026-06-29,European Central Bank euro foreign exchange reference rates,FootballTransfers,https://www.footballtransfers.com/en/players/cesar-jasib-montes-castro,footballtransfers_etv_validated,True,False,6843600.0,7,False,False,100372800.0,9124800.0,2775460.0,16956920.0,6.109589041095891,9,6,1,True,Group winner
Mexico,Group A,Johan VASQUEZ,Defender,Defender,Genoa,195,2,8,15500000.0,EUR,15500000.0,17679300.0,2026-06-01,https://www.footballtransfers.com/en/players/johan-felipe-vasquez-ibarra,1.1406,2026-06-29,European Central Bank euro foreign exchange reference rates,FootballTransfers,https://www.footballtransfers.com/en/players/johan-felipe-vasquez-ibarra,footballtransfers_etv_validated,True,False,17679300.0,2,False,True,100372800.0,9124800.0,2775460.0,16956920.0,6.109589041095891,9,6,1,True,Group winner
Mexico,Group A,Jorge SANCHEZ,Defender,Defender,PAOK,194,2,9,1600000.0,EUR,1600000.0,1824960.0,2026-06-01,https://www.footballtransfers.com/en/players/jorge-eduardo-sanchez,1.1406,2026-06-29,European Central Bank euro foreign exchange reference rates,FootballTransfers,https://www.footballtransfers.com/en/players/jorge-eduardo-sanchez,footballtransfers_etv_validated,True,False,1824960.0,11,True,False,100372800.0,9124800.0,2775460.0,16956920.0,6.109589041095891,9,6,1,True,Group winner
Mexico,Group A,Erik LIRA,Midfielder,Midfielder,Cruz Azul,173,2,10,12700000.0,EUR,12700000.0,14485620.0,2026-06-01,https://www.footballtransfers.com/en/players/erik-antonio-lira-mendez,1.1406,2026-06-29,European Central Bank euro foreign exchange reference rates,FootballTransfers,https://www.footballtransfers.com/en/players/erik-antonio-lira-mendez,footballtransfers_etv_validated,True,False,14485620.0,3,False,True,100372800.0,9124800.0,2775460.0,16956920.0,6.109589041095891,9,6,1,True,Group winner
Mexico,Group A,Raul JIMENEZ,Forward,Forward,Fulham,156,2,11,3600000.0,EUR,3600000.0,4106160.0,2026-06-01,https://www.footballtransfers.com/en/players/raul-jimenez,1.1406,2026-06-29,European Central Bank euro foreign exchange reference rates,FootballTransfers,https://www.footballtransfers.com/en/players/raul-jimenez,footballtransfers_etv_validated,True,False,4106160.0,9,True,False,100372800.0,9124800.0,2775460.0,16956920.0,6.109589041095891,9,6,1,True,Group winner
Morocco,Group C,Achraf HAKIMI,Defender,Defender,PSG,297,3,1,81200000.0,EUR,81200000.0,92616720.0,2026-06-01,https://www.footballtransfers.com/en/players/achraf-hakimi,1.1406,2026-06-29,European Central Bank euro foreign exchange reference rates,FootballTransfers,https://www.footballtransfers.com/en/players/achraf-hakimi,footballtransfers_etv_validated,True,False,92616720.0,1,False,True,367045080.0,33367734.545454547,9352920.0,64329840.0,6.878048780487805,7,3,2,True,Runner-up
Morocco,Group C,Chadi RIAD,Defender,Defender,C. Palace,297,3,2,16800000.0,EUR,16800000.0,19162080.0,2026-06-01,https://www.footballtransfers.com/en/players/chadi,1.1406,2026-06-29,European Central Bank euro foreign exchange reference rates,FootballTransfers,https://www.footballtransfers.com/en/players/chadi,footballtransfers_etv_validated,True,False,19162080.0,8,False,False,367045080.0,33367734.545454547,9352920.0,64329840.0,6.878048780487805,7,3,2,True,Runner-up
Morocco,Group C,Yassine BOUNOU,Goalkeeper,Goalkeeper,Al-Hilal,297,3,3,2400000.0,EUR,2400000.0,2737440.0,2026-06-01,https://www.footballtransfers.com/en/players/yassine-bounou,1.1406,2026-06-29,European Central Bank euro foreign exchange reference rates,FootballTransfers,https://www.footballtransfers.com/en/players/yassine-bounou,footballtransfers_etv_validated,True,False,2737440.0,11,True,False,367045080.0,33367734.545454547,9352920.0,64329840.0,6.878048780487805,7,3,2,True,Runner-up
Morocco,Group C,Neil EL AYNAOUI,Midfielder,Midfielder,Roma,281,3,4,22300000.0,EUR,22300000.0,25435380.0,2026-06-01,https://www.footballtransfers.com/en/players/neil-el-aynaoui,1.1406,2026-06-29,European Central Bank euro foreign exchange reference rates,FootballTransfers,https://www.footballtransfers.com/en/players/neil-el-aynaoui,footballtransfers_etv_validated,True,False,25435380.0,7,False,False,367045080.0,33367734.545454547,9352920.0,64329840.0,6.878048780487805,7,3,2,True,Runner-up
Morocco,Group C,Bilal EL KHANNOUSS,Midfielder,Midfielder,Stuttgart,262,3,5,40000000.0,EUR,40000000.0,45624000.0,2026-06-01,https://www.footballtransfers.com/en/players/bilal-el-khannous,1.1406,2026-06-29,European Central Bank euro foreign exchange reference rates,FootballTransfers,https://www.footballtransfers.com/en/players/bilal-el-khannous,footballtransfers_etv_validated,True,False,45624000.0,3,False,True,367045080.0,33367734.545454547,9352920.0,64329840.0,6.878048780487805,7,3,2,True,Runner-up
Morocco,Group C,Ismael SAIBARI,Midfielder,Midfielder,PSV,242,3,6,30400000.0,EUR,30400000.0,34674240.0,2026-06-01,https://www.footballtransfers.com/en/players/ismael-saibari-ben-el-basra,1.1406,2026-06-29,European Central Bank euro foreign exchange reference rates,FootballTransfers,https://www.footballtransfers.com/en/players/ismael-saibari-ben-el-basra,footballtransfers_etv_validated,True,False,34674240.0,5,False,False,367045080.0,33367734.545454547,9352920.0,64329840.0,6.878048780487805,7,3,2,True,Runner-up
Morocco,Group C,Brahim DIAZ,Forward,Forward,Real Madrid,217,3,7,35000000.0,EUR,35000000.0,39921000.0,2026-06-01,https://www.footballtransfers.com/en/players/brahim-diaz,1.1406,2026-06-29,European Central Bank euro foreign exchange reference rates,FootballTransfers,https://www.footballtransfers.com/en/players/brahim-diaz,footballtransfers_etv_validated,True,False,39921000.0,4,False,False,367045080.0,33367734.545454547,9352920.0,64329840.0,6.878048780487805,7,3,2,True,Runner-up
Morocco,Group C,Ayyoub BOUADDI,Midfielder,Midfielder,Lille,198,2,8,48000000.0,EUR,48000000.0,54748800.0,2026-06-01,https://www.footballtransfers.com/en/players/ayyoub-bouaddi,1.1406,2026-06-29,European Central Bank euro foreign exchange reference rates,FootballTransfers,https://www.footballtransfers.com/en/players/ayyoub-bouaddi,footballtransfers_etv_validated,True,False,54748800.0,2,False,True,367045080.0,33367734.545454547,9352920.0,64329840.0,6.878048780487805,7,3,2,True,Runner-up
Morocco,Group C,Issa Diop,Defender,Defender,Fulham,198,2,9,11100000.0,EUR,11100000.0,12660660.0,2026-06-01,https://www.footballtransfers.com/en/players/issa-diop,1.1406,2026-06-29,European Central Bank euro foreign exchange reference rates,FootballTransfers,https://www.footballtransfers.com/en/players/issa-diop,footballtransfers_etv_validated,True,False,12660660.0,9,True,False,367045080.0,33367734.545454547,9352920.0,64329840.0,6.878048780487805,7,3,2,True,Runner-up
Morocco,Group C,Noussair MAZRAOUI,Defender,Defender,Man Utd,193,2,10,23500000.0,EUR,23500000.0,26804100.0,2026-06-01,https://www.footballtransfers.com/en/players/noussair-mazraoui,1.1406,2026-06-29,European Central Bank euro foreign exchange reference rates,FootballTransfers,https://www.footballtransfers.com/en/players/noussair-mazraoui,footballtransfers_etv_validated,True,False,26804100.0,6,False,False,367045080.0,33367734.545454547,9352920.0,64329840.0,6.878048780487805,7,3,2,True,Runner-up
Morocco,Group C,Azzedine OUNAHI,Midfielder,Midfielder,Girona,183,2,11,11100000.0,EUR,11100000.0,12660660.0,2026-06-01,https://www.footballtransfers.com/en/players/azzedine-ounahi,1.1406,2026-06-29,European Central Bank euro foreign exchange reference rates,FootballTransfers,https://www.footballtransfers.com/en/players/azzedine-ounahi,footballtransfers_etv_validated,True,False,12660660.0,10,True,False,367045080.0,33367734.545454547,9352920.0,64329840.0,6.878048780487805,7,3,2,True,Runner-up
Netherlands,Group F,Bart Verbruggen,Goalkeeper,Goalkeeper,Brighton,289,3,1,53600000.0,EUR,53600000.0,61136160.0,2026-06-01,https://www.footballtransfers.com/en/players/bart-verbruggen,1.1406,2026-06-29,European Central Bank euro foreign exchange reference rates,FootballTransfers,https://www.footballtransfers.com/en/players/bart-verbruggen,footballtransfers_etv_validated,True,False,61136160.0,5,False,False,599613420.0,54510310.90909091,18629800.0,93681280.0,5.0285714285714285,7,6,1,True,Group winner
Netherlands,Group F,Denzel DUMFRIES,Defender,Defender,Inter,289,3,2,22100000.0,EUR,22100000.0,25207260.0,2026-06-01,https://www.footballtransfers.com/en/players/denzel-dumfries,1.1406,2026-06-29,European Central Bank euro foreign exchange reference rates,FootballTransfers,https://www.footballtransfers.com/en/players/denzel-dumfries,footballtransfers_etv_validated,True,False,25207260.0,9,True,False,599613420.0,54510310.90909091,18629800.0,93681280.0,5.0285714285714285,7,6,1,True,Group winner
Netherlands,Group F,Jan Paul VAN HECKE,Defender,Defender,Brighton,289,3,3,44300000.0,EUR,44300000.0,50528580.0,2026-06-01,https://www.footballtransfers.com/en/players/jan-paul-van-hecke,1.1406,2026-06-29,European Central Bank euro foreign exchange reference rates,FootballTransfers,https://www.footballtransfers.com/en/players/jan-paul-van-hecke,footballtransfers_etv_validated,True,False,50528580.0,6,False,False,599613420.0,54510310.90909091,18629800.0,93681280.0,5.0285714285714285,7,6,1,True,Group winner
Netherlands,Group F,Virgil VAN DIJK,Defender,Defender,Liverpool,289,3,4,7800000.0,EUR,7800000.0,8896680.0,2026-06-01,https://www.footballtransfers.com/en/players/virgil-van-dijk,1.1406,2026-06-29,European Central Bank euro foreign exchange reference rates,FootballTransfers,https://www.footballtransfers.com/en/players/virgil-van-dijk,footballtransfers_etv_validated,True,False,8896680.0,11,True,False,599613420.0,54510310.90909091,18629800.0,93681280.0,5.0285714285714285,7,6,1,True,Group winner
Netherlands,Group F,Ryan GRAVENBERCH,Midfielder,Midfielder,Liverpool,273,3,5,103800000.0,EUR,103800000.0,118394280.0,2026-06-01,https://www.footballtransfers.com/en/players/ryan-jiro-gravenberch,1.1406,2026-06-29,European Central Bank euro foreign exchange reference rates,FootballTransfers,https://www.footballtransfers.com/en/players/ryan-jiro-gravenberch,footballtransfers_etv_validated,True,False,118394280.0,1,False,True,599613420.0,54510310.90909091,18629800.0,93681280.0,5.0285714285714285,7,6,1,True,Group winner
Netherlands,Group F,Cody GAKPO,Forward,Forward,Liverpool,258,3,6,69100000.0,EUR,69100000.0,78815460.0,2026-06-01,https://www.footballtransfers.com/en/players/cody-gakpo,1.1406,2026-06-29,European Central Bank euro foreign exchange reference rates,FootballTransfers,https://www.footballtransfers.com/en/players/cody-gakpo,footballtransfers_etv_validated,True,False,78815460.0,3,False,True,599613420.0,54510310.90909091,18629800.0,93681280.0,5.0285714285714285,7,6,1,True,Group winner
Netherlands,Group F,Donyell Malen,Forward,Forward,Roma,232,3,7,19100000.0,EUR,19100000.0,21785460.0,2026-06-01,https://www.footballtransfers.com/en/players/donyell-malen,1.1406,2026-06-29,European Central Bank euro foreign exchange reference rates,FootballTransfers,https://www.footballtransfers.com/en/players/donyell-malen,footballtransfers_etv_validated,True,False,21785460.0,10,True,False,599613420.0,54510310.90909091,18629800.0,93681280.0,5.0285714285714285,7,6,1,True,Group winner
Netherlands,Group F,Frenkie DE JONG,Midfielder,Midfielder,Barcelona,228,3,8,42800000.0,EUR,42800000.0,48817680.0,2026-06-01,https://www.footballtransfers.com/en/players/frenkie-de-jong,1.1406,2026-06-29,European Central Bank euro foreign exchange reference rates,FootballTransfers,https://www.footballtransfers.com/en/players/frenkie-de-jong,footballtransfers_etv_validated,True,False,48817680.0,7,False,False,599613420.0,54510310.90909091,18629800.0,93681280.0,5.0285714285714285,7,6,1,True,Group winner
Netherlands,Group F,Tijjani REIJNDERS,Midfielder,Midfielder,Man City,201,3,9,61900000.0,EUR,61900000.0,70603140.0,2026-06-01,https://www.footballtransfers.com/en/players/tijjani-reijnders,1.1406,2026-06-29,European Central Bank euro foreign exchange reference rates,FootballTransfers,https://www.footballtransfers.com/en/players/tijjani-reijnders,footballtransfers_etv_validated,True,False,70603140.0,4,False,False,599613420.0,54510310.90909091,18629800.0,93681280.0,5.0285714285714285,7,6,1,True,Group winner
Netherlands,Group F,Micky VAN DE VEN,Defender,Defender,Tottenham,193,2,10,73500000.0,EUR,73500000.0,83834100.0,2026-06-01,https://www.footballtransfers.com/en/players/micky-van-de-ven,1.1406,2026-06-29,European Central Bank euro foreign exchange reference rates,FootballTransfers,https://www.footballtransfers.com/en/players/micky-van-de-ven,footballtransfers_etv_validated,True,False,83834100.0,2,False,True,599613420.0,54510310.90909091,18629800.0,93681280.0,5.0285714285714285,7,6,1,True,Group winner
Netherlands,Group F,Brian BROBBEY,Forward,Forward,Sunderland,162,2,11,27700000.0,EUR,27700000.0,31594620.0,2026-06-01,https://www.footballtransfers.com/en/players/brian-ebenezer-adjei-brobbey,1.1406,2026-06-29,European Central Bank euro foreign exchange reference rates,FootballTransfers,https://www.footballtransfers.com/en/players/brian-ebenezer-adjei-brobbey,footballtransfers_etv_validated,True,False,31594620.0,8,False,False,599613420.0,54510310.90909091,18629800.0,93681280.0,5.0285714285714285,7,6,1,True,Group winner
New Zealand,Group G,Chris WOOD,Forward,Forward,N. Forest,293,3,1,6400000.0,EUR,6400000.0,7299840.0,2026-06-01,https://www.footballtransfers.com/en/players/chris-wood-2,1.1406,2026-06-29,European Central Bank euro foreign exchange reference rates,FootballTransfers,https://www.footballtransfers.com/en/players/chris-wood-2,footballtransfers_etv_validated,True,False,7299840.0,1,False,True,22050715.6548,2004610.5140727274,202478.5516,4752500.0,23.47162187029394,1,-6,4,False,Eliminated
New Zealand,Group G,Finn SURMAN,Defender,Defender,Portland,293,3,2,1300000.0,EUR,1300000.0,1482780.0,2026-06-01,https://www.footballtransfers.com/en/players/finn-surman,1.1406,2026-06-29,European Central Bank euro foreign exchange reference rates,FootballTransfers,https://www.footballtransfers.com/en/players/finn-surman,footballtransfers_etv_validated,True,False,1482780.0,6,False,False,22050715.6548,2004610.5140727274,202478.5516,4752500.0,23.47162187029394,1,-6,4,False,Eliminated
New Zealand,Group G,Max CROCOMBE,Goalkeeper,Goalkeeper,Millwall,293,3,3,600000.0,EUR,600000.0,684360.0,2026-06-01,https://www.footballtransfers.com/en/players/max-crocombe,1.1406,2026-06-29,European Central Bank euro foreign exchange reference rates,FootballTransfers,https://www.footballtransfers.com/en/players/max-crocombe,footballtransfers_etv_validated,True,False,684360.0,8,False,False,22050715.6548,2004610.5140727274,202478.5516,4752500.0,23.47162187029394,1,-6,4,False,Eliminated
New Zealand,Group G,Marko STAMENIC,Midfielder,Midfielder,Swansea,287,3,4,3700000.0,EUR,3700000.0,4220220.0,2026-06-01,https://www.footballtransfers.com/en/players/marko-stamenic,1.1406,2026-06-29,European Central Bank euro foreign exchange reference rates,FootballTransfers,https://www.footballtransfers.com/en/players/marko-stamenic,footballtransfers_etv_validated,True,False,4220220.0,2,False,True,22050715.6548,2004610.5140727274,202478.5516,4752500.0,23.47162187029394,1,-6,4,False,Eliminated
New Zealand,Group G,Elijah JUST,Midfielder,Midfielder,Motherwell,277,3,5,800000.0,EUR,800000.0,912480.0,2026-06-01,https://www.footballtransfers.com/en/players/elijah-henry-just,1.1406,2026-06-29,European Central Bank euro foreign exchange reference rates,FootballTransfers,https://www.footballtransfers.com/en/players/elijah-henry-just,footballtransfers_etv_validated,True,False,912480.0,7,False,False,22050715.6548,2004610.5140727274,202478.5516,4752500.0,23.47162187029394,1,-6,4,False,Eliminated
New Zealand,Group G,Joe BELL,Midfielder,Midfielder,Viking,261,3,6,1900000.0,EUR,1900000.0,2167140.0,2026-06-01,https://www.footballtransfers.com/en/players/joe-bell,1.1406,2026-06-29,European Central Bank euro foreign exchange reference rates,FootballTransfers,https://www.footballtransfers.com/en/players/joe-bell,footballtransfers_etv_validated,True,False,2167140.0,4,False,False,22050715.6548,2004610.5140727274,202478.5516,4752500.0,23.47162187029394,1,-6,4,False,Eliminated
New Zealand,Group G,Sarpreet SINGH,Midfielder,Midfielder,,256,3,7,224443.0,EUR,,,2026-06-01,https://www.fotmob.com/players/724531/sarpreet-singh,1.1406,2026-06-29,European Central Bank euro foreign exchange reference rates,FotMob / SciSports,https://www.fotmob.com/players/724531/sarpreet-singh,fotmob_scisports_market_value_latest_pre_cutoff,True,True,255999.6858,9,True,False,22050715.6548,2004610.5140727274,202478.5516,4752500.0,23.47162187029394,1,-6,4,False,Eliminated
New Zealand,Group G,Michael BOXALL,Defender,Defender,,229,2,8,103344.0,EUR,,,2026-06-01,https://www.fotmob.com/players/128949/michael-boxall,1.1406,2026-06-29,European Central Bank euro foreign exchange reference rates,FotMob / SciSports,https://www.fotmob.com/players/128949/michael-boxall,fotmob_scisports_market_value_latest_pre_cutoff,True,True,117874.1664,11,True,False,22050715.6548,2004610.5140727274,202478.5516,4752500.0,23.47162187029394,1,-6,4,False,Eliminated
New Zealand,Group G,Tim PAYNE,Defender,Defender,,226,3,9,204771.0,EUR,,,2026-06-01,https://www.fotmob.com/players/324305/tim-payne,1.1406,2026-06-29,European Central Bank euro foreign exchange reference rates,FotMob / SciSports,https://www.fotmob.com/players/324305/tim-payne,fotmob_scisports_market_value_latest_pre_cutoff,True,True,233561.80260000002,10,True,False,22050715.6548,2004610.5140727274,202478.5516,4752500.0,23.47162187029394,1,-6,4,False,Eliminated
New Zealand,Group G,Liberato CACACE,Defender,Defender,Wrexham,223,3,10,2400000.0,EUR,2400000.0,2737440.0,2026-06-01,https://www.footballtransfers.com/en/players/liberato-cacace,1.1406,2026-06-29,European Central Bank euro foreign exchange reference rates,FootballTransfers,https://www.footballtransfers.com/en/players/liberato-cacace,footballtransfers_etv_validated,True,False,2737440.0,3,False,True,22050715.6548,2004610.5140727274,202478.5516,4752500.0,23.47162187029394,1,-6,4,False,Eliminated
New Zealand,Group G,Callum McCOWATT,Midfielder,Midfielder,Silkeborg,166,2,11,1700000.0,EUR,1700000.0,1939020.0,2026-06-01,https://www.footballtransfers.com/en/players/callum-mccowatt,1.1406,2026-06-29,European Central Bank euro foreign exchange reference rates,FootballTransfers,https://www.footballtransfers.com/en/players/callum-mccowatt,footballtransfers_etv_validated,True,False,1939020.0,5,False,False,22050715.6548,2004610.5140727274,202478.5516,4752500.0,23.47162187029394,1,-6,4,False,Eliminated
Norway,Group I,Fredrik AURSNES,Midfielder,Midfielder,Benfica,259,3,1,16400000.0,EUR,16400000.0,18705840.0,2026-06-01,https://www.footballtransfers.com/en/players/fredrik-aursnes,1.1406,2026-06-29,European Central Bank euro foreign exchange reference rates,FootballTransfers,https://www.footballtransfers.com/en/players/fredrik-aursnes,footballtransfers_etv_validated,True,False,18705840.0,8,False,False,438788820.0,39889892.72727273,9428960.0,95658320.0,10.14516129032258,6,1,2,True,Runner-up
Norway,Group I,Erling HAALAND,Forward,Forward,Man City,199,2,2,141800000.0,EUR,141800000.0,161737080.0,2026-06-01,https://www.footballtransfers.com/en/players/erling-braut-haaland,1.1406,2026-06-29,European Central Bank euro foreign exchange reference rates,FootballTransfers,https://www.footballtransfers.com/en/players/erling-braut-haaland,footballtransfers_etv_validated,True,False,161737080.0,1,False,True,438788820.0,39889892.72727273,9428960.0,95658320.0,10.14516129032258,6,1,2,True,Runner-up
Norway,Group I,Kristoffer AJER,Defender,Defender,Brentford,199,2,3,20500000.0,EUR,20500000.0,23382300.0,2026-06-01,https://www.footballtransfers.com/en/players/kristoffer-ajer,1.1406,2026-06-29,European Central Bank euro foreign exchange reference rates,FootballTransfers,https://www.footballtransfers.com/en/players/kristoffer-ajer,footballtransfers_etv_validated,True,False,23382300.0,7,False,False,438788820.0,39889892.72727273,9428960.0,95658320.0,10.14516129032258,6,1,2,True,Runner-up
Norway,Group I,Orjan NYLAND,Goalkeeper,Goalkeeper,Sevilla,199,2,4,500000.0,EUR,500000.0,570300.0,2026-06-01,https://www.footballtransfers.com/en/players/orjan-nyland,1.1406,2026-06-29,European Central Bank euro foreign exchange reference rates,FootballTransfers,https://www.footballtransfers.com/en/players/orjan-nyland,footballtransfers_etv_validated,True,False,570300.0,11,True,False,438788820.0,39889892.72727273,9428960.0,95658320.0,10.14516129032258,6,1,2,True,Runner-up
Norway,Group I,Sander BERGE,Midfielder,Midfielder,Fulham,199,2,5,27100000.0,EUR,27100000.0,30910260.0,2026-06-01,https://www.footballtransfers.com/en/players/sander-gard-bolin-berge,1.1406,2026-06-29,European Central Bank euro foreign exchange reference rates,FootballTransfers,https://www.footballtransfers.com/en/players/sander-gard-bolin-berge,footballtransfers_etv_validated,True,False,30910260.0,4,False,False,438788820.0,39889892.72727273,9428960.0,95658320.0,10.14516129032258,6,1,2,True,Runner-up
Norway,Group I,Martin ODEGAARD,Midfielder,Midfielder,Arsenal,182,2,6,65400000.0,EUR,65400000.0,74595240.0,2026-06-01,https://www.footballtransfers.com/en/players/martin-odegaard,1.1406,2026-06-29,European Central Bank euro foreign exchange reference rates,FootballTransfers,https://www.footballtransfers.com/en/players/martin-odegaard,footballtransfers_etv_validated,True,False,74595240.0,2,False,True,438788820.0,39889892.72727273,9428960.0,95658320.0,10.14516129032258,6,1,2,True,Runner-up
Norway,Group I,Torbjorn HEGGEM,Defender,Defender,Bologna,182,2,7,14700000.0,EUR,14700000.0,16766820.0,2026-06-01,https://www.footballtransfers.com/en/players/torbjorn-lysaker-heggem,1.1406,2026-06-29,European Central Bank euro foreign exchange reference rates,FootballTransfers,https://www.footballtransfers.com/en/players/torbjorn-lysaker-heggem,footballtransfers_etv_validated,True,False,16766820.0,9,True,False,438788820.0,39889892.72727273,9428960.0,95658320.0,10.14516129032258,6,1,2,True,Runner-up
Norway,Group I,David MOLLER WOLFE,Defender,Defender,Wolves,174,2,8,9600000.0,EUR,9600000.0,10949760.0,2026-06-01,https://www.footballtransfers.com/en/players/david-moller-wolfe,1.1406,2026-06-29,European Central Bank euro foreign exchange reference rates,FootballTransfers,https://www.footballtransfers.com/en/players/david-moller-wolfe,footballtransfers_etv_validated,True,False,10949760.0,10,True,False,438788820.0,39889892.72727273,9428960.0,95658320.0,10.14516129032258,6,1,2,True,Runner-up
Norway,Group I,Antonio NUSA,Forward,Forward,RB Leipzig,157,2,9,44400000.0,EUR,44400000.0,50642640.0,2026-06-01,https://www.footballtransfers.com/en/players/antonio-eromonsele-nordby-nusa,1.1406,2026-06-29,European Central Bank euro foreign exchange reference rates,FootballTransfers,https://www.footballtransfers.com/en/players/antonio-eromonsele-nordby-nusa,footballtransfers_etv_validated,True,False,50642640.0,3,False,True,438788820.0,39889892.72727273,9428960.0,95658320.0,10.14516129032258,6,1,2,True,Runner-up
Norway,Group I,Alexander SORLOTH,Forward,Forward,Atlético Madrid,157,2,10,22400000.0,EUR,22400000.0,25549440.0,2026-06-01,https://www.footballtransfers.com/en/players/alexander-sorloth,1.1406,2026-06-29,European Central Bank euro foreign exchange reference rates,FootballTransfers,https://www.footballtransfers.com/en/players/alexander-sorloth,footballtransfers_etv_validated,True,False,25549440.0,5,False,False,438788820.0,39889892.72727273,9428960.0,95658320.0,10.14516129032258,6,1,2,True,Runner-up
Norway,Group I,Andreas SCHJELDERUP,Midfielder,Midfielder,Benfica,138,1,11,21900000.0,EUR,21900000.0,24979140.0,2026-06-01,https://www.footballtransfers.com/en/players/andreas-schjelderup,1.1406,2026-06-29,European Central Bank euro foreign exchange reference rates,FootballTransfers,https://www.footballtransfers.com/en/players/andreas-schjelderup,footballtransfers_etv_validated,True,False,24979140.0,6,False,False,438788820.0,39889892.72727273,9428960.0,95658320.0,10.14516129032258,6,1,2,True,Runner-up
Panama,Group L,Amir MURILLO,Defender,Defender,Besiktas,296,3,1,8400000.0,EUR,8400000.0,9581040.0,2026-06-01,https://www.footballtransfers.com/en/players/michael-murillo,1.1406,2026-06-29,European Central Bank euro foreign exchange reference rates,FootballTransfers,https://www.footballtransfers.com/en/players/michael-murillo,footballtransfers_etv_validated,True,False,9581040.0,1,False,True,21834111.152400002,1984919.1956727274,301367.0508,5360820.0,17.788341445321663,0,-4,4,False,Eliminated
Panama,Group L,Andres ANDRADE,Defender,Defender,LASK,296,3,2,1400000.0,EUR,1400000.0,1596840.0,2026-06-01,https://www.footballtransfers.com/en/players/andres-alberto-andrade-cedeno,1.1406,2026-06-29,European Central Bank euro foreign exchange reference rates,FootballTransfers,https://www.footballtransfers.com/en/players/andres-alberto-andrade-cedeno,footballtransfers_etv_validated,True,False,1596840.0,4,False,False,21834111.152400002,1984919.1956727274,301367.0508,5360820.0,17.788341445321663,0,-4,4,False,Eliminated
Panama,Group L,Jose CORDOBA,Defender,Defender,Norwich,296,3,3,4100000.0,EUR,4100000.0,4676460.0,2026-06-01,https://www.footballtransfers.com/en/players/jose-angel-cordoba-chambers,1.1406,2026-06-29,European Central Bank euro foreign exchange reference rates,FootballTransfers,https://www.footballtransfers.com/en/players/jose-angel-cordoba-chambers,footballtransfers_etv_validated,True,False,4676460.0,2,False,True,21834111.152400002,1984919.1956727274,301367.0508,5360820.0,17.788341445321663,0,-4,4,False,Eliminated
Panama,Group L,Orlando MOSQUERA,Goalkeeper,Goalkeeper,,296,3,4,289356.0,EUR,,,2026-06-01,https://www.fotmob.com/players/531913/orlando-mosquera,1.1406,2026-06-29,European Central Bank euro foreign exchange reference rates,FotMob / SciSports,https://www.fotmob.com/players/531913/orlando-mosquera,fotmob_scisports_market_value_latest_pre_cutoff,True,True,330039.4536,10,True,False,21834111.152400002,1984919.1956727274,301367.0508,5360820.0,17.788341445321663,0,-4,4,False,Eliminated
Panama,Group L,Carlos HARVEY,Defender,Defender,,286,3,5,381854.0,EUR,,,2026-06-01,https://www.fotmob.com/players/1017520/carlos-harvey,1.1406,2026-06-29,European Central Bank euro foreign exchange reference rates,FotMob / SciSports,https://www.fotmob.com/players/1017520/carlos-harvey,fotmob_scisports_market_value_latest_pre_cutoff,True,True,435542.67240000004,9,True,False,21834111.152400002,1984919.1956727274,301367.0508,5360820.0,17.788341445321663,0,-4,4,False,Eliminated
Panama,Group L,Edgar Yoel BARCENAS,Midfielder,Midfielder,,263,3,6,500000.0,EUR,500000.0,570300.0,,https://www.footballtransfers.com/en/players/yoel-barcenas,1.1406,2026-06-29,European Central Bank euro foreign exchange reference rates,FootballTransfers,https://www.footballtransfers.com/en/players/yoel-barcenas,manual_fallback_footballtransfers_search_cache_date_unverified,False,True,570300.0,8,False,False,21834111.152400002,1984919.1956727274,301367.0508,5360820.0,17.788341445321663,0,-4,4,False,Eliminated
Panama,Group L,Cristian MARTINEZ,Midfielder,Midfielder,Hapoel Ironi Kiryat-Shmona,257,3,7,600000.0,EUR,600000.0,684360.0,2026-06-01,https://www.footballtransfers.com/en/players/c-martinez,1.1406,2026-06-29,European Central Bank euro foreign exchange reference rates,FootballTransfers,https://www.footballtransfers.com/en/players/c-martinez,footballtransfers_etv_validated,True,False,684360.0,6,False,False,21834111.152400002,1984919.1956727274,301367.0508,5360820.0,17.788341445321663,0,-4,4,False,Eliminated
Panama,Group L,Jose Luis RODRIGUEZ,Midfielder,Midfielder,Vasco,241,3,8,1200000.0,EUR,1200000.0,1368720.0,2026-06-01,https://www.footballtransfers.com/en/players/jose-luis-rodriguez-bebanz,1.1406,2026-06-29,European Central Bank euro foreign exchange reference rates,FootballTransfers,https://www.footballtransfers.com/en/players/jose-luis-rodriguez-bebanz,footballtransfers_etv_validated,True,False,1368720.0,5,False,False,21834111.152400002,1984919.1956727274,301367.0508,5360820.0,17.788341445321663,0,-4,4,False,Eliminated
Panama,Group L,Cesar BLACKMAN,Defender,Defender,Slovan,180,2,9,1600000.0,EUR,1600000.0,1824960.0,2026-06-01,https://www.footballtransfers.com/en/players/cesar-rodolfo-blackman-camarena,1.1406,2026-06-29,European Central Bank euro foreign exchange reference rates,FootballTransfers,https://www.footballtransfers.com/en/players/cesar-rodolfo-blackman-camarena,footballtransfers_etv_validated,True,False,1824960.0,3,False,True,21834111.152400002,1984919.1956727274,301367.0508,5360820.0,17.788341445321663,0,-4,4,False,Eliminated
Panama,Group L,Jiovany RAMOS,Defender,Defender,,179,2,10,121444.0,EUR,,,2026-06-01,https://www.fotmob.com/players/688448/jiovany-ramos,1.1406,2026-06-29,European Central Bank euro foreign exchange reference rates,FotMob / SciSports,https://www.fotmob.com/players/688448/jiovany-ramos,fotmob_scisports_market_value_latest_pre_cutoff,True,True,138519.0264,11,True,False,21834111.152400002,1984919.1956727274,301367.0508,5360820.0,17.788341445321663,0,-4,4,False,Eliminated
Panama,Group L,Jose FAJARDO,Forward,Forward,,130,1,11,550000.0,EUR,,,,https://www.transfermarkt.com/schnellsuche/ergebnis/schnellsuche?query=Jose+Fajardo,1.1406,2026-06-29,European Central Bank euro foreign exchange reference rates,Transfermarkt,https://www.transfermarkt.com/schnellsuche/ergebnis/schnellsuche?query=Jose+Fajardo,manual indexed market value,False,True,627330.0,7,False,False,21834111.152400002,1984919.1956727274,301367.0508,5360820.0,17.788341445321663,0,-4,4,False,Eliminated
Paraguay,Group D,Andres CUBAS,Midfielder,Midfielder,Whitecaps,294,3,1,2100000.0,EUR,2100000.0,2395260.0,2026-06-01,https://www.footballtransfers.com/en/players/adrian-andres-cubas,1.1406,2026-06-29,European Central Bank euro foreign exchange reference rates,FootballTransfers,https://www.footballtransfers.com/en/players/adrian-andres-cubas,footballtransfers_etv_validated,True,False,2395260.0,9,True,False,94555740.0,8595976.363636363,1482780.0,23420320.0,15.794871794871796,4,-2,3,True,Best third-place qualifier
Paraguay,Group D,Gustavo GOMEZ,Defender,Defender,Palmeiras,294,3,2,2600000.0,EUR,2600000.0,2965560.0,2026-06-01,https://www.footballtransfers.com/en/players/gustavo-raoul-gomez-portillo,1.1406,2026-06-29,European Central Bank euro foreign exchange reference rates,FootballTransfers,https://www.footballtransfers.com/en/players/gustavo-raoul-gomez-portillo,footballtransfers_etv_validated,True,False,2965560.0,7,False,False,94555740.0,8595976.363636363,1482780.0,23420320.0,15.794871794871796,4,-2,3,True,Best third-place qualifier
Paraguay,Group D,Orlando GILL,Goalkeeper,Goalkeeper,San Lorenzo,294,3,3,5100000.0,EUR,5100000.0,5817060.0,2026-06-01,https://www.footballtransfers.com/en/players/orlando-david-gill-noldin,1.1406,2026-06-29,European Central Bank euro foreign exchange reference rates,FootballTransfers,https://www.footballtransfers.com/en/players/orlando-david-gill-noldin,footballtransfers_etv_validated,True,False,5817060.0,4,False,False,94555740.0,8595976.363636363,1482780.0,23420320.0,15.794871794871796,4,-2,3,True,Best third-place qualifier
Paraguay,Group D,Julio ENCISO,Forward,Forward,Strasbourg,285,3,4,25500000.0,EUR,25500000.0,29085300.0,2026-06-01,https://www.footballtransfers.com/en/players/julio-cesar-enciso,1.1406,2026-06-29,European Central Bank euro foreign exchange reference rates,FootballTransfers,https://www.footballtransfers.com/en/players/julio-cesar-enciso,footballtransfers_etv_validated,True,False,29085300.0,1,False,True,94555740.0,8595976.363636363,1482780.0,23420320.0,15.794871794871796,4,-2,3,True,Best third-place qualifier
Paraguay,Group D,Omar ALDERETE,Defender,Defender,Sunderland,282,3,5,18000000.0,EUR,18000000.0,20530800.0,2026-06-01,https://www.footballtransfers.com/en/players/omar-alderete,1.1406,2026-06-29,European Central Bank euro foreign exchange reference rates,FootballTransfers,https://www.footballtransfers.com/en/players/omar-alderete,footballtransfers_etv_validated,True,False,20530800.0,3,False,True,94555740.0,8595976.363636363,1482780.0,23420320.0,15.794871794871796,4,-2,3,True,Best third-place qualifier
Paraguay,Group D,Juan Jose CACERES,Defender,Defender,Dinamo,256,3,6,3800000.0,EUR,3800000.0,4334280.0,2026-06-01,https://www.footballtransfers.com/en/players/juan-jose-caceres,1.1406,2026-06-29,European Central Bank euro foreign exchange reference rates,FootballTransfers,https://www.footballtransfers.com/en/players/juan-jose-caceres,footballtransfers_etv_validated,True,False,4334280.0,5,False,False,94555740.0,8595976.363636363,1482780.0,23420320.0,15.794871794871796,4,-2,3,True,Best third-place qualifier
Paraguay,Group D,Diego GOMEZ,Midfielder,Midfielder,Brighton,236,3,7,3400000.0,EUR,3400000.0,3878040.0,2026-06-01,https://www.footballtransfers.com/en/players/diego-gomez-amarilla,1.1406,2026-06-29,European Central Bank euro foreign exchange reference rates,FootballTransfers,https://www.footballtransfers.com/en/players/diego-gomez-amarilla,footballtransfers_etv_validated,True,False,3878040.0,6,False,False,94555740.0,8595976.363636363,1482780.0,23420320.0,15.794871794871796,4,-2,3,True,Best third-place qualifier
Paraguay,Group D,Junior ALONSO,Defender,Defender,Atl Mineiro,204,2,8,1400000.0,EUR,1400000.0,1596840.0,2026-06-01,https://www.footballtransfers.com/en/players/junior-osmar-ignacio-alonso,1.1406,2026-06-29,European Central Bank euro foreign exchange reference rates,FootballTransfers,https://www.footballtransfers.com/en/players/junior-osmar-ignacio-alonso,footballtransfers_etv_validated,True,False,1596840.0,10,True,False,94555740.0,8595976.363636363,1482780.0,23420320.0,15.794871794871796,4,-2,3,True,Best third-place qualifier
Paraguay,Group D,Matias GALARZA,Midfielder,Midfielder,Atlanta Utd,180,2,9,2500000.0,EUR,2500000.0,2851500.0,2026-06-02,https://www.footballtransfers.com/en/players/matias-galarza,1.1406,2026-06-29,European Central Bank euro foreign exchange reference rates,FootballTransfers,https://www.footballtransfers.com/en/players/matias-galarza,footballtransfers_etv_validated,True,False,2851500.0,8,False,False,94555740.0,8595976.363636363,1482780.0,23420320.0,15.794871794871796,4,-2,3,True,Best third-place qualifier
Paraguay,Group D,Miguel ALMIRON,Midfielder,Midfielder,Atlanta Utd,178,2,10,18100000.0,EUR,18100000.0,20644860.0,2026-06-01,https://www.footballtransfers.com/en/players/miguel-angel-almiron-rejala,1.1406,2026-06-29,European Central Bank euro foreign exchange reference rates,FootballTransfers,https://www.footballtransfers.com/en/players/miguel-angel-almiron-rejala,footballtransfers_etv_validated,True,False,20644860.0,2,False,True,94555740.0,8595976.363636363,1482780.0,23420320.0,15.794871794871796,4,-2,3,True,Best third-place qualifier
Paraguay,Group D,Gustavo VELAZQUEZ,Defender,Defender,,148,1,11,400000.0,EUR,,,2026-05-18,https://www.transfermarkt.com/schnellsuche/ergebnis/schnellsuche?query=Gustavo+Velazquez,1.1406,2026-06-29,European Central Bank euro foreign exchange reference rates,Transfermarkt,https://www.transfermarkt.com/schnellsuche/ergebnis/schnellsuche?query=Gustavo+Velazquez,manual indexed market value,True,True,456240.0,11,True,False,94555740.0,8595976.363636363,1482780.0,23420320.0,15.794871794871796,4,-2,3,True,Best third-place qualifier
Portugal,Group K,BRUNO FERNANDES,Midfielder,Midfielder,Man Utd,287,3,1,41400000.0,EUR,41400000.0,47220840.0,2026-06-01,https://www.footballtransfers.com/en/players/bruno-fernandes,1.1406,2026-06-29,European Central Bank euro foreign exchange reference rates,FootballTransfers,https://www.footballtransfers.com/en/players/bruno-fernandes,footballtransfers_etv_validated,True,False,47220840.0,6,False,False,610677240.0,55516112.72727273,14067400.0,103642520.0,7.367567567567567,5,5,2,True,Runner-up
Portugal,Group K,CRISTIANO RONALDO,Forward,Forward,Al-Nassr,287,3,2,10400000.0,EUR,10400000.0,11862240.0,2026-06-01,https://www.footballtransfers.com/en/players/cristiano-ronaldo,1.1406,2026-06-29,European Central Bank euro foreign exchange reference rates,FootballTransfers,https://www.footballtransfers.com/en/players/cristiano-ronaldo,footballtransfers_etv_validated,True,False,11862240.0,10,True,False,610677240.0,55516112.72727273,14067400.0,103642520.0,7.367567567567567,5,5,2,True,Runner-up
Portugal,Group K,DIOGO COSTA,Goalkeeper,Goalkeeper,Porto,287,3,3,41300000.0,EUR,41300000.0,47106780.0,2026-06-01,https://www.footballtransfers.com/en/players/diogo-costa-diogo-costa,1.1406,2026-06-29,European Central Bank euro foreign exchange reference rates,FootballTransfers,https://www.footballtransfers.com/en/players/diogo-costa-diogo-costa,footballtransfers_etv_validated,True,False,47106780.0,7,False,False,610677240.0,55516112.72727273,14067400.0,103642520.0,7.367567567567567,5,5,2,True,Runner-up
Portugal,Group K,RENATO VEIGA,Defender,Defender,Villarreal,287,3,4,27400000.0,EUR,27400000.0,31252440.0,2026-06-01,https://www.footballtransfers.com/en/players/renato-palma-veiga,1.1406,2026-06-29,European Central Bank euro foreign exchange reference rates,FootballTransfers,https://www.footballtransfers.com/en/players/renato-palma-veiga,footballtransfers_etv_validated,True,False,31252440.0,8,False,False,610677240.0,55516112.72727273,14067400.0,103642520.0,7.367567567567567,5,5,2,True,Runner-up
Portugal,Group K,JOAO CANCELO,Defender,Defender,Barcelona,275,3,5,8000000.0,EUR,8000000.0,9124800.0,2026-06-01,https://www.footballtransfers.com/en/players/joao-cancelo,1.1406,2026-06-29,European Central Bank euro foreign exchange reference rates,FootballTransfers,https://www.footballtransfers.com/en/players/joao-cancelo,footballtransfers_etv_validated,True,False,9124800.0,11,True,False,610677240.0,55516112.72727273,14067400.0,103642520.0,7.367567567567567,5,5,2,True,Runner-up
Portugal,Group K,NUNO MENDES,Defender,Defender,PSG,258,3,6,74100000.0,EUR,74100000.0,84518460.0,2026-06-01,https://www.footballtransfers.com/en/players/nuno-alexandre-tavares-mendes,1.1406,2026-06-29,European Central Bank euro foreign exchange reference rates,FootballTransfers,https://www.footballtransfers.com/en/players/nuno-alexandre-tavares-mendes,footballtransfers_etv_validated,True,False,84518460.0,3,False,True,610677240.0,55516112.72727273,14067400.0,103642520.0,7.367567567567567,5,5,2,True,Runner-up
Portugal,Group K,PEDRO NETO,Forward,Forward,Chelsea,258,3,7,63800000.0,EUR,63800000.0,72770280.0,2026-06-01,https://www.footballtransfers.com/en/players/pedro-neto-1,1.1406,2026-06-29,European Central Bank euro foreign exchange reference rates,FootballTransfers,https://www.footballtransfers.com/en/players/pedro-neto-1,footballtransfers_etv_validated,True,False,72770280.0,4,False,False,610677240.0,55516112.72727273,14067400.0,103642520.0,7.367567567567567,5,5,2,True,Runner-up
Portugal,Group K,VITINHA,Midfielder,Midfielder,PSG,236,3,8,115300000.0,EUR,115300000.0,131511180.0,2026-06-01,https://www.footballtransfers.com/en/players/vitinha-4,1.1406,2026-06-29,European Central Bank euro foreign exchange reference rates,FootballTransfers,https://www.footballtransfers.com/en/players/vitinha-4,footballtransfers_etv_validated,True,False,131511180.0,1,False,True,610677240.0,55516112.72727273,14067400.0,103642520.0,7.367567567567567,5,5,2,True,Runner-up
Portugal,Group K,RUBEN DIAS,Defender,Defender,Man City,192,2,9,51900000.0,EUR,51900000.0,59197140.0,2026-06-01,https://www.footballtransfers.com/en/players/ruben-dias,1.1406,2026-06-29,European Central Bank euro foreign exchange reference rates,FootballTransfers,https://www.footballtransfers.com/en/players/ruben-dias,footballtransfers_etv_validated,True,False,59197140.0,5,False,False,610677240.0,55516112.72727273,14067400.0,103642520.0,7.367567567567567,5,5,2,True,Runner-up
Portugal,Group K,JOAO NEVES,Midfielder,Midfielder,PSG,177,2,10,83200000.0,EUR,83200000.0,94897920.0,2026-06-01,https://www.footballtransfers.com/en/players/joao-pedro-goncalves-neves,1.1406,2026-06-29,European Central Bank euro foreign exchange reference rates,FootballTransfers,https://www.footballtransfers.com/en/players/joao-pedro-goncalves-neves,footballtransfers_etv_validated,True,False,94897920.0,2,False,True,610677240.0,55516112.72727273,14067400.0,103642520.0,7.367567567567567,5,5,2,True,Runner-up
Portugal,Group K,JOAO FELIX,Forward,Forward,Al-Nassr,133,2,11,18600000.0,EUR,18600000.0,21215160.0,2026-06-01,https://www.footballtransfers.com/en/players/joao-felix,1.1406,2026-06-29,European Central Bank euro foreign exchange reference rates,FootballTransfers,https://www.footballtransfers.com/en/players/joao-felix,footballtransfers_etv_validated,True,False,21215160.0,9,True,False,610677240.0,55516112.72727273,14067400.0,103642520.0,7.367567567567567,5,5,2,True,Runner-up
Qatar,Group B,BOUALEM KHOUKHI,Defender,Defender,,295,3,1,384771.0,EUR,,,2026-06-01,https://www.fotmob.com/players/308921/boualem-khoukhi,1.1406,2026-06-29,European Central Bank euro foreign exchange reference rates,FotMob / SciSports,https://www.fotmob.com/players/308921/boualem-khoukhi,fotmob_scisports_market_value_latest_pre_cutoff,True,True,438869.8026,6,False,False,9226341.915,838758.3559090908,226974.45739999998,2091100.0,9.212930934844477,1,-8,4,False,Eliminated
Qatar,Group B,ISSA LAYE,Defender,Defender,,295,3,2,328299.0,EUR,,,2026-06-01,https://www.fotmob.com/players/1839745/issa-laye,1.1406,2026-06-29,European Central Bank euro foreign exchange reference rates,FotMob / SciSports,https://www.fotmob.com/players/1839745/issa-laye,fotmob_scisports_market_value_latest_pre_cutoff,True,True,374457.8394,8,False,False,9226341.915,838758.3559090908,226974.45739999998,2091100.0,9.212930934844477,1,-8,4,False,Eliminated
Qatar,Group B,MAHMOUD ABUNADA,Goalkeeper,Goalkeeper,,295,3,3,403968.0,EUR,,,2026-06-01,https://www.fotmob.com/players/1213141/mahmoud-abunada,1.1406,2026-06-29,European Central Bank euro foreign exchange reference rates,FotMob / SciSports,https://www.fotmob.com/players/1213141/mahmoud-abunada,fotmob_scisports_market_value_latest_pre_cutoff,True,True,460765.9008,5,False,False,9226341.915,838758.3559090908,226974.45739999998,2091100.0,9.212930934844477,1,-8,4,False,Eliminated
Qatar,Group B,PEDRO MIGUEL,Defender,Defender,,295,3,4,150000.0,EUR,,,2026-05-14,https://www.transfermarkt.com/schnellsuche/ergebnis/schnellsuche?query=Pedro+Miguel,1.1406,2026-06-29,European Central Bank euro foreign exchange reference rates,Transfermarkt,https://www.transfermarkt.com/schnellsuche/ergebnis/schnellsuche?query=Pedro+Miguel,manual indexed market value,True,True,171090.0,11,True,False,9226341.915,838758.3559090908,226974.45739999998,2091100.0,9.212930934844477,1,-8,4,False,Eliminated
Qatar,Group B,EDMILSON JUNIOR,Forward,Forward,Al Duhail,257,3,5,1000000.0,EUR,1000000.0,1140600.0,2026-06-01,https://www.footballtransfers.com/en/players/edmilson-junior,1.1406,2026-06-29,European Central Bank euro foreign exchange reference rates,FootballTransfers,https://www.footballtransfers.com/en/players/edmilson-junior,footballtransfers_etv_validated,True,False,1140600.0,2,False,True,9226341.915,838758.3559090908,226974.45739999998,2091100.0,9.212930934844477,1,-8,4,False,Eliminated
Qatar,Group B,AKRAM AFIF,Forward,Forward,Al Sadd,254,3,6,4000000.0,EUR,4000000.0,4562400.0,2026-06-01,https://www.footballtransfers.com/en/players/akram-afif,1.1406,2026-06-29,European Central Bank euro foreign exchange reference rates,FootballTransfers,https://www.footballtransfers.com/en/players/akram-afif,footballtransfers_etv_validated,True,False,4562400.0,1,False,True,9226341.915,838758.3559090908,226974.45739999998,2091100.0,9.212930934844477,1,-8,4,False,Eliminated
Qatar,Group B,JASSEM GABER,Defender,Defender,Al Rayyan,240,3,7,500000.0,EUR,500000.0,570300.0,2026-06-01,https://www.footballtransfers.com/en/players/jassem-gaber-abdulsallam,1.1406,2026-06-29,European Central Bank euro foreign exchange reference rates,FootballTransfers,https://www.footballtransfers.com/en/players/jassem-gaber-abdulsallam,footballtransfers_etv_validated,True,False,570300.0,3,False,True,9226341.915,838758.3559090908,226974.45739999998,2091100.0,9.212930934844477,1,-8,4,False,Eliminated
Qatar,Group B,HOMAM AHMED,Defender,Defender,,198,2,8,500000.0,EUR,,,,https://www.transfermarkt.com/schnellsuche/ergebnis/schnellsuche?query=Homam+Al-Amin,1.1406,2026-06-29,European Central Bank euro foreign exchange reference rates,Transfermarkt,https://www.transfermarkt.com/schnellsuche/ergebnis/schnellsuche?query=Homam+Al-Amin,manual indexed market value,False,True,570300.0,4,False,False,9226341.915,838758.3559090908,226974.45739999998,2091100.0,9.212930934844477,1,-8,4,False,Eliminated
Qatar,Group B,ASSIM MADIBO,Midfielder,Midfielder,,178,2,9,192857.0,EUR,,,2026-06-01,https://www.fotmob.com/players/615414/assim-madibo,1.1406,2026-06-29,European Central Bank euro foreign exchange reference rates,FotMob / SciSports,https://www.fotmob.com/players/615414/assim-madibo,fotmob_scisports_market_value_latest_pre_cutoff,True,True,219972.6942,10,True,False,9226341.915,838758.3559090908,226974.45739999998,2091100.0,9.212930934844477,1,-8,4,False,Eliminated
Qatar,Group B,AYOUB ALOUI,Defender,Defender,,160,2,10,375000.0,EUR,,,2026-05-14,https://www.transfermarkt.com/schnellsuche/ergebnis/schnellsuche?query=Ayoub+Al-Oui,1.1406,2026-06-29,European Central Bank euro foreign exchange reference rates,Transfermarkt,https://www.transfermarkt.com/schnellsuche/ergebnis/schnellsuche?query=Ayoub+Al-Oui,manual indexed market value,True,True,427725.0,7,False,False,9226341.915,838758.3559090908,226974.45739999998,2091100.0,9.212930934844477,1,-8,4,False,Eliminated
Qatar,Group B,SULTAN ALBRAKE,Defender,Defender,,157,1,11,254130.0,EUR,,,2026-06-01,https://www.fotmob.com/players/644014/sultan-al-brake,1.1406,2026-06-29,European Central Bank euro foreign exchange reference rates,FotMob / SciSports,https://www.fotmob.com/players/644014/sultan-al-brake,fotmob_scisports_market_value_latest_pre_cutoff,True,True,289860.678,9,True,False,9226341.915,838758.3559090908,226974.45739999998,2091100.0,9.212930934844477,1,-8,4,False,Eliminated
Saudi Arabia,Group H,MOHAMMED ALOWAIS,Goalkeeper,Goalkeeper,,294,3,1,141322.0,EUR,,,2026-06-01,https://www.fotmob.com/players/535669/mohammed-al-owais,1.1406,2026-06-29,European Central Bank euro foreign exchange reference rates,FotMob / SciSports,https://www.fotmob.com/players/535669/mohammed-al-owais,fotmob_scisports_market_value_latest_pre_cutoff,True,True,161191.8732,11,True,False,15445231.8732,1404111.9884727271,509970.62440000003,3155660.0,6.187925047080418,2,-4,4,False,Eliminated
Saudi Arabia,Group H,SAUD ABDULHAMID,Defender,Defender,Lens,285,3,2,3200000.0,EUR,3200000.0,3649920.0,2026-06-01,https://www.footballtransfers.com/en/players/saud-abdullah-abdulhamid,1.1406,2026-06-29,European Central Bank euro foreign exchange reference rates,FootballTransfers,https://www.footballtransfers.com/en/players/saud-abdullah-abdulhamid,footballtransfers_etv_validated,True,False,3649920.0,2,False,True,15445231.8732,1404111.9884727271,509970.62440000003,3155660.0,6.187925047080418,2,-4,4,False,Eliminated
Saudi Arabia,Group H,ABDULLAH ALKHAIBARI,Midfielder,Midfielder,Al-Nassr,279,3,3,600000.0,EUR,600000.0,684360.0,2026-06-02,https://www.footballtransfers.com/en/players/abdullah-alkhaibari-abdullah-alkhaibari,1.1406,2026-06-29,European Central Bank euro foreign exchange reference rates,FootballTransfers,https://www.footballtransfers.com/en/players/abdullah-alkhaibari-abdullah-alkhaibari,footballtransfers_etv_validated,True,False,684360.0,8,True,False,15445231.8732,1404111.9884727271,509970.62440000003,3155660.0,6.187925047080418,2,-4,4,False,Eliminated
Saudi Arabia,Group H,SALEM ALDAWSARI,Forward,Forward,Al-Hilal,263,3,4,900000.0,EUR,900000.0,1026540.0,2026-06-01,https://www.footballtransfers.com/en/players/salem-al-dawsari,1.1406,2026-06-29,European Central Bank euro foreign exchange reference rates,FootballTransfers,https://www.footballtransfers.com/en/players/salem-al-dawsari,footballtransfers_etv_validated,True,False,1026540.0,4,False,False,15445231.8732,1404111.9884727271,509970.62440000003,3155660.0,6.187925047080418,2,-4,4,False,Eliminated
Saudi Arabia,Group H,Abdulelah ALAMRI,Defender,Defender,Al-Nassr,255,3,5,800000.0,EUR,800000.0,912480.0,2026-06-02,https://www.footballtransfers.com/en/players/abdulelah-al-amri,1.1406,2026-06-29,European Central Bank euro foreign exchange reference rates,FootballTransfers,https://www.footballtransfers.com/en/players/abdulelah-al-amri,footballtransfers_etv_validated,True,False,912480.0,6,False,False,15445231.8732,1404111.9884727271,509970.62440000003,3155660.0,6.187925047080418,2,-4,4,False,Eliminated
Saudi Arabia,Group H,FERAS ALBRIKAN,Forward,Forward,,246,3,6,3800000.0,EUR,3800000.0,4334280.0,,https://www.footballtransfers.com/en/players/firas-tariq-nasser-alburaikan,1.1406,2026-06-29,European Central Bank euro foreign exchange reference rates,FootballTransfers,https://www.footballtransfers.com/en/players/firas-tariq-nasser-alburaikan,manual_fallback_footballtransfers_search_cache_date_unverified,False,True,4334280.0,1,False,True,15445231.8732,1404111.9884727271,509970.62440000003,3155660.0,6.187925047080418,2,-4,4,False,Eliminated
Saudi Arabia,Group H,HASSAN ALTAMBAKTI,Defender,Defender,Al-Hilal,231,3,7,1300000.0,EUR,1300000.0,1482780.0,2026-06-02,https://www.footballtransfers.com/en/players/hassan-mohamed-al-tembakti,1.1406,2026-06-29,European Central Bank euro foreign exchange reference rates,FootballTransfers,https://www.footballtransfers.com/en/players/hassan-mohamed-al-tembakti,footballtransfers_etv_validated,True,False,1482780.0,3,False,True,15445231.8732,1404111.9884727271,509970.62440000003,3155660.0,6.187925047080418,2,-4,4,False,Eliminated
Saudi Arabia,Group H,NASSER ALDAWSARI,Midfielder,Midfielder,Al-Hilal,222,2,8,600000.0,EUR,600000.0,684360.0,2026-06-01,https://www.footballtransfers.com/en/players/nasser-aldawsari,1.1406,2026-06-29,European Central Bank euro foreign exchange reference rates,FootballTransfers,https://www.footballtransfers.com/en/players/nasser-aldawsari,footballtransfers_etv_validated,True,False,684360.0,9,True,False,15445231.8732,1404111.9884727271,509970.62440000003,3155660.0,6.187925047080418,2,-4,4,False,Eliminated
Saudi Arabia,Group H,MOHAMED KANNO,Midfielder,Midfielder,Al-Hilal,204,2,9,700000.0,EUR,700000.0,798420.0,2026-06-01,https://www.footballtransfers.com/en/players/mohamed-kanno,1.1406,2026-06-29,European Central Bank euro foreign exchange reference rates,FootballTransfers,https://www.footballtransfers.com/en/players/mohamed-kanno,footballtransfers_etv_validated,True,False,798420.0,7,False,False,15445231.8732,1404111.9884727271,509970.62440000003,3155660.0,6.187925047080418,2,-4,4,False,Eliminated
Saudi Arabia,Group H,MOTEB ALHARBI,Defender,Defender,Al-Hilal,203,2,10,900000.0,EUR,900000.0,1026540.0,2026-06-02,https://www.footballtransfers.com/en/players/moteb-alharbi,1.1406,2026-06-29,European Central Bank euro foreign exchange reference rates,FootballTransfers,https://www.footballtransfers.com/en/players/moteb-alharbi,footballtransfers_etv_validated,True,False,1026540.0,5,False,False,15445231.8732,1404111.9884727271,509970.62440000003,3155660.0,6.187925047080418,2,-4,4,False,Eliminated
Saudi Arabia,Group H,ALI LAJAMI,Defender,Defender,,171,1,11,600000.0,EUR,600000.0,684360.0,,https://www.footballtransfers.com/en/players/ali-aloujami,1.1406,2026-06-29,European Central Bank euro foreign exchange reference rates,FootballTransfers,https://www.footballtransfers.com/en/players/ali-aloujami,footballtransfers_etv_profile_value_date_unverified,False,True,684360.0,10,False,False,15445231.8732,1404111.9884727271,509970.62440000003,3155660.0,6.187925047080418,2,-4,4,False,Eliminated
Scotland,Group C,Angus Gunn,Goalkeeper,Goalkeeper,N. Forest,293,3,1,1200000.0,EUR,1200000.0,1368720.0,2026-06-01,https://www.footballtransfers.com/en/players/angus-gunn,1.1406,2026-06-29,European Central Bank euro foreign exchange reference rates,FootballTransfers,https://www.footballtransfers.com/en/players/angus-gunn,footballtransfers_etv_validated,True,False,1368720.0,10,True,False,159836763.9798,14530614.907254545,1077461.3266,32545120.0,30.205371827774332,3,-3,3,False,Eliminated
Scotland,Group C,Jack Hendry,Defender,Defender,Al-Ettifaq,293,3,2,1300000.0,EUR,1300000.0,1482780.0,2026-06-01,https://www.footballtransfers.com/en/players/jack-hendry,1.1406,2026-06-29,European Central Bank euro foreign exchange reference rates,FootballTransfers,https://www.footballtransfers.com/en/players/jack-hendry,footballtransfers_etv_validated,True,False,1482780.0,9,True,False,159836763.9798,14530614.907254545,1077461.3266,32545120.0,30.205371827774332,3,-3,3,False,Eliminated
Scotland,Group C,Lewis FERGUSON,Midfielder,Midfielder,Bologna,293,3,3,19200000.0,EUR,19200000.0,21899520.0,2026-06-01,https://www.footballtransfers.com/en/players/lewis-ferguson,1.1406,2026-06-29,European Central Bank euro foreign exchange reference rates,FootballTransfers,https://www.footballtransfers.com/en/players/lewis-ferguson,footballtransfers_etv_validated,True,False,21899520.0,3,False,True,159836763.9798,14530614.907254545,1077461.3266,32545120.0,30.205371827774332,3,-3,3,False,Eliminated
Scotland,Group C,Scott McTominay,Midfielder,Midfielder,Napoli,293,3,4,44900000.0,EUR,44900000.0,51212940.0,2026-06-01,https://www.footballtransfers.com/en/players/scott-mctominay,1.1406,2026-06-29,European Central Bank euro foreign exchange reference rates,FootballTransfers,https://www.footballtransfers.com/en/players/scott-mctominay,footballtransfers_etv_validated,True,False,51212940.0,1,False,True,159836763.9798,14530614.907254545,1077461.3266,32545120.0,30.205371827774332,3,-3,3,False,Eliminated
Scotland,Group C,Andy ROBERTSON,Defender,Defender,Liverpool,286,3,5,10300000.0,EUR,10300000.0,11748180.0,2026-06-02,https://www.footballtransfers.com/en/players/andrew-robertson,1.1406,2026-06-29,European Central Bank euro foreign exchange reference rates,FootballTransfers,https://www.footballtransfers.com/en/players/andrew-robertson,footballtransfers_etv_validated,True,False,11748180.0,6,False,False,159836763.9798,14530614.907254545,1077461.3266,32545120.0,30.205371827774332,3,-3,3,False,Eliminated
Scotland,Group C,John McGinn,Midfielder,Midfielder,A. Villa,260,3,6,17600000.0,EUR,17600000.0,20074560.0,2026-06-01,https://www.footballtransfers.com/en/players/john-mcginn,1.1406,2026-06-29,European Central Bank euro foreign exchange reference rates,FootballTransfers,https://www.footballtransfers.com/en/players/john-mcginn,footballtransfers_etv_validated,True,False,20074560.0,4,False,False,159836763.9798,14530614.907254545,1077461.3266,32545120.0,30.205371827774332,3,-3,3,False,Eliminated
Scotland,Group C,Grant Hanley,Defender,Defender,,196,2,7,333933.0,EUR,,,2026-06-01,https://www.fotmob.com/players/202180/grant-hanley,1.1406,2026-06-29,European Central Bank euro foreign exchange reference rates,FotMob / SciSports,https://www.fotmob.com/players/202180/grant-hanley,fotmob_scisports_market_value_latest_pre_cutoff,True,True,380883.97980000003,11,True,False,159836763.9798,14530614.907254545,1077461.3266,32545120.0,30.205371827774332,3,-3,3,False,Eliminated
Scotland,Group C,Ben GANNON-DOAK,Forward,Forward,B'mouth,193,2,8,21500000.0,EUR,21500000.0,24522900.0,2026-06-01,https://www.footballtransfers.com/en/players/ben-doak,1.1406,2026-06-29,European Central Bank euro foreign exchange reference rates,FootballTransfers,https://www.footballtransfers.com/en/players/ben-doak,footballtransfers_etv_validated,True,False,24522900.0,2,False,True,159836763.9798,14530614.907254545,1077461.3266,32545120.0,30.205371827774332,3,-3,3,False,Eliminated
Scotland,Group C,Nathan PATTERSON,Defender,Defender,Everton,193,2,9,12600000.0,EUR,12600000.0,14371560.0,2026-06-01,https://www.footballtransfers.com/en/players/nathan-patterson,1.1406,2026-06-29,European Central Bank euro foreign exchange reference rates,FootballTransfers,https://www.footballtransfers.com/en/players/nathan-patterson,footballtransfers_etv_validated,True,False,14371560.0,5,False,False,159836763.9798,14530614.907254545,1077461.3266,32545120.0,30.205371827774332,3,-3,3,False,Eliminated
Scotland,Group C,Lawrence SHANKLAND,Forward,Forward,Hearts,172,2,10,2200000.0,EUR,2200000.0,2509320.0,2026-06-01,https://www.footballtransfers.com/en/players/lawrence-shankland,1.1406,2026-06-29,European Central Bank euro foreign exchange reference rates,FootballTransfers,https://www.footballtransfers.com/en/players/lawrence-shankland,footballtransfers_etv_validated,True,False,2509320.0,8,False,False,159836763.9798,14530614.907254545,1077461.3266,32545120.0,30.205371827774332,3,-3,3,False,Eliminated
Scotland,Group C,Che Adams,Forward,Forward,Torino,153,2,11,9000000.0,EUR,9000000.0,10265400.0,2026-06-01,https://www.footballtransfers.com/en/players/che-adams,1.1406,2026-06-29,European Central Bank euro foreign exchange reference rates,FootballTransfers,https://www.footballtransfers.com/en/players/che-adams,footballtransfers_etv_validated,True,False,10265400.0,7,False,False,159836763.9798,14530614.907254545,1077461.3266,32545120.0,30.205371827774332,3,-3,3,False,Eliminated
Senegal,Group I,Krepin DIATTA,Defender,Defender,Monaco,298,3,1,3500000.0,EUR,3500000.0,3992100.0,2026-06-01,https://www.footballtransfers.com/en/players/krepin-diatta,1.1406,2026-06-29,European Central Bank euro foreign exchange reference rates,FootballTransfers,https://www.footballtransfers.com/en/players/krepin-diatta,footballtransfers_etv_validated,True,False,3992100.0,8,False,False,269751515.6178,24522865.056163635,2699291.8726,48589560.0,18.00085440675142,3,2,3,True,Best third-place qualifier
Senegal,Group I,Moussa Niakhate,Defender,Defender,Lyon,298,3,2,17800000.0,EUR,17800000.0,20302680.0,2026-06-01,https://www.footballtransfers.com/en/players/moussa-niakhate,1.1406,2026-06-29,European Central Bank euro foreign exchange reference rates,FootballTransfers,https://www.footballtransfers.com/en/players/moussa-niakhate,footballtransfers_etv_validated,True,False,20302680.0,6,False,False,269751515.6178,24522865.056163635,2699291.8726,48589560.0,18.00085440675142,3,2,3,True,Best third-place qualifier
Senegal,Group I,Sadio MANE,Forward,Forward,Al-Nassr,298,3,3,9300000.0,EUR,9300000.0,10607580.0,2026-06-01,https://www.footballtransfers.com/en/players/sadio-mane,1.1406,2026-06-29,European Central Bank euro foreign exchange reference rates,FootballTransfers,https://www.footballtransfers.com/en/players/sadio-mane,footballtransfers_etv_validated,True,False,10607580.0,7,False,False,269751515.6178,24522865.056163635,2699291.8726,48589560.0,18.00085440675142,3,2,3,True,Best third-place qualifier
Senegal,Group I,Idrissa Gana GUEYE,Midfielder,Midfielder,,286,3,4,1499663.0,EUR,,,2026-06-01,https://www.fotmob.com/players/179410/idrissa-gana-gueye,1.1406,2026-06-29,European Central Bank euro foreign exchange reference rates,FotMob / SciSports,https://www.fotmob.com/players/179410/idrissa-gana-gueye,fotmob_scisports_market_value_latest_pre_cutoff,True,True,1710515.6178000001,11,True,False,269751515.6178,24522865.056163635,2699291.8726,48589560.0,18.00085440675142,3,2,3,True,Best third-place qualifier
Senegal,Group I,Ismaila SARR,Forward,Forward,C. Palace,257,3,5,41500000.0,EUR,41500000.0,47334900.0,2026-06-01,https://www.footballtransfers.com/en/players/ismaila-sarr,1.1406,2026-06-29,European Central Bank euro foreign exchange reference rates,FootballTransfers,https://www.footballtransfers.com/en/players/ismaila-sarr,footballtransfers_etv_validated,True,False,47334900.0,3,False,True,269751515.6178,24522865.056163635,2699291.8726,48589560.0,18.00085440675142,3,2,3,True,Best third-place qualifier
Senegal,Group I,Nicolas JACKSON,Forward,Forward,Bayern,225,2,6,44100000.0,EUR,44100000.0,50300460.0,2026-06-01,https://www.footballtransfers.com/en/players/nicolas-jackson-1,1.1406,2026-06-29,European Central Bank euro foreign exchange reference rates,FootballTransfers,https://www.footballtransfers.com/en/players/nicolas-jackson-1,footballtransfers_etv_validated,True,False,50300460.0,1,False,True,269751515.6178,24522865.056163635,2699291.8726,48589560.0,18.00085440675142,3,2,3,True,Best third-place qualifier
Senegal,Group I,Lamine CAMARA,Midfielder,Midfielder,Monaco,194,3,7,41000000.0,EUR,41000000.0,46764600.0,2026-06-01,https://www.footballtransfers.com/en/players/mamadou-lamine-camara,1.1406,2026-06-29,European Central Bank euro foreign exchange reference rates,FootballTransfers,https://www.footballtransfers.com/en/players/mamadou-lamine-camara,footballtransfers_etv_validated,True,False,46764600.0,4,False,False,269751515.6178,24522865.056163635,2699291.8726,48589560.0,18.00085440675142,3,2,3,True,Best third-place qualifier
Senegal,Group I,Pape GUEYE,Midfielder,Midfielder,Villarreal,178,2,8,30000000.0,EUR,30000000.0,34218000.0,2026-06-01,https://www.footballtransfers.com/en/players/pape-alassane-gueye,1.1406,2026-06-29,European Central Bank euro foreign exchange reference rates,FootballTransfers,https://www.footballtransfers.com/en/players/pape-alassane-gueye,footballtransfers_etv_validated,True,False,34218000.0,5,False,False,269751515.6178,24522865.056163635,2699291.8726,48589560.0,18.00085440675142,3,2,3,True,Best third-place qualifier
Senegal,Group I,Kalidou KOULIBALY,Defender,Defender,Al-Hilal,172,2,9,3400000.0,EUR,3400000.0,3878040.0,2026-06-01,https://www.footballtransfers.com/en/players/kalidou-koulibaly,1.1406,2026-06-29,European Central Bank euro foreign exchange reference rates,FootballTransfers,https://www.footballtransfers.com/en/players/kalidou-koulibaly,footballtransfers_etv_validated,True,False,3878040.0,9,True,False,269751515.6178,24522865.056163635,2699291.8726,48589560.0,18.00085440675142,3,2,3,True,Best third-place qualifier
Senegal,Group I,Edouard MENDY,Goalkeeper,Goalkeeper,Al Ahli,163,2,10,2200000.0,EUR,2200000.0,2509320.0,2026-06-01,https://www.footballtransfers.com/en/players/edouard-mendy,1.1406,2026-06-29,European Central Bank euro foreign exchange reference rates,FootballTransfers,https://www.footballtransfers.com/en/players/edouard-mendy,footballtransfers_etv_validated,True,False,2509320.0,10,True,False,269751515.6178,24522865.056163635,2699291.8726,48589560.0,18.00085440675142,3,2,3,True,Best third-place qualifier
Senegal,Group I,El Hadji Malick DIOUF,Defender,Defender,West Ham,154,2,11,42200000.0,EUR,42200000.0,48133320.0,2026-06-01,https://www.footballtransfers.com/en/players/el-hadji-malick-diouf,1.1406,2026-06-29,European Central Bank euro foreign exchange reference rates,FootballTransfers,https://www.footballtransfers.com/en/players/el-hadji-malick-diouf,footballtransfers_etv_validated,True,False,48133320.0,2,False,True,269751515.6178,24522865.056163635,2699291.8726,48589560.0,18.00085440675142,3,2,3,True,Best third-place qualifier
South Africa,Group A,Ime OKON,Defender,Defender,Hannover 96,293,3,1,1900000.0,EUR,1900000.0,2167140.0,2026-06-01,https://www.footballtransfers.com/en/players/ime-okon,1.1406,2026-06-29,European Central Bank euro foreign exchange reference rates,FootballTransfers,https://www.footballtransfers.com/en/players/ime-okon,footballtransfers_etv_validated,True,False,2167140.0,1,False,True,11414997.0528,1037727.0048,497259.0176000001,1939020.0,3.8994164637950646,4,-1,2,True,Runner-up
South Africa,Group A,Khuliso MUDAU,Defender,Defender,Mamelodi,293,3,2,500000.0,EUR,500000.0,570300.0,2026-06-01,https://www.footballtransfers.com/en/players/khuliso-mudau,1.1406,2026-06-29,European Central Bank euro foreign exchange reference rates,FootballTransfers,https://www.footballtransfers.com/en/players/khuliso-mudau,footballtransfers_etv_validated,True,False,570300.0,10,True,False,11414997.0528,1037727.0048,497259.0176000001,1939020.0,3.8994164637950646,4,-1,2,True,Runner-up
South Africa,Group A,Mbekezeli MBOKAZI,Defender,Defender,Chicago Fire,293,3,3,700000.0,EUR,700000.0,798420.0,2026-06-01,https://www.footballtransfers.com/en/players/mbekezeli-mbokazi-6,1.1406,2026-06-29,European Central Bank euro foreign exchange reference rates,FootballTransfers,https://www.footballtransfers.com/en/players/mbekezeli-mbokazi-6,footballtransfers_etv_validated,True,False,798420.0,6,False,False,11414997.0528,1037727.0048,497259.0176000001,1939020.0,3.8994164637950646,4,-1,2,True,Runner-up
South Africa,Group A,Ronwen WILLIAMS,Goalkeeper,Goalkeeper,Mamelodi,293,3,4,600000.0,EUR,600000.0,684360.0,2026-06-01,https://www.footballtransfers.com/en/players/ronwen-williams,1.1406,2026-06-29,European Central Bank euro foreign exchange reference rates,FootballTransfers,https://www.footballtransfers.com/en/players/ronwen-williams,footballtransfers_etv_validated,True,False,684360.0,8,False,False,11414997.0528,1037727.0048,497259.0176000001,1939020.0,3.8994164637950646,4,-1,2,True,Runner-up
South Africa,Group A,Aubrey MODIBA,Defender,Defender,Mamelodi,271,3,5,800000.0,EUR,800000.0,912480.0,2026-06-01,https://www.footballtransfers.com/en/players/aubrey-maphosa-modiba,1.1406,2026-06-29,European Central Bank euro foreign exchange reference rates,FootballTransfers,https://www.footballtransfers.com/en/players/aubrey-maphosa-modiba,footballtransfers_etv_validated,True,False,912480.0,4,False,False,11414997.0528,1037727.0048,497259.0176000001,1939020.0,3.8994164637950646,4,-1,2,True,Runner-up
South Africa,Group A,Thalente MBATHA,Midfielder,Midfielder,Orlando,237,2,6,800000.0,EUR,800000.0,912480.0,2026-06-01,https://www.footballtransfers.com/en/players/thalente-mbatha,1.1406,2026-06-29,European Central Bank euro foreign exchange reference rates,FootballTransfers,https://www.footballtransfers.com/en/players/thalente-mbatha,footballtransfers_etv_validated,True,False,912480.0,5,False,False,11414997.0528,1037727.0048,497259.0176000001,1939020.0,3.8994164637950646,4,-1,2,True,Runner-up
South Africa,Group A,Teboho MOKOENA,Midfielder,Midfielder,Mamelodi,196,2,7,1500000.0,EUR,1500000.0,1710900.0,2026-06-01,https://www.footballtransfers.com/en/players/teboho-mokoena,1.1406,2026-06-29,European Central Bank euro foreign exchange reference rates,FootballTransfers,https://www.footballtransfers.com/en/players/teboho-mokoena,footballtransfers_etv_validated,True,False,1710900.0,3,False,True,11414997.0528,1037727.0048,497259.0176000001,1939020.0,3.8994164637950646,4,-1,2,True,Runner-up
South Africa,Group A,Sphephelo SITHOLE,Midfielder,Midfielder,,195,2,8,543888.0,EUR,,,2026-06-01,https://www.fotmob.com/players/1107735/sphephelo-sithole,1.1406,2026-06-29,European Central Bank euro foreign exchange reference rates,FotMob / SciSports,https://www.fotmob.com/players/1107735/sphephelo-sithole,fotmob_scisports_market_value_latest_pre_cutoff,True,True,620358.6528,9,True,False,11414997.0528,1037727.0048,497259.0176000001,1939020.0,3.8994164637950646,4,-1,2,True,Runner-up
South Africa,Group A,Oswin APPOLLIS,Forward,Forward,Orlando,182,2,9,700000.0,EUR,700000.0,798420.0,2026-06-01,https://www.footballtransfers.com/en/players/oswin-appollis,1.1406,2026-06-29,European Central Bank euro foreign exchange reference rates,FootballTransfers,https://www.footballtransfers.com/en/players/oswin-appollis,footballtransfers_etv_validated,True,False,798420.0,7,False,False,11414997.0528,1037727.0048,497259.0176000001,1939020.0,3.8994164637950646,4,-1,2,True,Runner-up
South Africa,Group A,Jayden ADAMS,Midfielder,Midfielder,,168,2,10,264000.0,EUR,,,2026-06-01,https://www.fotmob.com/players/1178629/jayden-adams,1.1406,2026-06-29,European Central Bank euro foreign exchange reference rates,FotMob / SciSports,https://www.fotmob.com/players/1178629/jayden-adams,fotmob_scisports_market_value_latest_pre_cutoff,True,True,301118.4,11,True,False,11414997.0528,1037727.0048,497259.0176000001,1939020.0,3.8994164637950646,4,-1,2,True,Runner-up
South Africa,Group A,Iqraam RAYNERS,Forward,Forward,Mamelodi,164,2,11,1700000.0,EUR,1700000.0,1939020.0,2026-06-01,https://www.footballtransfers.com/en/players/iqraam-rayners,1.1406,2026-06-29,European Central Bank euro foreign exchange reference rates,FootballTransfers,https://www.footballtransfers.com/en/players/iqraam-rayners,footballtransfers_etv_validated,True,False,1939020.0,2,False,True,11414997.0528,1037727.0048,497259.0176000001,1939020.0,3.8994164637950646,4,-1,2,True,Runner-up
Spain,Group H,Aymeric LAPORTE,Defender,Defender,Athletic,292,3,1,7000000.0,EUR,7000000.0,7984200.0,2026-06-01,https://www.footballtransfers.com/en/players/aymeric-laporte,1.1406,2026-06-29,European Central Bank euro foreign exchange reference rates,FootballTransfers,https://www.footballtransfers.com/en/players/aymeric-laporte,footballtransfers_etv_validated,True,False,7984200.0,11,True,False,815871180.0,74170107.27272727,19390200.0,164284420.0,8.472549019607843,7,5,1,True,Group winner
Spain,Group H,Marc CUCURELLA,Defender,Defender,Chelsea,292,3,2,45900000.0,EUR,45900000.0,52353540.0,2026-06-01,https://www.footballtransfers.com/en/players/marc-cucurella-saseta,1.1406,2026-06-29,European Central Bank euro foreign exchange reference rates,FootballTransfers,https://www.footballtransfers.com/en/players/marc-cucurella-saseta,footballtransfers_etv_validated,True,False,52353540.0,5,False,False,815871180.0,74170107.27272727,19390200.0,164284420.0,8.472549019607843,7,5,1,True,Group winner
Spain,Group H,Pau CUBARSI,Defender,Defender,Barcelona,292,3,3,134000000.0,EUR,134000000.0,152840400.0,2026-06-01,https://www.footballtransfers.com/en/players/pau-cubarsi,1.1406,2026-06-29,European Central Bank euro foreign exchange reference rates,FootballTransfers,https://www.footballtransfers.com/en/players/pau-cubarsi,footballtransfers_etv_validated,True,False,152840400.0,2,False,True,815871180.0,74170107.27272727,19390200.0,164284420.0,8.472549019607843,7,5,1,True,Group winner
Spain,Group H,Unai SIMON,Goalkeeper,Goalkeeper,Athletic,292,3,4,25500000.0,EUR,25500000.0,29085300.0,2026-06-01,https://www.footballtransfers.com/en/players/unai-simon-mendibil,1.1406,2026-06-29,European Central Bank euro foreign exchange reference rates,FootballTransfers,https://www.footballtransfers.com/en/players/unai-simon-mendibil,footballtransfers_etv_validated,True,False,29085300.0,9,True,False,815871180.0,74170107.27272727,19390200.0,164284420.0,8.472549019607843,7,5,1,True,Group winner
Spain,Group H,RODRI,Midfielder,Midfielder,Man City,283,3,5,73100000.0,EUR,73100000.0,83377860.0,2026-06-01,https://www.footballtransfers.com/en/players/rodri-5,1.1406,2026-06-29,European Central Bank euro foreign exchange reference rates,FootballTransfers,https://www.footballtransfers.com/en/players/rodri-5,footballtransfers_etv_validated,True,False,83377860.0,4,False,False,815871180.0,74170107.27272727,19390200.0,164284420.0,8.472549019607843,7,5,1,True,Group winner
Spain,Group H,Mikel OYARZABAL,Forward,Forward,R. Sociedad,262,3,6,34400000.0,EUR,34400000.0,39236640.0,2026-06-01,https://www.footballtransfers.com/en/players/mikel-oyarzabal,1.1406,2026-06-29,European Central Bank euro foreign exchange reference rates,FootballTransfers,https://www.footballtransfers.com/en/players/mikel-oyarzabal,footballtransfers_etv_validated,True,False,39236640.0,7,False,False,815871180.0,74170107.27272727,19390200.0,164284420.0,8.472549019607843,7,5,1,True,Group winner
Spain,Group H,PEDRI,Midfielder,Midfielder,Barcelona,226,3,7,106900000.0,EUR,106900000.0,121930140.0,2026-06-01,https://www.footballtransfers.com/en/players/pedri-1,1.1406,2026-06-29,European Central Bank euro foreign exchange reference rates,FootballTransfers,https://www.footballtransfers.com/en/players/pedri-1,footballtransfers_etv_validated,True,False,121930140.0,3,False,True,815871180.0,74170107.27272727,19390200.0,164284420.0,8.472549019607843,7,5,1,True,Group winner
Spain,Group H,Marcos LLORENTE,Defender,Defender,Atlético Madrid,193,2,8,18500000.0,EUR,18500000.0,21101100.0,2026-06-01,https://www.footballtransfers.com/en/players/llorente-moreno,1.1406,2026-06-29,European Central Bank euro foreign exchange reference rates,FootballTransfers,https://www.footballtransfers.com/en/players/llorente-moreno,footballtransfers_etv_validated,True,False,21101100.0,10,True,False,815871180.0,74170107.27272727,19390200.0,164284420.0,8.472549019607843,7,5,1,True,Group winner
Spain,Group H,Lamine YAMAL,Forward,Forward,Barcelona,191,2,9,191200000.0,EUR,191200000.0,218082720.0,2026-06-01,https://www.footballtransfers.com/en/players/lamine-yamal,1.1406,2026-06-29,European Central Bank euro foreign exchange reference rates,FootballTransfers,https://www.footballtransfers.com/en/players/lamine-yamal,footballtransfers_etv_validated,True,False,218082720.0,1,False,True,815871180.0,74170107.27272727,19390200.0,164284420.0,8.472549019607843,7,5,1,True,Group winner
Spain,Group H,Fabian RUIZ,Midfielder,Midfielder,PSG,137,1,10,33300000.0,EUR,33300000.0,37981980.0,2026-06-01,https://www.footballtransfers.com/en/players/fabian-ruiz-pena,1.1406,2026-06-29,European Central Bank euro foreign exchange reference rates,FootballTransfers,https://www.footballtransfers.com/en/players/fabian-ruiz-pena,footballtransfers_etv_validated,True,False,37981980.0,8,False,False,815871180.0,74170107.27272727,19390200.0,164284420.0,8.472549019607843,7,5,1,True,Group winner
Spain,Group H,Alex BAENA,Midfielder,Midfielder,Atlético Madrid,127,2,11,45500000.0,EUR,45500000.0,51897300.0,2026-06-01,https://www.footballtransfers.com/en/players/alejandro-baena-baena-rodriguez,1.1406,2026-06-29,European Central Bank euro foreign exchange reference rates,FootballTransfers,https://www.footballtransfers.com/en/players/alejandro-baena-baena-rodriguez,footballtransfers_etv_validated,True,False,51897300.0,6,False,False,815871180.0,74170107.27272727,19390200.0,164284420.0,8.472549019607843,7,5,1,True,Group winner
Sweden,Group F,Gustaf LAGERBIELKE,Defender,Defender,Braga,291,3,1,3400000.0,EUR,3400000.0,3878040.0,2026-06-01,https://www.footballtransfers.com/en/players/gustaf-lagerbielke,1.1406,2026-06-29,European Central Bank euro foreign exchange reference rates,FootballTransfers,https://www.footballtransfers.com/en/players/gustaf-lagerbielke,footballtransfers_etv_validated,True,False,3878040.0,8,False,False,365924124.5538,33265829.504890908,2059628.1846,83796080.0,40.685052101418016,4,0,3,True,Best third-place qualifier
Sweden,Group F,Viktor GYOKERES,Forward,Forward,Arsenal,291,3,2,67500000.0,EUR,67500000.0,76990500.0,2026-06-01,https://www.footballtransfers.com/en/players/viktor-gyokeres,1.1406,2026-06-29,European Central Bank euro foreign exchange reference rates,FootballTransfers,https://www.footballtransfers.com/en/players/viktor-gyokeres,footballtransfers_etv_validated,True,False,76990500.0,2,False,True,365924124.5538,33265829.504890908,2059628.1846,83796080.0,40.685052101418016,4,0,3,True,Best third-place qualifier
Sweden,Group F,Alexander Isak,Forward,Forward,Liverpool,284,3,3,103100000.0,EUR,103100000.0,117595860.0,2026-06-01,https://www.footballtransfers.com/en/players/alexander-isak,1.1406,2026-06-29,European Central Bank euro foreign exchange reference rates,FootballTransfers,https://www.footballtransfers.com/en/players/alexander-isak,footballtransfers_etv_validated,True,False,117595860.0,1,False,True,365924124.5538,33265829.504890908,2059628.1846,83796080.0,40.685052101418016,4,0,3,True,Best third-place qualifier
Sweden,Group F,Victor LINDELOF,Defender,Defender,A. Villa,280,3,4,5500000.0,EUR,5500000.0,6273300.0,2026-06-01,https://www.footballtransfers.com/en/players/victor-lindelof,1.1406,2026-06-29,European Central Bank euro foreign exchange reference rates,FootballTransfers,https://www.footballtransfers.com/en/players/victor-lindelof,footballtransfers_etv_validated,True,False,6273300.0,7,False,False,365924124.5538,33265829.504890908,2059628.1846,83796080.0,40.685052101418016,4,0,3,True,Best third-place qualifier
Sweden,Group F,Yasin AYARI,Midfielder,Midfielder,Brighton,274,3,5,38300000.0,EUR,38300000.0,43684980.0,2026-06-01,https://www.footballtransfers.com/en/players/yasin-abbas-ayari,1.1406,2026-06-29,European Central Bank euro foreign exchange reference rates,FootballTransfers,https://www.footballtransfers.com/en/players/yasin-abbas-ayari,footballtransfers_etv_validated,True,False,43684980.0,4,False,False,365924124.5538,33265829.504890908,2059628.1846,83796080.0,40.685052101418016,4,0,3,True,Best third-place qualifier
Sweden,Group F,Gabriel GUDMUNDSSON,Defender,Defender,Leeds Utd,241,3,6,20600000.0,EUR,20600000.0,23496360.0,2026-06-01,https://www.footballtransfers.com/en/players/gabriel-gudmundsson,1.1406,2026-06-29,European Central Bank euro foreign exchange reference rates,FootballTransfers,https://www.footballtransfers.com/en/players/gabriel-gudmundsson,footballtransfers_etv_validated,True,False,23496360.0,6,False,False,365924124.5538,33265829.504890908,2059628.1846,83796080.0,40.685052101418016,4,0,3,True,Best third-place qualifier
Sweden,Group F,Isak HIEN,Defender,Defender,Atalanta,230,3,7,27200000.0,EUR,27200000.0,31024320.0,2026-06-01,https://www.footballtransfers.com/en/players/isak-hien,1.1406,2026-06-29,European Central Bank euro foreign exchange reference rates,FootballTransfers,https://www.footballtransfers.com/en/players/isak-hien,footballtransfers_etv_validated,True,False,31024320.0,5,False,False,365924124.5538,33265829.504890908,2059628.1846,83796080.0,40.685052101418016,4,0,3,True,Best third-place qualifier
Sweden,Group F,Alexander BERNHARDSSON,Defender,Defender,Holstein,220,3,8,1900000.0,EUR,1900000.0,2167140.0,2026-06-01,https://www.footballtransfers.com/en/players/alexander-bernhardsson,1.1406,2026-06-29,European Central Bank euro foreign exchange reference rates,FootballTransfers,https://www.footballtransfers.com/en/players/alexander-bernhardsson,footballtransfers_etv_validated,True,False,2167140.0,10,True,False,365924124.5538,33265829.504890908,2059628.1846,83796080.0,40.685052101418016,4,0,3,True,Best third-place qualifier
Sweden,Group F,Kristoffer NORDFELDT,Goalkeeper,Goalkeeper,,193,2,9,217223.0,EUR,,,2026-06-01,https://www.fotmob.com/players/73462/kristoffer-nordfeldt,1.1406,2026-06-29,European Central Bank euro foreign exchange reference rates,FotMob / SciSports,https://www.fotmob.com/players/73462/kristoffer-nordfeldt,fotmob_scisports_market_value_latest_pre_cutoff,True,True,247764.55380000002,11,True,False,365924124.5538,33265829.504890908,2059628.1846,83796080.0,40.685052101418016,4,0,3,True,Best third-place qualifier
Sweden,Group F,Anthony ELANGA,Forward,Forward,Newcastle,146,1,10,49800000.0,EUR,49800000.0,56801880.0,2026-06-01,https://www.footballtransfers.com/en/players/anthony-elanga,1.1406,2026-06-29,European Central Bank euro foreign exchange reference rates,FootballTransfers,https://www.footballtransfers.com/en/players/anthony-elanga,footballtransfers_etv_validated,True,False,56801880.0,3,False,True,365924124.5538,33265829.504890908,2059628.1846,83796080.0,40.685052101418016,4,0,3,True,Best third-place qualifier
Sweden,Group F,Jesper KARLSTROM,Midfielder,Midfielder,Udinese,139,2,11,3300000.0,EUR,3300000.0,3763980.0,2026-06-01,https://www.footballtransfers.com/en/players/jesper-karlstrom,1.1406,2026-06-29,European Central Bank euro foreign exchange reference rates,FootballTransfers,https://www.footballtransfers.com/en/players/jesper-karlstrom,footballtransfers_etv_validated,True,False,3763980.0,9,True,False,365924124.5538,33265829.504890908,2059628.1846,83796080.0,40.685052101418016,4,0,3,True,Best third-place qualifier
Switzerland,Group B,Granit XHAKA,Midfielder,Midfielder,Sunderland,293,3,1,17100000.0,EUR,17100000.0,19504260.0,2026-06-01,https://www.footballtransfers.com/en/players/granit-xhaka,1.1406,2026-06-29,European Central Bank euro foreign exchange reference rates,FootballTransfers,https://www.footballtransfers.com/en/players/granit-xhaka,footballtransfers_etv_validated,True,False,19504260.0,5,False,False,219337380.0,19939761.818181816,3497840.0,43951120.0,12.565217391304348,7,4,1,True,Group winner
Switzerland,Group B,Gregor KOBEL,Goalkeeper,Goalkeeper,Dortmund,293,3,2,41100000.0,EUR,41100000.0,46878660.0,2026-06-01,https://www.footballtransfers.com/en/players/gregor-kobel,1.1406,2026-06-29,European Central Bank euro foreign exchange reference rates,FootballTransfers,https://www.footballtransfers.com/en/players/gregor-kobel,footballtransfers_etv_validated,True,False,46878660.0,2,False,True,219337380.0,19939761.818181816,3497840.0,43951120.0,12.565217391304348,7,4,1,True,Group winner
Switzerland,Group B,Manuel AKANJI,Defender,Defender,Inter,293,3,3,18100000.0,EUR,18100000.0,20644860.0,2026-06-01,https://www.footballtransfers.com/en/players/manuel-obafemi-akanji,1.1406,2026-06-29,European Central Bank euro foreign exchange reference rates,FootballTransfers,https://www.footballtransfers.com/en/players/manuel-obafemi-akanji,footballtransfers_etv_validated,True,False,20644860.0,4,False,False,219337380.0,19939761.818181816,3497840.0,43951120.0,12.565217391304348,7,4,1,True,Group winner
Switzerland,Group B,Nico ELVEDI,Defender,Defender,Gladbach,293,3,4,6900000.0,EUR,6900000.0,7870140.0,2026-06-01,https://www.footballtransfers.com/en/players/nico-elvedi,1.1406,2026-06-29,European Central Bank euro foreign exchange reference rates,FootballTransfers,https://www.footballtransfers.com/en/players/nico-elvedi,footballtransfers_etv_validated,True,False,7870140.0,8,False,False,219337380.0,19939761.818181816,3497840.0,43951120.0,12.565217391304348,7,4,1,True,Group winner
Switzerland,Group B,Remo FREULER,Midfielder,Midfielder,Bologna,284,3,5,2700000.0,EUR,2700000.0,3079620.0,2026-06-01,https://www.footballtransfers.com/en/players/remo-freuler,1.1406,2026-06-29,European Central Bank euro foreign exchange reference rates,FootballTransfers,https://www.footballtransfers.com/en/players/remo-freuler,footballtransfers_etv_validated,True,False,3079620.0,10,True,False,219337380.0,19939761.818181816,3497840.0,43951120.0,12.565217391304348,7,4,1,True,Group winner
Switzerland,Group B,Ricardo RODRIGUEZ,Defender,Defender,Real Betis,284,3,6,1600000.0,EUR,1600000.0,1824960.0,2026-06-01,https://www.footballtransfers.com/en/players/ricardo-rodriguez,1.1406,2026-06-29,European Central Bank euro foreign exchange reference rates,FootballTransfers,https://www.footballtransfers.com/en/players/ricardo-rodriguez,footballtransfers_etv_validated,True,False,1824960.0,11,True,False,219337380.0,19939761.818181816,3497840.0,43951120.0,12.565217391304348,7,4,1,True,Group winner
Switzerland,Group B,Breel EMBOLO,Forward,Forward,Rennes,272,3,7,12700000.0,EUR,12700000.0,14485620.0,2026-06-01,https://www.footballtransfers.com/en/players/breeldonald-embolo,1.1406,2026-06-29,European Central Bank euro foreign exchange reference rates,FootballTransfers,https://www.footballtransfers.com/en/players/breeldonald-embolo,footballtransfers_etv_validated,True,False,14485620.0,6,False,False,219337380.0,19939761.818181816,3497840.0,43951120.0,12.565217391304348,7,4,1,True,Group winner
Switzerland,Group B,Ruben VARGAS,Forward,Forward,Sevilla,185,2,8,12700000.0,EUR,12700000.0,14485620.0,2026-06-01,https://www.footballtransfers.com/en/players/ruben-vargas,1.1406,2026-06-29,European Central Bank euro foreign exchange reference rates,FootballTransfers,https://www.footballtransfers.com/en/players/ruben-vargas,footballtransfers_etv_validated,True,False,14485620.0,7,False,False,219337380.0,19939761.818181816,3497840.0,43951120.0,12.565217391304348,7,4,1,True,Group winner
Switzerland,Group B,Michel AEBISCHER,Midfielder,Midfielder,Pisa,160,2,9,4900000.0,EUR,4900000.0,5588940.0,2026-06-01,https://www.footballtransfers.com/en/players/michel-aebischer,1.1406,2026-06-29,European Central Bank euro foreign exchange reference rates,FootballTransfers,https://www.footballtransfers.com/en/players/michel-aebischer,footballtransfers_etv_validated,True,False,5588940.0,9,True,False,219337380.0,19939761.818181816,3497840.0,43951120.0,12.565217391304348,7,4,1,True,Group winner
Switzerland,Group B,Dan NDOYE,Forward,Forward,N. Forest,154,2,10,43300000.0,EUR,43300000.0,49387980.0,2026-06-01,https://www.footballtransfers.com/en/players/dan-ndoye,1.1406,2026-06-29,European Central Bank euro foreign exchange reference rates,FootballTransfers,https://www.footballtransfers.com/en/players/dan-ndoye,footballtransfers_etv_validated,True,False,49387980.0,1,False,True,219337380.0,19939761.818181816,3497840.0,43951120.0,12.565217391304348,7,4,1,True,Group winner
Switzerland,Group B,Johan MANZAMBI,Midfielder,Midfielder,SC Freiburg,144,1,11,31200000.0,EUR,31200000.0,35586720.0,2026-06-01,https://www.footballtransfers.com/en/players/johan-manzambi,1.1406,2026-06-29,European Central Bank euro foreign exchange reference rates,FootballTransfers,https://www.footballtransfers.com/en/players/johan-manzambi,footballtransfers_etv_validated,True,False,35586720.0,3,False,True,219337380.0,19939761.818181816,3497840.0,43951120.0,12.565217391304348,7,4,1,True,Group winner
Tunisia,Group F,Hannibal MEJBRI,Midfielder,Midfielder,,290,3,1,19732053.0,EUR,,,2026-06-01,https://www.fotmob.com/players/1113785/hannibal-mejbri,1.1406,2026-06-29,European Central Bank euro foreign exchange reference rates,FotMob / SciSports,https://www.fotmob.com/players/1113785/hannibal-mejbri,fotmob_scisports_market_value_latest_pre_cutoff,True,True,22506379.651800003,1,False,True,46562753.72100001,4232977.6110000005,718951.3563999999,11646306.550600002,16.199018816678322,0,-10,4,False,Eliminated
Tunisia,Group F,Montassar TALBI,Defender,Defender,Lorient,290,3,2,6400000.0,EUR,6400000.0,7299840.0,2026-06-01,https://www.footballtransfers.com/en/players/montassar-talbi,1.1406,2026-06-29,European Central Bank euro foreign exchange reference rates,FootballTransfers,https://www.footballtransfers.com/en/players/montassar-talbi,footballtransfers_etv_validated,True,False,7299840.0,2,False,True,46562753.72100001,4232977.6110000005,718951.3563999999,11646306.550600002,16.199018816678322,0,-10,4,False,Eliminated
Tunisia,Group F,Ali ABDI,Defender,Defender,Nice,283,3,3,1700000.0,EUR,1700000.0,1939020.0,2026-06-01,https://www.footballtransfers.com/en/players/ali-abdi,1.1406,2026-06-29,European Central Bank euro foreign exchange reference rates,FootballTransfers,https://www.footballtransfers.com/en/players/ali-abdi,footballtransfers_etv_validated,True,False,1939020.0,6,False,False,46562753.72100001,4232977.6110000005,718951.3563999999,11646306.550600002,16.199018816678322,0,-10,4,False,Eliminated
Tunisia,Group F,Yan Valery,Defender,Defender,Young Boys,265,3,4,800000.0,EUR,800000.0,912480.0,2026-06-01,https://www.footballtransfers.com/en/players/yan-valery,1.1406,2026-06-29,European Central Bank euro foreign exchange reference rates,FootballTransfers,https://www.footballtransfers.com/en/players/yan-valery,footballtransfers_etv_validated,True,False,912480.0,9,True,False,46562753.72100001,4232977.6110000005,718951.3563999999,11646306.550600002,16.199018816678322,0,-10,4,False,Eliminated
Tunisia,Group F,Ellyes SKHIRI,Midfielder,Midfielder,E. Frankfurt,258,3,5,4500000.0,EUR,4500000.0,5132700.0,2026-06-01,https://www.footballtransfers.com/en/players/ellyes-skhiri,1.1406,2026-06-29,European Central Bank euro foreign exchange reference rates,FootballTransfers,https://www.footballtransfers.com/en/players/ellyes-skhiri,footballtransfers_etv_validated,True,False,5132700.0,3,False,True,46562753.72100001,4232977.6110000005,718951.3563999999,11646306.550600002,16.199018816678322,0,-10,4,False,Eliminated
Tunisia,Group F,Anis SLIMANE,Midfielder,Midfielder,Norwich,248,3,6,2200000.0,EUR,2200000.0,2509320.0,2026-06-01,https://www.footballtransfers.com/en/players/anis-ben-slimane-1,1.1406,2026-06-29,European Central Bank euro foreign exchange reference rates,FootballTransfers,https://www.footballtransfers.com/en/players/anis-ben-slimane-1,footballtransfers_etv_validated,True,False,2509320.0,4,False,False,46562753.72100001,4232977.6110000005,718951.3563999999,11646306.550600002,16.199018816678322,0,-10,4,False,Eliminated
Tunisia,Group F,Omar Rekik,Defender,Defender,,194,2,7,390982.0,EUR,,,2026-06-01,https://www.fotmob.com/players/1160097/omar-rekik,1.1406,2026-06-29,European Central Bank euro foreign exchange reference rates,FotMob / SciSports,https://www.fotmob.com/players/1160097/omar-rekik,fotmob_scisports_market_value_latest_pre_cutoff,True,True,445954.0692,11,True,False,46562753.72100001,4232977.6110000005,718951.3563999999,11646306.550600002,16.199018816678322,0,-10,4,False,Eliminated
Tunisia,Group F,Aymen DAHMEN,Goalkeeper,Goalkeeper,CS Sfaxien,193,2,8,700000.0,EUR,700000.0,798420.0,2026-06-01,https://www.footballtransfers.com/en/players/aymen-dahmen,1.1406,2026-06-29,European Central Bank euro foreign exchange reference rates,FootballTransfers,https://www.footballtransfers.com/en/players/aymen-dahmen,footballtransfers_etv_validated,True,False,798420.0,10,True,False,46562753.72100001,4232977.6110000005,718951.3563999999,11646306.550600002,16.199018816678322,0,-10,4,False,Eliminated
Tunisia,Group F,Mohamed Amine BEN HMIDA,Defender,Defender,,171,2,9,1000000.0,EUR,,,2026-06-02,https://www.transfermarkt.com/schnellsuche/ergebnis/schnellsuche?query=Mohamed+Amine+Ben+Hamida,1.1406,2026-06-29,European Central Bank euro foreign exchange reference rates,Transfermarkt,https://www.transfermarkt.com/schnellsuche/ergebnis/schnellsuche?query=Mohamed+Amine+Ben+Hamida,manual indexed market value,True,True,1140600.0,8,False,False,46562753.72100001,4232977.6110000005,718951.3563999999,11646306.550600002,16.199018816678322,0,-10,4,False,Eliminated
Tunisia,Group F,Elias SAAD,Forward,Forward,Hannover 96,162,2,10,1900000.0,EUR,1900000.0,2167140.0,2026-06-01,https://www.footballtransfers.com/en/players/elias-saad,1.1406,2026-06-29,European Central Bank euro foreign exchange reference rates,FootballTransfers,https://www.footballtransfers.com/en/players/elias-saad,footballtransfers_etv_validated,True,False,2167140.0,5,False,False,46562753.72100001,4232977.6110000005,718951.3563999999,11646306.550600002,16.199018816678322,0,-10,4,False,Eliminated
Tunisia,Group F,Rani Khedira,Midfielder,Midfielder,Union Berlin,158,2,11,1500000.0,EUR,1500000.0,1710900.0,2026-06-01,https://www.footballtransfers.com/en/players/rani-khedira,1.1406,2026-06-29,European Central Bank euro foreign exchange reference rates,FootballTransfers,https://www.footballtransfers.com/en/players/rani-khedira,footballtransfers_etv_validated,True,False,1710900.0,7,False,False,46562753.72100001,4232977.6110000005,718951.3563999999,11646306.550600002,16.199018816678322,0,-10,4,False,Eliminated
Türkiye,Group D,Arda GULER,Forward,Forward,Real Madrid,295,3,1,91100000.0,EUR,91100000.0,103908660.0,2026-06-01,https://www.footballtransfers.com/en/players/arda-guler,1.1406,2026-06-29,European Central Bank euro foreign exchange reference rates,FootballTransfers,https://www.footballtransfers.com/en/players/arda-guler,footballtransfers_etv_validated,True,False,103908660.0,1,False,True,387005580.0,35182325.45454545,9428960.0,80526360.0,8.540322580645162,3,-2,4,False,Eliminated
Türkiye,Group D,Ugurcan CAKIR,Goalkeeper,Goalkeeper,Galatasaray,295,3,2,16400000.0,EUR,16400000.0,18705840.0,2026-06-01,https://www.footballtransfers.com/en/players/ugurcan-cakir,1.1406,2026-06-29,European Central Bank euro foreign exchange reference rates,FootballTransfers,https://www.footballtransfers.com/en/players/ugurcan-cakir,footballtransfers_etv_validated,True,False,18705840.0,7,False,False,387005580.0,35182325.45454545,9428960.0,80526360.0,8.540322580645162,3,-2,4,False,Eliminated
Türkiye,Group D,Abdulkerim BARDAKCI,Defender,Defender,Galatasaray,282,3,3,4900000.0,EUR,4900000.0,5588940.0,2026-06-01,https://www.footballtransfers.com/en/players/abdulkerim-bardakci,1.1406,2026-06-29,European Central Bank euro foreign exchange reference rates,FootballTransfers,https://www.footballtransfers.com/en/players/abdulkerim-bardakci,footballtransfers_etv_validated,True,False,5588940.0,11,True,False,387005580.0,35182325.45454545,9428960.0,80526360.0,8.540322580645162,3,-2,4,False,Eliminated
Türkiye,Group D,Hakan CALHANOGLU,Midfielder,Midfielder,Inter,196,2,4,12300000.0,EUR,12300000.0,14029380.0,2026-06-01,https://www.footballtransfers.com/en/players/hakan-calhanoglu,1.1406,2026-06-29,European Central Bank euro foreign exchange reference rates,FootballTransfers,https://www.footballtransfers.com/en/players/hakan-calhanoglu,footballtransfers_etv_validated,True,False,14029380.0,9,True,False,387005580.0,35182325.45454545,9428960.0,80526360.0,8.540322580645162,3,-2,4,False,Eliminated
Türkiye,Group D,Merih DEMIRAL,Defender,Defender,Al Ahli,196,2,5,14200000.0,EUR,14200000.0,16196520.0,2026-06-01,https://www.footballtransfers.com/en/players/merih-demiral,1.1406,2026-06-29,European Central Bank euro foreign exchange reference rates,FootballTransfers,https://www.footballtransfers.com/en/players/merih-demiral,footballtransfers_etv_validated,True,False,16196520.0,8,False,False,387005580.0,35182325.45454545,9428960.0,80526360.0,8.540322580645162,3,-2,4,False,Eliminated
Türkiye,Group D,Kenan YILDIZ,Forward,Forward,Juventus,190,2,6,83200000.0,EUR,83200000.0,94897920.0,2026-06-01,https://www.footballtransfers.com/en/players/kenan-yildiz-1,1.1406,2026-06-29,European Central Bank euro foreign exchange reference rates,FootballTransfers,https://www.footballtransfers.com/en/players/kenan-yildiz-1,footballtransfers_etv_validated,True,False,94897920.0,2,False,True,387005580.0,35182325.45454545,9428960.0,80526360.0,8.540322580645162,3,-2,4,False,Eliminated
Türkiye,Group D,Baris Alper YILMAZ,Forward,Forward,Galatasaray,189,2,7,23100000.0,EUR,23100000.0,26347860.0,2026-06-01,https://www.footballtransfers.com/en/players/baris-alper-yilmaz,1.1406,2026-06-29,European Central Bank euro foreign exchange reference rates,FootballTransfers,https://www.footballtransfers.com/en/players/baris-alper-yilmaz,footballtransfers_etv_validated,True,False,26347860.0,5,False,False,387005580.0,35182325.45454545,9428960.0,80526360.0,8.540322580645162,3,-2,4,False,Eliminated
Türkiye,Group D,Kerem AKTURKOGLU,Forward,Forward,Fenerbahce,175,2,8,22500000.0,EUR,22500000.0,25663500.0,2026-06-01,https://www.footballtransfers.com/en/players/kerem-kerem-akturkoglu,1.1406,2026-06-29,European Central Bank euro foreign exchange reference rates,FootballTransfers,https://www.footballtransfers.com/en/players/kerem-kerem-akturkoglu,footballtransfers_etv_validated,True,False,25663500.0,6,False,False,387005580.0,35182325.45454545,9428960.0,80526360.0,8.540322580645162,3,-2,4,False,Eliminated
Türkiye,Group D,Ferdi KADIOGLU,Defender,Defender,Brighton,168,2,9,37500000.0,EUR,37500000.0,42772500.0,2026-06-01,https://www.footballtransfers.com/en/players/ferdi-erenay-kadioglu,1.1406,2026-06-29,European Central Bank euro foreign exchange reference rates,FootballTransfers,https://www.footballtransfers.com/en/players/ferdi-erenay-kadioglu,footballtransfers_etv_validated,True,False,42772500.0,3,False,True,387005580.0,35182325.45454545,9428960.0,80526360.0,8.540322580645162,3,-2,4,False,Eliminated
Türkiye,Group D,Zeki CELIK,Defender,Defender,Roma,164,2,10,7600000.0,EUR,7600000.0,8668560.0,2026-06-01,https://www.footballtransfers.com/en/players/mehmet-zeki-celik,1.1406,2026-06-29,European Central Bank euro foreign exchange reference rates,FootballTransfers,https://www.footballtransfers.com/en/players/mehmet-zeki-celik,footballtransfers_etv_validated,True,False,8668560.0,10,True,False,387005580.0,35182325.45454545,9428960.0,80526360.0,8.540322580645162,3,-2,4,False,Eliminated
Türkiye,Group D,Orkun KOKCU,Midfielder,Midfielder,Besiktas,163,2,11,26500000.0,EUR,26500000.0,30225900.0,2026-06-01,https://www.footballtransfers.com/en/players/orkun-kokcu,1.1406,2026-06-29,European Central Bank euro foreign exchange reference rates,FootballTransfers,https://www.footballtransfers.com/en/players/orkun-kokcu,footballtransfers_etv_validated,True,False,30225900.0,4,False,False,387005580.0,35182325.45454545,9428960.0,80526360.0,8.540322580645162,3,-2,4,False,Eliminated
USA,Group D,Weston McKENNIE,Midfielder,Midfielder,Juventus,275,3,1,19100000.0,EUR,19100000.0,21785460.0,2026-06-01,https://www.footballtransfers.com/en/players/weston-mckennie,1.1406,2026-06-29,European Central Bank euro foreign exchange reference rates,FootballTransfers,https://www.footballtransfers.com/en/players/weston-mckennie,footballtransfers_etv_validated,True,False,21785460.0,8,False,False,236984743.2,21544067.563636363,1548174.4000000001,35624740.0,23.010805500982315,6,4,1,True,Group winner
USA,Group D,Alex FREEMAN,Defender,Defender,Villarreal,221,2,2,2600000.0,EUR,2600000.0,2965560.0,2026-06-01,https://www.footballtransfers.com/en/players/alex-freeman,1.1406,2026-06-29,European Central Bank euro foreign exchange reference rates,FootballTransfers,https://www.footballtransfers.com/en/players/alex-freeman,footballtransfers_etv_validated,True,False,2965560.0,9,True,False,236984743.2,21544067.563636363,1548174.4000000001,35624740.0,23.010805500982315,6,4,1,True,Group winner
USA,Group D,Ricardo PEPI,Forward,Forward,PSV,200,2,3,26200000.0,EUR,26200000.0,29883720.0,2026-06-01,https://www.footballtransfers.com/en/players/ricardo-pepi,1.1406,2026-06-29,European Central Bank euro foreign exchange reference rates,FootballTransfers,https://www.footballtransfers.com/en/players/ricardo-pepi,footballtransfers_etv_validated,True,False,29883720.0,4,False,False,236984743.2,21544067.563636363,1548174.4000000001,35624740.0,23.010805500982315,6,4,1,True,Group winner
USA,Group D,Chris RICHARDS,Defender,Defender,C. Palace,198,2,4,21500000.0,EUR,21500000.0,24522900.0,2026-06-01,https://www.footballtransfers.com/en/players/chris-richards,1.1406,2026-06-29,European Central Bank euro foreign exchange reference rates,FootballTransfers,https://www.footballtransfers.com/en/players/chris-richards,footballtransfers_etv_validated,True,False,24522900.0,6,False,False,236984743.2,21544067.563636363,1548174.4000000001,35624740.0,23.010805500982315,6,4,1,True,Group winner
USA,Group D,Matt FREESE,Goalkeeper,Goalkeeper,NYCFC,198,2,5,1400000.0,EUR,1400000.0,1596840.0,2026-06-01,https://www.footballtransfers.com/en/players/matthew-freese,1.1406,2026-06-29,European Central Bank euro foreign exchange reference rates,FootballTransfers,https://www.footballtransfers.com/en/players/matthew-freese,footballtransfers_etv_validated,True,False,1596840.0,10,True,False,236984743.2,21544067.563636363,1548174.4000000001,35624740.0,23.010805500982315,6,4,1,True,Group winner
USA,Group D,Tim REAM,Defender,Defender,,198,2,6,72000.0,EUR,,,2026-06-01,https://www.fotmob.com/players/198444/tim-ream,1.1406,2026-06-29,European Central Bank euro foreign exchange reference rates,FotMob / SciSports,https://www.fotmob.com/players/198444/tim-ream,fotmob_scisports_market_value_latest_pre_cutoff,True,True,82123.2,11,True,False,236984743.2,21544067.563636363,1548174.4000000001,35624740.0,23.010805500982315,6,4,1,True,Group winner
USA,Group D,Tyler ADAMS,Midfielder,Midfielder,B'mouth,198,2,7,27000000.0,EUR,27000000.0,30796200.0,2026-06-01,https://www.footballtransfers.com/en/players/tyler-adams,1.1406,2026-06-29,European Central Bank euro foreign exchange reference rates,FootballTransfers,https://www.footballtransfers.com/en/players/tyler-adams,footballtransfers_etv_validated,True,False,30796200.0,3,False,True,236984743.2,21544067.563636363,1548174.4000000001,35624740.0,23.010805500982315,6,4,1,True,Group winner
USA,Group D,Malik TILLMAN,Midfielder,Midfielder,Bayer 04,194,2,8,34500000.0,EUR,34500000.0,39350700.0,2026-06-01,https://www.footballtransfers.com/en/players/malik-tillman,1.1406,2026-06-29,European Central Bank euro foreign exchange reference rates,FootballTransfers,https://www.footballtransfers.com/en/players/malik-tillman,footballtransfers_etv_validated,True,False,39350700.0,1,False,True,236984743.2,21544067.563636363,1548174.4000000001,35624740.0,23.010805500982315,6,4,1,True,Group winner
USA,Group D,Antonee ROBINSON,Defender,Defender,Fulham,179,2,9,32200000.0,EUR,32200000.0,36727320.0,2026-06-01,https://www.footballtransfers.com/en/players/antonee-robinson-1,1.1406,2026-06-29,European Central Bank euro foreign exchange reference rates,FootballTransfers,https://www.footballtransfers.com/en/players/antonee-robinson-1,footballtransfers_etv_validated,True,False,36727320.0,2,False,True,236984743.2,21544067.563636363,1548174.4000000001,35624740.0,23.010805500982315,6,4,1,True,Group winner
USA,Group D,Sergino DEST,Defender,Defender,PSV,175,2,10,19400000.0,EUR,19400000.0,22127640.0,2026-06-01,https://www.footballtransfers.com/en/players/sergino-dest,1.1406,2026-06-29,European Central Bank euro foreign exchange reference rates,FootballTransfers,https://www.footballtransfers.com/en/players/sergino-dest,footballtransfers_etv_validated,True,False,22127640.0,7,False,False,236984743.2,21544067.563636363,1548174.4000000001,35624740.0,23.010805500982315,6,4,1,True,Group winner
USA,Group D,Folarin BALOGUN,Forward,Forward,Monaco,162,2,11,23800000.0,EUR,23800000.0,27146280.0,2026-06-01,https://www.footballtransfers.com/en/players/folarin-balogun,1.1406,2026-06-29,European Central Bank euro foreign exchange reference rates,FootballTransfers,https://www.footballtransfers.com/en/players/folarin-balogun,footballtransfers_etv_validated,True,False,27146280.0,5,False,False,236984743.2,21544067.563636363,1548174.4000000001,35624740.0,23.010805500982315,6,4,1,True,Group winner
Uruguay,Group H,Guillermo VARELA,Defender,Defender,Flamengo,295,3,1,1100000.0,EUR,1100000.0,1254660.0,2026-06-01,https://www.footballtransfers.com/en/players/guillermo-varela,1.1406,2026-06-29,European Central Bank euro foreign exchange reference rates,FootballTransfers,https://www.footballtransfers.com/en/players/guillermo-varela,footballtransfers_etv_validated,True,False,1254660.0,10,True,False,294160740.0,26741885.454545453,1672880.0,69082340.0,41.29545454545455,2,-1,3,False,Eliminated
Uruguay,Group H,Mathias OLIVERA,Defender,Defender,Napoli,295,3,2,17600000.0,EUR,17600000.0,20074560.0,2026-06-01,https://www.footballtransfers.com/en/players/mathias-olivera-miramontes,1.1406,2026-06-29,European Central Bank euro foreign exchange reference rates,FootballTransfers,https://www.footballtransfers.com/en/players/mathias-olivera-miramontes,footballtransfers_etv_validated,True,False,20074560.0,6,False,False,294160740.0,26741885.454545453,1672880.0,69082340.0,41.29545454545455,2,-1,3,False,Eliminated
Uruguay,Group H,Rodrigo BENTANCUR,Midfielder,Midfielder,Tottenham,295,3,3,21100000.0,EUR,21100000.0,24066660.0,2026-06-01,https://www.footballtransfers.com/en/players/rodrigo-bentancur,1.1406,2026-06-29,European Central Bank euro foreign exchange reference rates,FootballTransfers,https://www.footballtransfers.com/en/players/rodrigo-bentancur,footballtransfers_etv_validated,True,False,24066660.0,5,False,False,294160740.0,26741885.454545453,1672880.0,69082340.0,41.29545454545455,2,-1,3,False,Eliminated
Uruguay,Group H,Sebastian CACERES,Defender,Defender,America,295,3,4,3100000.0,EUR,3100000.0,3535860.0,2026-06-01,https://www.footballtransfers.com/en/players/sebastian-enzo-caceres-ramos,1.1406,2026-06-29,European Central Bank euro foreign exchange reference rates,FootballTransfers,https://www.footballtransfers.com/en/players/sebastian-enzo-caceres-ramos,footballtransfers_etv_validated,True,False,3535860.0,8,False,False,294160740.0,26741885.454545453,1672880.0,69082340.0,41.29545454545455,2,-1,3,False,Eliminated
Uruguay,Group H,Fernando MUSLERA,Goalkeeper,Goalkeeper,Estudiantes,288,3,5,600000.0,EUR,600000.0,684360.0,2026-06-01,https://www.footballtransfers.com/en/players/fernando-muslera,1.1406,2026-06-29,European Central Bank euro foreign exchange reference rates,FootballTransfers,https://www.footballtransfers.com/en/players/fernando-muslera,footballtransfers_etv_validated,True,False,684360.0,11,True,False,294160740.0,26741885.454545453,1672880.0,69082340.0,41.29545454545455,2,-1,3,False,Eliminated
Uruguay,Group H,Maxi ARAUJO,Midfielder,Midfielder,Sporting,259,3,6,25100000.0,EUR,25100000.0,28629060.0,2026-06-01,https://www.footballtransfers.com/en/players/maximiliano-javier-araujo-vilches,1.1406,2026-06-29,European Central Bank euro foreign exchange reference rates,FootballTransfers,https://www.footballtransfers.com/en/players/maximiliano-javier-araujo-vilches,footballtransfers_etv_validated,True,False,28629060.0,4,False,False,294160740.0,26741885.454545453,1672880.0,69082340.0,41.29545454545455,2,-1,3,False,Eliminated
Uruguay,Group H,Federico VALVERDE,Midfielder,Midfielder,Real Madrid,254,3,7,113000000.0,EUR,113000000.0,128887800.0,2026-06-01,https://www.footballtransfers.com/en/players/federico-valverde,1.1406,2026-06-29,European Central Bank euro foreign exchange reference rates,FootballTransfers,https://www.footballtransfers.com/en/players/federico-valverde,footballtransfers_etv_validated,True,False,128887800.0,1,False,True,294160740.0,26741885.454545453,1672880.0,69082340.0,41.29545454545455,2,-1,3,False,Eliminated
Uruguay,Group H,Darwin NUNEZ,Forward,Forward,Al-Hilal,216,2,8,26700000.0,EUR,26700000.0,30454020.0,2026-06-01,https://www.footballtransfers.com/en/players/darwin-gabriel-nunez-ribeiro,1.1406,2026-06-29,European Central Bank euro foreign exchange reference rates,FootballTransfers,https://www.footballtransfers.com/en/players/darwin-gabriel-nunez-ribeiro,footballtransfers_etv_validated,True,False,30454020.0,3,False,True,294160740.0,26741885.454545453,1672880.0,69082340.0,41.29545454545455,2,-1,3,False,Eliminated
Uruguay,Group H,Agustin CANOBBIO,Midfielder,Midfielder,Fluminense,205,2,9,4900000.0,EUR,4900000.0,5588940.0,2026-06-01,https://www.footballtransfers.com/en/players/agustin-canobbio-graviz,1.1406,2026-06-29,European Central Bank euro foreign exchange reference rates,FootballTransfers,https://www.footballtransfers.com/en/players/agustin-canobbio-graviz,footballtransfers_etv_validated,True,False,5588940.0,7,False,False,294160740.0,26741885.454545453,1672880.0,69082340.0,41.29545454545455,2,-1,3,False,Eliminated
Uruguay,Group H,Federico VINAS,Forward,Forward,Real Oviedo,201,2,10,2700000.0,EUR,2700000.0,3079620.0,2026-06-01,https://www.footballtransfers.com/en/players/federico-sebastian-vinas-barboza,1.1406,2026-06-29,European Central Bank euro foreign exchange reference rates,FootballTransfers,https://www.footballtransfers.com/en/players/federico-sebastian-vinas-barboza,footballtransfers_etv_validated,True,False,3079620.0,9,True,False,294160740.0,26741885.454545453,1672880.0,69082340.0,41.29545454545455,2,-1,3,False,Eliminated
Uruguay,Group H,Manuel UGARTE,Midfielder,Midfielder,Man Utd,187,3,11,42000000.0,EUR,42000000.0,47905200.0,2026-06-01,https://www.footballtransfers.com/en/players/manuel-ugarte-ribeiro,1.1406,2026-06-29,European Central Bank euro foreign exchange reference rates,FootballTransfers,https://www.footballtransfers.com/en/players/manuel-ugarte-ribeiro,footballtransfers_etv_validated,True,False,47905200.0,2,False,True,294160740.0,26741885.454545453,1672880.0,69082340.0,41.29545454545455,2,-1,3,False,Eliminated
Uzbekistan,Group K,Abdukodir KHUSANOV,Defender,Defender,Man City,296,3,1,47000000.0,EUR,47000000.0,53608200.0,2026-06-01,https://www.footballtransfers.com/en/players/abdukodir-khikmatjon-ugli-khusanov,1.1406,2026-06-29,European Central Bank euro foreign exchange reference rates,FootballTransfers,https://www.footballtransfers.com/en/players/abdukodir-khikmatjon-ugli-khusanov,footballtransfers_etv_validated,True,False,53608200.0,1,False,True,77145726.5352,7013247.866836363,494400.67399999994,23534380.0,47.60183640040912,0,-9,4,False,Eliminated
Uzbekistan,Group K,Eldor SHOMURODOV,Forward,Forward,Istanbul Basaksehir FK,285,3,2,5600000.0,EUR,5600000.0,6387360.0,2026-06-01,https://www.footballtransfers.com/en/players/eldor-shomurodov,1.1406,2026-06-29,European Central Bank euro foreign exchange reference rates,FootballTransfers,https://www.footballtransfers.com/en/players/eldor-shomurodov,footballtransfers_etv_validated,True,False,6387360.0,3,False,True,77145726.5352,7013247.866836363,494400.67399999994,23534380.0,47.60183640040912,0,-9,4,False,Eliminated
Uzbekistan,Group K,Sherzod NASRULLAEV,Defender,Defender,Pakhtakor,279,3,3,500000.0,EUR,500000.0,570300.0,2026-06-01,https://www.footballtransfers.com/en/players/sherzod-nasrullayev,1.1406,2026-06-29,European Central Bank euro foreign exchange reference rates,FootballTransfers,https://www.footballtransfers.com/en/players/sherzod-nasrullayev,footballtransfers_etv_validated,True,False,570300.0,8,True,False,77145726.5352,7013247.866836363,494400.67399999994,23534380.0,47.60183640040912,0,-9,4,False,Eliminated
Uzbekistan,Group K,Rustam ASHURMATOV,Defender,Defender,,272,3,4,450370.0,EUR,,,2026-06-01,https://www.fotmob.com/players/643624/rustam-ashurmatov,1.1406,2026-06-29,European Central Bank euro foreign exchange reference rates,FotMob / SciSports,https://www.fotmob.com/players/643624/rustam-ashurmatov,fotmob_scisports_market_value_latest_pre_cutoff,True,True,513692.022,10,True,False,77145726.5352,7013247.866836363,494400.67399999994,23534380.0,47.60183640040912,0,-9,4,False,Eliminated
Uzbekistan,Group K,Otabek Shukurov,Midfielder,Midfielder,Bani Yas,249,3,5,900000.0,EUR,900000.0,1026540.0,2026-06-01,https://www.footballtransfers.com/en/players/otabek-shukurov,1.1406,2026-06-29,European Central Bank euro foreign exchange reference rates,FootballTransfers,https://www.footballtransfers.com/en/players/otabek-shukurov,footballtransfers_etv_validated,True,False,1026540.0,5,False,False,77145726.5352,7013247.866836363,494400.67399999994,23534380.0,47.60183640040912,0,-9,4,False,Eliminated
Uzbekistan,Group K,Abbosbek FAYZULLAEV,Midfielder,Midfielder,Istanbul Basaksehir FK,223,3,6,9300000.0,EUR,9300000.0,10607580.0,2026-06-01,https://www.footballtransfers.com/en/players/abbosbek-fayzullayev,1.1406,2026-06-29,European Central Bank euro foreign exchange reference rates,FootballTransfers,https://www.footballtransfers.com/en/players/abbosbek-fayzullayev,footballtransfers_etv_validated,True,False,10607580.0,2,False,True,77145726.5352,7013247.866836363,494400.67399999994,23534380.0,47.60183640040912,0,-9,4,False,Eliminated
Uzbekistan,Group K,Abdulla ABDULLAEV,Defender,Defender,,197,2,7,500000.0,EUR,,,2026-05-26,https://www.transfermarkt.com/schnellsuche/ergebnis/schnellsuche?query=Abdulla+Abdullaev,1.1406,2026-06-29,European Central Bank euro foreign exchange reference rates,Transfermarkt,https://www.transfermarkt.com/schnellsuche/ergebnis/schnellsuche?query=Abdulla+Abdullaev,manual indexed market value,True,True,570300.0,9,False,False,77145726.5352,7013247.866836363,494400.67399999994,23534380.0,47.60183640040912,0,-9,4,False,Eliminated
Uzbekistan,Group K,Abduvohid NEMATOV,Goalkeeper,Goalkeeper,,195,2,8,835722.0,EUR,,,2026-06-01,https://www.fotmob.com/players/1259187/abduvohid-nematov,1.1406,2026-06-29,European Central Bank euro foreign exchange reference rates,FotMob / SciSports,https://www.fotmob.com/players/1259187/abduvohid-nematov,fotmob_scisports_market_value_latest_pre_cutoff,True,True,953224.5132,6,False,False,77145726.5352,7013247.866836363,494400.67399999994,23534380.0,47.60183640040912,0,-9,4,False,Eliminated
Uzbekistan,Group K,Behruzjon KARIMOV,Defender,Defender,,191,2,9,350000.0,EUR,,,2026-05-13,https://www.transfermarkt.com/schnellsuche/ergebnis/schnellsuche?query=Bekhruz+Karimov,1.1406,2026-06-29,European Central Bank euro foreign exchange reference rates,Transfermarkt,https://www.transfermarkt.com/schnellsuche/ergebnis/schnellsuche?query=Bekhruz+Karimov,manual indexed market value,True,True,399210.0,11,True,False,77145726.5352,7013247.866836363,494400.67399999994,23534380.0,47.60183640040912,0,-9,4,False,Eliminated
Uzbekistan,Group K,Akmal MOZGOVOY,Midfielder,Midfielder,Pakhtakor,189,2,10,700000.0,EUR,700000.0,798420.0,2026-06-01,https://www.footballtransfers.com/en/players/akmal-mozgovoy,1.1406,2026-06-29,European Central Bank euro foreign exchange reference rates,FootballTransfers,https://www.footballtransfers.com/en/players/akmal-mozgovoy,footballtransfers_etv_validated,True,False,798420.0,7,False,False,77145726.5352,7013247.866836363,494400.67399999994,23534380.0,47.60183640040912,0,-9,4,False,Eliminated
Uzbekistan,Group K,Azizjon GANIEV,Midfielder,Midfielder,,137,1,11,1500000.0,EUR,1500000.0,1710900.0,,https://www.footballtransfers.com/en/players/aziz-aziz-ganiev,1.1406,2026-06-29,European Central Bank euro foreign exchange reference rates,FootballTransfers,https://www.footballtransfers.com/en/players/aziz-aziz-ganiev,manual_fallback_footballtransfers_search_cache_date_unverified,False,True,1710900.0,4,False,False,77145726.5352,7013247.866836363,494400.67399999994,23534380.0,47.60183640040912,0,-9,4,False,Eliminated
