team,country_code,player,position,minutes,starts,appearances,source_name,source_url,retrieval_date,notes
Algeria,ALG,Aissa MANDI,Defender,292,3,3,FIFA API live/football and timelines,https://api.fifa.com/api/v3/live/football/400021496?language=en https://api.fifa.com/api/v3/timelines/400021496?language=en https://api.fifa.com/api/v3/live/football/400021499?language=en https://api.fifa.com/api/v3/timelines/400021499?language=en https://api.fifa.com/api/v3/live/football/400021497?language=en https://api.fifa.com/api/v3/timelines/400021497?language=en,2026-06-29,
Algeria,ALG,Fares CHAIBI,Midfielder,292,3,3,FIFA API live/football and timelines,https://api.fifa.com/api/v3/live/football/400021496?language=en https://api.fifa.com/api/v3/timelines/400021496?language=en https://api.fifa.com/api/v3/live/football/400021499?language=en https://api.fifa.com/api/v3/timelines/400021499?language=en https://api.fifa.com/api/v3/live/football/400021497?language=en https://api.fifa.com/api/v3/timelines/400021497?language=en,2026-06-29,
Algeria,ALG,Ramy BENSEBAINI,Defender,292,3,3,FIFA API live/football and timelines,https://api.fifa.com/api/v3/live/football/400021496?language=en https://api.fifa.com/api/v3/timelines/400021496?language=en https://api.fifa.com/api/v3/live/football/400021499?language=en https://api.fifa.com/api/v3/timelines/400021499?language=en https://api.fifa.com/api/v3/live/football/400021497?language=en https://api.fifa.com/api/v3/timelines/400021497?language=en,2026-06-29,
Algeria,ALG,Ibrahim MAZA,Midfielder,277,3,3,FIFA API live/football and timelines,https://api.fifa.com/api/v3/live/football/400021496?language=en https://api.fifa.com/api/v3/timelines/400021496?language=en https://api.fifa.com/api/v3/live/football/400021499?language=en https://api.fifa.com/api/v3/timelines/400021499?language=en https://api.fifa.com/api/v3/live/football/400021497?language=en https://api.fifa.com/api/v3/timelines/400021497?language=en,2026-06-29,
Algeria,ALG,Rafik BELGHALI,Defender,266,3,3,FIFA API live/football and timelines,https://api.fifa.com/api/v3/live/football/400021496?language=en https://api.fifa.com/api/v3/timelines/400021496?language=en https://api.fifa.com/api/v3/live/football/400021499?language=en https://api.fifa.com/api/v3/timelines/400021499?language=en https://api.fifa.com/api/v3/live/football/400021497?language=en https://api.fifa.com/api/v3/timelines/400021497?language=en,2026-06-29,
Algeria,ALG,Amine GOUIRI,Forward,220,3,3,FIFA API live/football and timelines,https://api.fifa.com/api/v3/live/football/400021496?language=en https://api.fifa.com/api/v3/timelines/400021496?language=en https://api.fifa.com/api/v3/live/football/400021499?language=en https://api.fifa.com/api/v3/timelines/400021499?language=en https://api.fifa.com/api/v3/live/football/400021497?language=en https://api.fifa.com/api/v3/timelines/400021497?language=en,2026-06-29,
Algeria,ALG,Rayan AIT-NOURI,Defender,208,2,3,FIFA API live/football and timelines,https://api.fifa.com/api/v3/live/football/400021496?language=en https://api.fifa.com/api/v3/timelines/400021496?language=en https://api.fifa.com/api/v3/live/football/400021499?language=en https://api.fifa.com/api/v3/timelines/400021499?language=en https://api.fifa.com/api/v3/live/football/400021497?language=en https://api.fifa.com/api/v3/timelines/400021497?language=en,2026-06-29,
Algeria,ALG,Riyad Mahrez,Forward,206,2,3,FIFA API live/football and timelines,https://api.fifa.com/api/v3/live/football/400021496?language=en https://api.fifa.com/api/v3/timelines/400021496?language=en https://api.fifa.com/api/v3/live/football/400021499?language=en https://api.fifa.com/api/v3/timelines/400021499?language=en https://api.fifa.com/api/v3/live/football/400021497?language=en https://api.fifa.com/api/v3/timelines/400021497?language=en,2026-06-29,
Algeria,ALG,Luca ZIDANE,Goalkeeper,195,2,2,FIFA API live/football and timelines,https://api.fifa.com/api/v3/live/football/400021496?language=en https://api.fifa.com/api/v3/timelines/400021496?language=en https://api.fifa.com/api/v3/live/football/400021499?language=en https://api.fifa.com/api/v3/timelines/400021499?language=en,2026-06-29,
Algeria,ALG,Nabil Bentaleb,Midfielder,187,2,3,FIFA API live/football and timelines,https://api.fifa.com/api/v3/live/football/400021496?language=en https://api.fifa.com/api/v3/timelines/400021496?language=en https://api.fifa.com/api/v3/live/football/400021499?language=en https://api.fifa.com/api/v3/timelines/400021499?language=en https://api.fifa.com/api/v3/live/football/400021497?language=en https://api.fifa.com/api/v3/timelines/400021497?language=en,2026-06-29,
Algeria,ALG,Hicham BOUDAOUI,Midfielder,154,2,2,FIFA API live/football and timelines,https://api.fifa.com/api/v3/live/football/400021496?language=en https://api.fifa.com/api/v3/timelines/400021496?language=en https://api.fifa.com/api/v3/live/football/400021499?language=en https://api.fifa.com/api/v3/timelines/400021499?language=en,2026-06-29,
Algeria,ALG,Houssem Aouar,Midfielder,123,1,2,FIFA API live/football and timelines,https://api.fifa.com/api/v3/live/football/400021496?language=en https://api.fifa.com/api/v3/timelines/400021496?language=en https://api.fifa.com/api/v3/live/football/400021497?language=en https://api.fifa.com/api/v3/timelines/400021497?language=en,2026-06-29,
Algeria,ALG,Ramiz ZERROUKI,Midfielder,105,1,2,FIFA API live/football and timelines,https://api.fifa.com/api/v3/live/football/400021496?language=en https://api.fifa.com/api/v3/timelines/400021496?language=en https://api.fifa.com/api/v3/live/football/400021499?language=en https://api.fifa.com/api/v3/timelines/400021499?language=en,2026-06-29,
Algeria,ALG,Oussama BENBOT,Goalkeeper,97,1,1,FIFA API live/football and timelines,https://api.fifa.com/api/v3/live/football/400021497?language=en https://api.fifa.com/api/v3/timelines/400021497?language=en,2026-06-29,
Algeria,ALG,Anis HADJ MOUSSA,Forward,86,1,2,FIFA API live/football and timelines,https://api.fifa.com/api/v3/live/football/400021496?language=en https://api.fifa.com/api/v3/timelines/400021496?language=en https://api.fifa.com/api/v3/live/football/400021499?language=en https://api.fifa.com/api/v3/timelines/400021499?language=en,2026-06-29,
Algeria,ALG,Jaouen HADJAM,Defender,84,1,2,FIFA API live/football and timelines,https://api.fifa.com/api/v3/live/football/400021499?language=en https://api.fifa.com/api/v3/timelines/400021499?language=en https://api.fifa.com/api/v3/live/football/400021497?language=en https://api.fifa.com/api/v3/timelines/400021497?language=en,2026-06-29,
Algeria,ALG,Zineddine BELAID,Defender,39,0,2,FIFA API live/football and timelines,https://api.fifa.com/api/v3/live/football/400021499?language=en https://api.fifa.com/api/v3/timelines/400021499?language=en https://api.fifa.com/api/v3/live/football/400021497?language=en https://api.fifa.com/api/v3/timelines/400021497?language=en,2026-06-29,
Algeria,ALG,Mohamed AMOURA,Forward,33,0,1,FIFA API live/football and timelines,https://api.fifa.com/api/v3/live/football/400021496?language=en https://api.fifa.com/api/v3/timelines/400021496?language=en,2026-06-29,
Algeria,ALG,Samir CHERGUI,Defender,26,0,1,FIFA API live/football and timelines,https://api.fifa.com/api/v3/live/football/400021497?language=en https://api.fifa.com/api/v3/timelines/400021497?language=en,2026-06-29,
Algeria,ALG,Adil BOULBINA,Forward,15,0,1,FIFA API live/football and timelines,https://api.fifa.com/api/v3/live/football/400021496?language=en https://api.fifa.com/api/v3/timelines/400021496?language=en,2026-06-29,
Algeria,ALG,Nadhir BENBOUALI,Forward,8,0,1,FIFA API live/football and timelines,https://api.fifa.com/api/v3/live/football/400021499?language=en https://api.fifa.com/api/v3/timelines/400021499?language=en,2026-06-29,
Algeria,ALG,Fares GHEDJEMIS,Forward,7,0,1,FIFA API live/football and timelines,https://api.fifa.com/api/v3/live/football/400021497?language=en https://api.fifa.com/api/v3/timelines/400021497?language=en,2026-06-29,
Argentina,ARG,Emiliano MARTINEZ,Goalkeeper,291,3,3,FIFA API live/football and timelines,https://api.fifa.com/api/v3/live/football/400021496?language=en https://api.fifa.com/api/v3/timelines/400021496?language=en https://api.fifa.com/api/v3/live/football/400021494?language=en https://api.fifa.com/api/v3/timelines/400021494?language=en https://api.fifa.com/api/v3/live/football/400021495?language=en https://api.fifa.com/api/v3/timelines/400021495?language=en,2026-06-29,
Argentina,ARG,Alexis MAC ALLISTER,Midfielder,231,2,3,FIFA API live/football and timelines,https://api.fifa.com/api/v3/live/football/400021496?language=en https://api.fifa.com/api/v3/timelines/400021496?language=en https://api.fifa.com/api/v3/live/football/400021494?language=en https://api.fifa.com/api/v3/timelines/400021494?language=en https://api.fifa.com/api/v3/live/football/400021495?language=en https://api.fifa.com/api/v3/timelines/400021495?language=en,2026-06-29,
Argentina,ARG,Lionel MESSI,Forward,214,2,3,FIFA API live/football and timelines,https://api.fifa.com/api/v3/live/football/400021496?language=en https://api.fifa.com/api/v3/timelines/400021496?language=en https://api.fifa.com/api/v3/live/football/400021494?language=en https://api.fifa.com/api/v3/timelines/400021494?language=en https://api.fifa.com/api/v3/live/football/400021495?language=en https://api.fifa.com/api/v3/timelines/400021495?language=en,2026-06-29,
Argentina,ARG,Enzo FERNANDEZ,Midfielder,195,2,2,FIFA API live/football and timelines,https://api.fifa.com/api/v3/live/football/400021496?language=en https://api.fifa.com/api/v3/timelines/400021496?language=en https://api.fifa.com/api/v3/live/football/400021494?language=en https://api.fifa.com/api/v3/timelines/400021494?language=en,2026-06-29,
Argentina,ARG,Lisandro MARTINEZ,Defender,195,2,2,FIFA API live/football and timelines,https://api.fifa.com/api/v3/live/football/400021496?language=en https://api.fifa.com/api/v3/timelines/400021496?language=en https://api.fifa.com/api/v3/live/football/400021494?language=en https://api.fifa.com/api/v3/timelines/400021494?language=en,2026-06-29,
Argentina,ARG,Facundo MEDINA,Defender,179,2,2,FIFA API live/football and timelines,https://api.fifa.com/api/v3/live/football/400021496?language=en https://api.fifa.com/api/v3/timelines/400021496?language=en https://api.fifa.com/api/v3/live/football/400021494?language=en https://api.fifa.com/api/v3/timelines/400021494?language=en,2026-06-29,
Argentina,ARG,Lautaro MARTINEZ,Forward,179,3,3,FIFA API live/football and timelines,https://api.fifa.com/api/v3/live/football/400021496?language=en https://api.fifa.com/api/v3/timelines/400021496?language=en https://api.fifa.com/api/v3/live/football/400021494?language=en https://api.fifa.com/api/v3/timelines/400021494?language=en https://api.fifa.com/api/v3/live/football/400021495?language=en https://api.fifa.com/api/v3/timelines/400021495?language=en,2026-06-29,
Argentina,ARG,Rodrigo DE PAUL,Midfielder,179,2,2,FIFA API live/football and timelines,https://api.fifa.com/api/v3/live/football/400021496?language=en https://api.fifa.com/api/v3/timelines/400021496?language=en https://api.fifa.com/api/v3/live/football/400021494?language=en https://api.fifa.com/api/v3/timelines/400021494?language=en,2026-06-29,
Argentina,ARG,Julian ALVAREZ,Forward,158,1,3,FIFA API live/football and timelines,https://api.fifa.com/api/v3/live/football/400021496?language=en https://api.fifa.com/api/v3/timelines/400021496?language=en https://api.fifa.com/api/v3/live/football/400021494?language=en https://api.fifa.com/api/v3/timelines/400021494?language=en https://api.fifa.com/api/v3/live/football/400021495?language=en https://api.fifa.com/api/v3/timelines/400021495?language=en,2026-06-29,
Argentina,ARG,Thiago ALMADA,Forward,155,2,3,FIFA API live/football and timelines,https://api.fifa.com/api/v3/live/football/400021496?language=en https://api.fifa.com/api/v3/timelines/400021496?language=en https://api.fifa.com/api/v3/live/football/400021494?language=en https://api.fifa.com/api/v3/timelines/400021494?language=en https://api.fifa.com/api/v3/live/football/400021495?language=en https://api.fifa.com/api/v3/timelines/400021495?language=en,2026-06-29,
Argentina,ARG,Nicolas OTAMENDI,Defender,154,1,3,FIFA API live/football and timelines,https://api.fifa.com/api/v3/live/football/400021496?language=en https://api.fifa.com/api/v3/timelines/400021496?language=en https://api.fifa.com/api/v3/live/football/400021494?language=en https://api.fifa.com/api/v3/timelines/400021494?language=en https://api.fifa.com/api/v3/live/football/400021495?language=en https://api.fifa.com/api/v3/timelines/400021495?language=en,2026-06-29,
Argentina,ARG,Cristian ROMERO,Defender,137,2,2,FIFA API live/football and timelines,https://api.fifa.com/api/v3/live/football/400021496?language=en https://api.fifa.com/api/v3/timelines/400021496?language=en https://api.fifa.com/api/v3/live/football/400021494?language=en https://api.fifa.com/api/v3/timelines/400021494?language=en,2026-06-29,
Argentina,ARG,Leandro PAREDES,Midfielder,112,1,2,FIFA API live/football and timelines,https://api.fifa.com/api/v3/live/football/400021494?language=en https://api.fifa.com/api/v3/timelines/400021494?language=en https://api.fifa.com/api/v3/live/football/400021495?language=en https://api.fifa.com/api/v3/timelines/400021495?language=en,2026-06-29,
Argentina,ARG,Nicolas TAGLIAFICO,Defender,112,1,2,FIFA API live/football and timelines,https://api.fifa.com/api/v3/live/football/400021494?language=en https://api.fifa.com/api/v3/timelines/400021494?language=en https://api.fifa.com/api/v3/live/football/400021495?language=en https://api.fifa.com/api/v3/timelines/400021495?language=en,2026-06-29,
Argentina,ARG,Nahuel MOLINA,Defender,105,1,2,FIFA API live/football and timelines,https://api.fifa.com/api/v3/live/football/400021496?language=en https://api.fifa.com/api/v3/timelines/400021496?language=en https://api.fifa.com/api/v3/live/football/400021494?language=en https://api.fifa.com/api/v3/timelines/400021494?language=en,2026-06-29,
Argentina,ARG,Exequiel PALACIOS,Midfielder,96,1,1,FIFA API live/football and timelines,https://api.fifa.com/api/v3/live/football/400021495?language=en https://api.fifa.com/api/v3/timelines/400021495?language=en,2026-06-29,
Argentina,ARG,Marcos SENESI,Defender,96,1,1,FIFA API live/football and timelines,https://api.fifa.com/api/v3/live/football/400021495?language=en https://api.fifa.com/api/v3/timelines/400021495?language=en,2026-06-29,
Argentina,ARG,Gonzalo MONTIEL,Defender,90,1,1,FIFA API live/football and timelines,https://api.fifa.com/api/v3/live/football/400021496?language=en https://api.fifa.com/api/v3/timelines/400021496?language=en,2026-06-29,
Argentina,ARG,Nico PAZ,Forward,77,1,2,FIFA API live/football and timelines,https://api.fifa.com/api/v3/live/football/400021496?language=en https://api.fifa.com/api/v3/timelines/400021496?language=en https://api.fifa.com/api/v3/live/football/400021495?language=en https://api.fifa.com/api/v3/timelines/400021495?language=en,2026-06-29,
Argentina,ARG,Nico GONZALEZ,Midfielder,76,0,2,FIFA API live/football and timelines,https://api.fifa.com/api/v3/live/football/400021496?language=en https://api.fifa.com/api/v3/timelines/400021496?language=en https://api.fifa.com/api/v3/live/football/400021494?language=en https://api.fifa.com/api/v3/timelines/400021494?language=en,2026-06-29,
Argentina,ARG,Giuliano SIMEONE,Forward,71,1,1,FIFA API live/football and timelines,https://api.fifa.com/api/v3/live/football/400021495?language=en https://api.fifa.com/api/v3/timelines/400021495?language=en,2026-06-29,
Argentina,ARG,Giovani Lo Celso,Midfielder,60,1,1,FIFA API live/football and timelines,https://api.fifa.com/api/v3/live/football/400021495?language=en https://api.fifa.com/api/v3/timelines/400021495?language=en,2026-06-29,
Argentina,ARG,Valentin BARCO,Midfielder,25,0,1,FIFA API live/football and timelines,https://api.fifa.com/api/v3/live/football/400021495?language=en https://api.fifa.com/api/v3/timelines/400021495?language=en,2026-06-29,
Argentina,ARG,Jose Manuel LOPEZ,Forward,14,0,1,FIFA API live/football and timelines,https://api.fifa.com/api/v3/live/football/400021495?language=en https://api.fifa.com/api/v3/timelines/400021495?language=en,2026-06-29,
Australia,AUS,Aiden ONEILL,Midfielder,292,3,3,FIFA API live/football and timelines,https://api.fifa.com/api/v3/live/football/400021463?language=en https://api.fifa.com/api/v3/timelines/400021463?language=en https://api.fifa.com/api/v3/live/football/400021462?language=en https://api.fifa.com/api/v3/timelines/400021462?language=en https://api.fifa.com/api/v3/live/football/400021461?language=en https://api.fifa.com/api/v3/timelines/400021461?language=en,2026-06-29,
Australia,AUS,Alessandro CIRCATI,Defender,292,3,3,FIFA API live/football and timelines,https://api.fifa.com/api/v3/live/football/400021463?language=en https://api.fifa.com/api/v3/timelines/400021463?language=en https://api.fifa.com/api/v3/live/football/400021462?language=en https://api.fifa.com/api/v3/timelines/400021462?language=en https://api.fifa.com/api/v3/live/football/400021461?language=en https://api.fifa.com/api/v3/timelines/400021461?language=en,2026-06-29,
Australia,AUS,Harry SOUTTAR,Defender,292,3,3,FIFA API live/football and timelines,https://api.fifa.com/api/v3/live/football/400021463?language=en https://api.fifa.com/api/v3/timelines/400021463?language=en https://api.fifa.com/api/v3/live/football/400021462?language=en https://api.fifa.com/api/v3/timelines/400021462?language=en https://api.fifa.com/api/v3/live/football/400021461?language=en https://api.fifa.com/api/v3/timelines/400021461?language=en,2026-06-29,
Australia,AUS,Patrick BEACH,Goalkeeper,292,3,3,FIFA API live/football and timelines,https://api.fifa.com/api/v3/live/football/400021463?language=en https://api.fifa.com/api/v3/timelines/400021463?language=en https://api.fifa.com/api/v3/live/football/400021462?language=en https://api.fifa.com/api/v3/timelines/400021462?language=en https://api.fifa.com/api/v3/live/football/400021461?language=en https://api.fifa.com/api/v3/timelines/400021461?language=en,2026-06-29,
Australia,AUS,Jordan BOS,Defender,278,3,3,FIFA API live/football and timelines,https://api.fifa.com/api/v3/live/football/400021463?language=en https://api.fifa.com/api/v3/timelines/400021463?language=en https://api.fifa.com/api/v3/live/football/400021462?language=en https://api.fifa.com/api/v3/timelines/400021462?language=en https://api.fifa.com/api/v3/live/football/400021461?language=en https://api.fifa.com/api/v3/timelines/400021461?language=en,2026-06-29,
Australia,AUS,Connor METCALFE,Midfielder,202,2,3,FIFA API live/football and timelines,https://api.fifa.com/api/v3/live/football/400021463?language=en https://api.fifa.com/api/v3/timelines/400021463?language=en https://api.fifa.com/api/v3/live/football/400021462?language=en https://api.fifa.com/api/v3/timelines/400021462?language=en https://api.fifa.com/api/v3/live/football/400021461?language=en https://api.fifa.com/api/v3/timelines/400021461?language=en,2026-06-29,
Australia,AUS,Cameron BURGESS,Defender,187,2,2,FIFA API live/football and timelines,https://api.fifa.com/api/v3/live/football/400021463?language=en https://api.fifa.com/api/v3/timelines/400021463?language=en https://api.fifa.com/api/v3/live/football/400021462?language=en https://api.fifa.com/api/v3/timelines/400021462?language=en,2026-06-29,
Australia,AUS,Jacob ITALIANO,Defender,173,2,2,FIFA API live/football and timelines,https://api.fifa.com/api/v3/live/football/400021463?language=en https://api.fifa.com/api/v3/timelines/400021463?language=en https://api.fifa.com/api/v3/live/football/400021462?language=en https://api.fifa.com/api/v3/timelines/400021462?language=en,2026-06-29,
Australia,AUS,Paul OKON-ENGSTLER,Midfielder,173,2,3,FIFA API live/football and timelines,https://api.fifa.com/api/v3/live/football/400021463?language=en https://api.fifa.com/api/v3/timelines/400021463?language=en https://api.fifa.com/api/v3/live/football/400021462?language=en https://api.fifa.com/api/v3/timelines/400021462?language=en https://api.fifa.com/api/v3/live/football/400021461?language=en https://api.fifa.com/api/v3/timelines/400021461?language=en,2026-06-29,
Australia,AUS,Mohamed TOURE,Forward,164,2,2,FIFA API live/football and timelines,https://api.fifa.com/api/v3/live/football/400021463?language=en https://api.fifa.com/api/v3/timelines/400021463?language=en https://api.fifa.com/api/v3/live/football/400021462?language=en https://api.fifa.com/api/v3/timelines/400021462?language=en,2026-06-29,
Australia,AUS,Nestory IRANKUNDA,Forward,154,2,3,FIFA API live/football and timelines,https://api.fifa.com/api/v3/live/football/400021463?language=en https://api.fifa.com/api/v3/timelines/400021463?language=en https://api.fifa.com/api/v3/live/football/400021462?language=en https://api.fifa.com/api/v3/timelines/400021462?language=en https://api.fifa.com/api/v3/live/football/400021461?language=en https://api.fifa.com/api/v3/timelines/400021461?language=en,2026-06-29,
Australia,AUS,Nishan VELUPILLAY,Forward,126,1,2,FIFA API live/football and timelines,https://api.fifa.com/api/v3/live/football/400021463?language=en https://api.fifa.com/api/v3/timelines/400021463?language=en https://api.fifa.com/api/v3/live/football/400021462?language=en https://api.fifa.com/api/v3/timelines/400021462?language=en,2026-06-29,
Australia,AUS,Jackson IRVINE,Midfielder,119,1,3,FIFA API live/football and timelines,https://api.fifa.com/api/v3/live/football/400021463?language=en https://api.fifa.com/api/v3/timelines/400021463?language=en https://api.fifa.com/api/v3/live/football/400021462?language=en https://api.fifa.com/api/v3/timelines/400021462?language=en https://api.fifa.com/api/v3/live/football/400021461?language=en https://api.fifa.com/api/v3/timelines/400021461?language=en,2026-06-29,
Australia,AUS,Aziz BEHICH,Defender,110,1,2,FIFA API live/football and timelines,https://api.fifa.com/api/v3/live/football/400021463?language=en https://api.fifa.com/api/v3/timelines/400021463?language=en https://api.fifa.com/api/v3/live/football/400021461?language=en https://api.fifa.com/api/v3/timelines/400021461?language=en,2026-06-29,
Australia,AUS,Cristian VOLPATO,Forward,96,1,2,FIFA API live/football and timelines,https://api.fifa.com/api/v3/live/football/400021462?language=en https://api.fifa.com/api/v3/timelines/400021462?language=en https://api.fifa.com/api/v3/live/football/400021461?language=en https://api.fifa.com/api/v3/timelines/400021461?language=en,2026-06-29,
Australia,AUS,Lucas HERRINGTON,Defender,96,1,1,FIFA API live/football and timelines,https://api.fifa.com/api/v3/live/football/400021461?language=en https://api.fifa.com/api/v3/timelines/400021461?language=en,2026-06-29,
Australia,AUS,Mathew LECKIE,Forward,61,1,1,FIFA API live/football and timelines,https://api.fifa.com/api/v3/live/football/400021462?language=en https://api.fifa.com/api/v3/timelines/400021462?language=en,2026-06-29,
Australia,AUS,Ajdin HRUSTIC,Forward,38,0,1,FIFA API live/football and timelines,https://api.fifa.com/api/v3/live/football/400021461?language=en https://api.fifa.com/api/v3/timelines/400021461?language=en,2026-06-29,
Australia,AUS,Tete YENGI,Forward,35,0,2,FIFA API live/football and timelines,https://api.fifa.com/api/v3/live/football/400021463?language=en https://api.fifa.com/api/v3/timelines/400021463?language=en https://api.fifa.com/api/v3/live/football/400021461?language=en https://api.fifa.com/api/v3/timelines/400021461?language=en,2026-06-29,
Australia,AUS,Jason GERIA,Defender,32,0,2,FIFA API live/football and timelines,https://api.fifa.com/api/v3/live/football/400021463?language=en https://api.fifa.com/api/v3/timelines/400021463?language=en https://api.fifa.com/api/v3/live/football/400021462?language=en https://api.fifa.com/api/v3/timelines/400021462?language=en,2026-06-29,
Austria,AUT,Alexander SCHLAGER,Goalkeeper,298,3,3,FIFA API live/football and timelines,https://api.fifa.com/api/v3/live/football/400021498?language=en https://api.fifa.com/api/v3/timelines/400021498?language=en https://api.fifa.com/api/v3/live/football/400021494?language=en https://api.fifa.com/api/v3/timelines/400021494?language=en https://api.fifa.com/api/v3/live/football/400021497?language=en https://api.fifa.com/api/v3/timelines/400021497?language=en,2026-06-29,
Austria,AUT,Konrad LAIMER,Midfielder,298,3,3,FIFA API live/football and timelines,https://api.fifa.com/api/v3/live/football/400021498?language=en https://api.fifa.com/api/v3/timelines/400021498?language=en https://api.fifa.com/api/v3/live/football/400021494?language=en https://api.fifa.com/api/v3/timelines/400021494?language=en https://api.fifa.com/api/v3/live/football/400021497?language=en https://api.fifa.com/api/v3/timelines/400021497?language=en,2026-06-29,
Austria,AUT,Marcel SABITZER,Midfielder,298,3,3,FIFA API live/football and timelines,https://api.fifa.com/api/v3/live/football/400021498?language=en https://api.fifa.com/api/v3/timelines/400021498?language=en https://api.fifa.com/api/v3/live/football/400021494?language=en https://api.fifa.com/api/v3/timelines/400021494?language=en https://api.fifa.com/api/v3/live/football/400021497?language=en https://api.fifa.com/api/v3/timelines/400021497?language=en,2026-06-29,
Austria,AUT,Nicolas SEIWALD,Midfielder,298,3,3,FIFA API live/football and timelines,https://api.fifa.com/api/v3/live/football/400021498?language=en https://api.fifa.com/api/v3/timelines/400021498?language=en https://api.fifa.com/api/v3/live/football/400021494?language=en https://api.fifa.com/api/v3/timelines/400021494?language=en https://api.fifa.com/api/v3/live/football/400021497?language=en https://api.fifa.com/api/v3/timelines/400021497?language=en,2026-06-29,
Austria,AUT,Stefan POSCH,Defender,267,3,3,FIFA API live/football and timelines,https://api.fifa.com/api/v3/live/football/400021498?language=en https://api.fifa.com/api/v3/timelines/400021498?language=en https://api.fifa.com/api/v3/live/football/400021494?language=en https://api.fifa.com/api/v3/timelines/400021494?language=en https://api.fifa.com/api/v3/live/football/400021497?language=en https://api.fifa.com/api/v3/timelines/400021497?language=en,2026-06-29,
Austria,AUT,Romano SCHMID,Midfielder,251,3,3,FIFA API live/football and timelines,https://api.fifa.com/api/v3/live/football/400021498?language=en https://api.fifa.com/api/v3/timelines/400021498?language=en https://api.fifa.com/api/v3/live/football/400021494?language=en https://api.fifa.com/api/v3/timelines/400021494?language=en https://api.fifa.com/api/v3/live/football/400021497?language=en https://api.fifa.com/api/v3/timelines/400021497?language=en,2026-06-29,
Austria,AUT,Xaver Schlager,Midfielder,247,3,3,FIFA API live/football and timelines,https://api.fifa.com/api/v3/live/football/400021498?language=en https://api.fifa.com/api/v3/timelines/400021498?language=en https://api.fifa.com/api/v3/live/football/400021494?language=en https://api.fifa.com/api/v3/timelines/400021494?language=en https://api.fifa.com/api/v3/live/football/400021497?language=en https://api.fifa.com/api/v3/timelines/400021497?language=en,2026-06-29,
Austria,AUT,Philipp Lienhart,Defender,200,2,2,FIFA API live/football and timelines,https://api.fifa.com/api/v3/live/football/400021498?language=en https://api.fifa.com/api/v3/timelines/400021498?language=en https://api.fifa.com/api/v3/live/football/400021497?language=en https://api.fifa.com/api/v3/timelines/400021497?language=en,2026-06-29,
Austria,AUT,David ALABA,Defender,188,3,3,FIFA API live/football and timelines,https://api.fifa.com/api/v3/live/football/400021498?language=en https://api.fifa.com/api/v3/timelines/400021498?language=en https://api.fifa.com/api/v3/live/football/400021494?language=en https://api.fifa.com/api/v3/timelines/400021494?language=en https://api.fifa.com/api/v3/live/football/400021497?language=en https://api.fifa.com/api/v3/timelines/400021497?language=en,2026-06-29,
Austria,AUT,Kevin Danso,Defender,177,1,3,FIFA API live/football and timelines,https://api.fifa.com/api/v3/live/football/400021498?language=en https://api.fifa.com/api/v3/timelines/400021498?language=en https://api.fifa.com/api/v3/live/football/400021494?language=en https://api.fifa.com/api/v3/timelines/400021494?language=en https://api.fifa.com/api/v3/live/football/400021497?language=en https://api.fifa.com/api/v3/timelines/400021497?language=en,2026-06-29,
Austria,AUT,Phillip MWENE,Defender,149,2,2,FIFA API live/football and timelines,https://api.fifa.com/api/v3/live/football/400021498?language=en https://api.fifa.com/api/v3/timelines/400021498?language=en https://api.fifa.com/api/v3/live/football/400021497?language=en https://api.fifa.com/api/v3/timelines/400021497?language=en,2026-06-29,
Austria,AUT,Marko ARNAUTOVIC,Forward,134,1,3,FIFA API live/football and timelines,https://api.fifa.com/api/v3/live/football/400021498?language=en https://api.fifa.com/api/v3/timelines/400021498?language=en https://api.fifa.com/api/v3/live/football/400021494?language=en https://api.fifa.com/api/v3/timelines/400021494?language=en https://api.fifa.com/api/v3/live/football/400021497?language=en https://api.fifa.com/api/v3/timelines/400021497?language=en,2026-06-29,
Austria,AUT,Paul WANNER,Midfielder,118,1,3,FIFA API live/football and timelines,https://api.fifa.com/api/v3/live/football/400021498?language=en https://api.fifa.com/api/v3/timelines/400021498?language=en https://api.fifa.com/api/v3/live/football/400021494?language=en https://api.fifa.com/api/v3/timelines/400021494?language=en https://api.fifa.com/api/v3/live/football/400021497?language=en https://api.fifa.com/api/v3/timelines/400021497?language=en,2026-06-29,
Austria,AUT,Sasa KALAJDZIC,Forward,97,1,2,FIFA API live/football and timelines,https://api.fifa.com/api/v3/live/football/400021498?language=en https://api.fifa.com/api/v3/timelines/400021498?language=en https://api.fifa.com/api/v3/live/football/400021497?language=en https://api.fifa.com/api/v3/timelines/400021497?language=en,2026-06-29,
Austria,AUT,Michael Gregoritsch,Forward,92,1,2,FIFA API live/football and timelines,https://api.fifa.com/api/v3/live/football/400021494?language=en https://api.fifa.com/api/v3/timelines/400021494?language=en https://api.fifa.com/api/v3/live/football/400021497?language=en https://api.fifa.com/api/v3/timelines/400021497?language=en,2026-06-29,
Austria,AUT,Carney CHUKWUEMEKA,Midfielder,57,0,2,FIFA API live/football and timelines,https://api.fifa.com/api/v3/live/football/400021498?language=en https://api.fifa.com/api/v3/timelines/400021498?language=en https://api.fifa.com/api/v3/live/football/400021494?language=en https://api.fifa.com/api/v3/timelines/400021494?language=en,2026-06-29,
Austria,AUT,Patrick WIMMER,Forward,40,0,2,FIFA API live/football and timelines,https://api.fifa.com/api/v3/live/football/400021498?language=en https://api.fifa.com/api/v3/timelines/400021498?language=en https://api.fifa.com/api/v3/live/football/400021494?language=en https://api.fifa.com/api/v3/timelines/400021494?language=en,2026-06-29,
Austria,AUT,Alexander PRASS,Midfielder,31,0,1,FIFA API live/football and timelines,https://api.fifa.com/api/v3/live/football/400021494?language=en https://api.fifa.com/api/v3/timelines/400021494?language=en,2026-06-29,
Austria,AUT,Marco FRIEDL,Defender,31,0,1,FIFA API live/football and timelines,https://api.fifa.com/api/v3/live/football/400021494?language=en https://api.fifa.com/api/v3/timelines/400021494?language=en,2026-06-29,
Austria,AUT,Florian GRILLITSCH,Midfielder,7,0,1,FIFA API live/football and timelines,https://api.fifa.com/api/v3/live/football/400021497?language=en https://api.fifa.com/api/v3/timelines/400021497?language=en,2026-06-29,
Belgium,BEL,Brandon MECHELE,Defender,288,3,3,FIFA API live/football and timelines,https://api.fifa.com/api/v3/live/football/400021478?language=en https://api.fifa.com/api/v3/timelines/400021478?language=en https://api.fifa.com/api/v3/live/football/400021477?language=en https://api.fifa.com/api/v3/timelines/400021477?language=en https://api.fifa.com/api/v3/live/football/400021481?language=en https://api.fifa.com/api/v3/timelines/400021481?language=en,2026-06-29,
Belgium,BEL,Thibaut COURTOIS,Goalkeeper,288,3,3,FIFA API live/football and timelines,https://api.fifa.com/api/v3/live/football/400021478?language=en https://api.fifa.com/api/v3/timelines/400021478?language=en https://api.fifa.com/api/v3/live/football/400021477?language=en https://api.fifa.com/api/v3/timelines/400021477?language=en https://api.fifa.com/api/v3/live/football/400021481?language=en https://api.fifa.com/api/v3/timelines/400021481?language=en,2026-06-29,
Belgium,BEL,Youri TIELEMANS,Midfielder,277,3,3,FIFA API live/football and timelines,https://api.fifa.com/api/v3/live/football/400021478?language=en https://api.fifa.com/api/v3/timelines/400021478?language=en https://api.fifa.com/api/v3/live/football/400021477?language=en https://api.fifa.com/api/v3/timelines/400021477?language=en https://api.fifa.com/api/v3/live/football/400021481?language=en https://api.fifa.com/api/v3/timelines/400021481?language=en,2026-06-29,
Belgium,BEL,Leandro TROSSARD,Forward,264,3,3,FIFA API live/football and timelines,https://api.fifa.com/api/v3/live/football/400021478?language=en https://api.fifa.com/api/v3/timelines/400021478?language=en https://api.fifa.com/api/v3/live/football/400021477?language=en https://api.fifa.com/api/v3/timelines/400021477?language=en https://api.fifa.com/api/v3/live/football/400021481?language=en https://api.fifa.com/api/v3/timelines/400021481?language=en,2026-06-29,
Belgium,BEL,Kevin DE BRUYNE,Midfielder,244,3,3,FIFA API live/football and timelines,https://api.fifa.com/api/v3/live/football/400021478?language=en https://api.fifa.com/api/v3/timelines/400021478?language=en https://api.fifa.com/api/v3/live/football/400021477?language=en https://api.fifa.com/api/v3/timelines/400021477?language=en https://api.fifa.com/api/v3/live/football/400021481?language=en https://api.fifa.com/api/v3/timelines/400021481?language=en,2026-06-29,
Belgium,BEL,Maxim DE CUYPER,Defender,232,2,3,FIFA API live/football and timelines,https://api.fifa.com/api/v3/live/football/400021478?language=en https://api.fifa.com/api/v3/timelines/400021478?language=en https://api.fifa.com/api/v3/live/football/400021477?language=en https://api.fifa.com/api/v3/timelines/400021477?language=en https://api.fifa.com/api/v3/live/football/400021481?language=en https://api.fifa.com/api/v3/timelines/400021481?language=en,2026-06-29,
Belgium,BEL,Nathan NGOY,Defender,192,2,2,FIFA API live/football and timelines,https://api.fifa.com/api/v3/live/football/400021478?language=en https://api.fifa.com/api/v3/timelines/400021478?language=en https://api.fifa.com/api/v3/live/football/400021477?language=en https://api.fifa.com/api/v3/timelines/400021477?language=en,2026-06-29,
Belgium,BEL,Timothy CASTAGNE,Defender,190,2,3,FIFA API live/football and timelines,https://api.fifa.com/api/v3/live/football/400021478?language=en https://api.fifa.com/api/v3/timelines/400021478?language=en https://api.fifa.com/api/v3/live/football/400021477?language=en https://api.fifa.com/api/v3/timelines/400021477?language=en https://api.fifa.com/api/v3/live/football/400021481?language=en https://api.fifa.com/api/v3/timelines/400021481?language=en,2026-06-29,
Belgium,BEL,Thomas MEUNIER,Defender,154,2,2,FIFA API live/football and timelines,https://api.fifa.com/api/v3/live/football/400021478?language=en https://api.fifa.com/api/v3/timelines/400021478?language=en https://api.fifa.com/api/v3/live/football/400021477?language=en https://api.fifa.com/api/v3/timelines/400021477?language=en,2026-06-29,
Belgium,BEL,Charles DE KETELAERE,Forward,151,2,2,FIFA API live/football and timelines,https://api.fifa.com/api/v3/live/football/400021478?language=en https://api.fifa.com/api/v3/timelines/400021478?language=en https://api.fifa.com/api/v3/live/football/400021481?language=en https://api.fifa.com/api/v3/timelines/400021481?language=en,2026-06-29,
Belgium,BEL,Hans VANAKEN,Midfielder,145,1,3,FIFA API live/football and timelines,https://api.fifa.com/api/v3/live/football/400021478?language=en https://api.fifa.com/api/v3/timelines/400021478?language=en https://api.fifa.com/api/v3/live/football/400021477?language=en https://api.fifa.com/api/v3/timelines/400021477?language=en https://api.fifa.com/api/v3/live/football/400021481?language=en https://api.fifa.com/api/v3/timelines/400021481?language=en,2026-06-29,
Belgium,BEL,Jeremy DOKU,Forward,141,2,2,FIFA API live/football and timelines,https://api.fifa.com/api/v3/live/football/400021478?language=en https://api.fifa.com/api/v3/timelines/400021478?language=en https://api.fifa.com/api/v3/live/football/400021481?language=en https://api.fifa.com/api/v3/timelines/400021481?language=en,2026-06-29,
Belgium,BEL,Arthur THEATE,Defender,119,1,2,FIFA API live/football and timelines,https://api.fifa.com/api/v3/live/football/400021477?language=en https://api.fifa.com/api/v3/timelines/400021477?language=en https://api.fifa.com/api/v3/live/football/400021481?language=en https://api.fifa.com/api/v3/timelines/400021481?language=en,2026-06-29,
Belgium,BEL,Romelu LUKAKU,Forward,114,1,3,FIFA API live/football and timelines,https://api.fifa.com/api/v3/live/football/400021478?language=en https://api.fifa.com/api/v3/timelines/400021478?language=en https://api.fifa.com/api/v3/live/football/400021477?language=en https://api.fifa.com/api/v3/timelines/400021477?language=en https://api.fifa.com/api/v3/live/football/400021481?language=en https://api.fifa.com/api/v3/timelines/400021481?language=en,2026-06-29,
Belgium,BEL,Nicolas RASKIN,Midfielder,109,1,3,FIFA API live/football and timelines,https://api.fifa.com/api/v3/live/football/400021478?language=en https://api.fifa.com/api/v3/timelines/400021478?language=en https://api.fifa.com/api/v3/live/football/400021477?language=en https://api.fifa.com/api/v3/timelines/400021477?language=en https://api.fifa.com/api/v3/live/football/400021481?language=en https://api.fifa.com/api/v3/timelines/400021481?language=en,2026-06-29,
Belgium,BEL,Alexis SAELEMAEKERS,Midfielder,82,1,2,FIFA API live/football and timelines,https://api.fifa.com/api/v3/live/football/400021477?language=en https://api.fifa.com/api/v3/timelines/400021477?language=en https://api.fifa.com/api/v3/live/football/400021481?language=en https://api.fifa.com/api/v3/timelines/400021481?language=en,2026-06-29,
Belgium,BEL,Amadou ONANA,Midfielder,80,1,2,FIFA API live/football and timelines,https://api.fifa.com/api/v3/live/football/400021478?language=en https://api.fifa.com/api/v3/timelines/400021478?language=en https://api.fifa.com/api/v3/live/football/400021481?language=en https://api.fifa.com/api/v3/timelines/400021481?language=en,2026-06-29,
Belgium,BEL,Matias FERNANDEZ-PARDO,Forward,60,0,3,FIFA API live/football and timelines,https://api.fifa.com/api/v3/live/football/400021478?language=en https://api.fifa.com/api/v3/timelines/400021478?language=en https://api.fifa.com/api/v3/live/football/400021477?language=en https://api.fifa.com/api/v3/timelines/400021477?language=en https://api.fifa.com/api/v3/live/football/400021481?language=en https://api.fifa.com/api/v3/timelines/400021481?language=en,2026-06-29,
Belgium,BEL,Dodi LUKEBAKIO,Forward,38,0,1,FIFA API live/football and timelines,https://api.fifa.com/api/v3/live/football/400021477?language=en https://api.fifa.com/api/v3/timelines/400021477?language=en,2026-06-29,
Bosnia and Herzegovina,BIH,Nikola VASILJ,Goalkeeper,292,3,3,FIFA API live/football and timelines,https://api.fifa.com/api/v3/live/football/400021449?language=en https://api.fifa.com/api/v3/timelines/400021449?language=en https://api.fifa.com/api/v3/live/football/400021446?language=en https://api.fifa.com/api/v3/timelines/400021446?language=en https://api.fifa.com/api/v3/live/football/400021448?language=en https://api.fifa.com/api/v3/timelines/400021448?language=en,2026-06-29,
Bosnia and Herzegovina,BIH,Ermedin DEMIROVIC,Forward,279,3,3,FIFA API live/football and timelines,https://api.fifa.com/api/v3/live/football/400021449?language=en https://api.fifa.com/api/v3/timelines/400021449?language=en https://api.fifa.com/api/v3/live/football/400021446?language=en https://api.fifa.com/api/v3/timelines/400021446?language=en https://api.fifa.com/api/v3/live/football/400021448?language=en https://api.fifa.com/api/v3/timelines/400021448?language=en,2026-06-29,
Bosnia and Herzegovina,BIH,Sead KOLASINAC,Defender,278,3,3,FIFA API live/football and timelines,https://api.fifa.com/api/v3/live/football/400021449?language=en https://api.fifa.com/api/v3/timelines/400021449?language=en https://api.fifa.com/api/v3/live/football/400021446?language=en https://api.fifa.com/api/v3/timelines/400021446?language=en https://api.fifa.com/api/v3/live/football/400021448?language=en https://api.fifa.com/api/v3/timelines/400021448?language=en,2026-06-29,
Bosnia and Herzegovina,BIH,Nikola KATIC,Defender,258,3,3,FIFA API live/football and timelines,https://api.fifa.com/api/v3/live/football/400021449?language=en https://api.fifa.com/api/v3/timelines/400021449?language=en https://api.fifa.com/api/v3/live/football/400021446?language=en https://api.fifa.com/api/v3/timelines/400021446?language=en https://api.fifa.com/api/v3/live/football/400021448?language=en https://api.fifa.com/api/v3/timelines/400021448?language=en,2026-06-29,
Bosnia and Herzegovina,BIH,Esmir BAJRAKTAREVIC,Forward,206,2,3,FIFA API live/football and timelines,https://api.fifa.com/api/v3/live/football/400021449?language=en https://api.fifa.com/api/v3/timelines/400021449?language=en https://api.fifa.com/api/v3/live/football/400021446?language=en https://api.fifa.com/api/v3/timelines/400021446?language=en https://api.fifa.com/api/v3/live/football/400021448?language=en https://api.fifa.com/api/v3/timelines/400021448?language=en,2026-06-29,
Bosnia and Herzegovina,BIH,Ivan SUNJIC,Midfielder,198,2,3,FIFA API live/football and timelines,https://api.fifa.com/api/v3/live/football/400021449?language=en https://api.fifa.com/api/v3/timelines/400021449?language=en https://api.fifa.com/api/v3/live/football/400021446?language=en https://api.fifa.com/api/v3/timelines/400021446?language=en https://api.fifa.com/api/v3/live/football/400021448?language=en https://api.fifa.com/api/v3/timelines/400021448?language=en,2026-06-29,
Bosnia and Herzegovina,BIH,Amar DEDIC,Defender,195,2,2,FIFA API live/football and timelines,https://api.fifa.com/api/v3/live/football/400021449?language=en https://api.fifa.com/api/v3/timelines/400021449?language=en https://api.fifa.com/api/v3/live/football/400021446?language=en https://api.fifa.com/api/v3/timelines/400021446?language=en,2026-06-29,
Bosnia and Herzegovina,BIH,Kerim ALAJBEGOVIC,Forward,195,2,3,FIFA API live/football and timelines,https://api.fifa.com/api/v3/live/football/400021449?language=en https://api.fifa.com/api/v3/timelines/400021449?language=en https://api.fifa.com/api/v3/live/football/400021446?language=en https://api.fifa.com/api/v3/timelines/400021446?language=en https://api.fifa.com/api/v3/live/football/400021448?language=en https://api.fifa.com/api/v3/timelines/400021448?language=en,2026-06-29,
Bosnia and Herzegovina,BIH,Tarik MUHAREMOVIC,Defender,195,2,2,FIFA API live/football and timelines,https://api.fifa.com/api/v3/live/football/400021449?language=en https://api.fifa.com/api/v3/timelines/400021449?language=en https://api.fifa.com/api/v3/live/football/400021446?language=en https://api.fifa.com/api/v3/timelines/400021446?language=en,2026-06-29,
Bosnia and Herzegovina,BIH,Ivan BASIC,Midfielder,193,2,3,FIFA API live/football and timelines,https://api.fifa.com/api/v3/live/football/400021449?language=en https://api.fifa.com/api/v3/timelines/400021449?language=en https://api.fifa.com/api/v3/live/football/400021446?language=en https://api.fifa.com/api/v3/timelines/400021446?language=en https://api.fifa.com/api/v3/live/football/400021448?language=en https://api.fifa.com/api/v3/timelines/400021448?language=en,2026-06-29,
Bosnia and Herzegovina,BIH,Amar MEMIC,Midfielder,179,2,3,FIFA API live/football and timelines,https://api.fifa.com/api/v3/live/football/400021449?language=en https://api.fifa.com/api/v3/timelines/400021449?language=en https://api.fifa.com/api/v3/live/football/400021446?language=en https://api.fifa.com/api/v3/timelines/400021446?language=en https://api.fifa.com/api/v3/live/football/400021448?language=en https://api.fifa.com/api/v3/timelines/400021448?language=en,2026-06-29,
Bosnia and Herzegovina,BIH,Benjamin TAHIROVIC,Midfielder,167,2,3,FIFA API live/football and timelines,https://api.fifa.com/api/v3/live/football/400021449?language=en https://api.fifa.com/api/v3/timelines/400021449?language=en https://api.fifa.com/api/v3/live/football/400021446?language=en https://api.fifa.com/api/v3/timelines/400021446?language=en https://api.fifa.com/api/v3/live/football/400021448?language=en https://api.fifa.com/api/v3/timelines/400021448?language=en,2026-06-29,
Bosnia and Herzegovina,BIH,Edin DZEKO,Forward,126,2,2,FIFA API live/football and timelines,https://api.fifa.com/api/v3/live/football/400021446?language=en https://api.fifa.com/api/v3/timelines/400021446?language=en https://api.fifa.com/api/v3/live/football/400021448?language=en https://api.fifa.com/api/v3/timelines/400021448?language=en,2026-06-29,
Bosnia and Herzegovina,BIH,Stjepan RADELJIC,Defender,97,1,1,FIFA API live/football and timelines,https://api.fifa.com/api/v3/live/football/400021448?language=en https://api.fifa.com/api/v3/timelines/400021448?language=en,2026-06-29,
Bosnia and Herzegovina,BIH,Arjan MALIC,Defender,90,1,1,FIFA API live/football and timelines,https://api.fifa.com/api/v3/live/football/400021448?language=en https://api.fifa.com/api/v3/timelines/400021448?language=en,2026-06-29,
Bosnia and Herzegovina,BIH,Jovo LUKIC,Forward,74,1,2,FIFA API live/football and timelines,https://api.fifa.com/api/v3/live/football/400021449?language=en https://api.fifa.com/api/v3/timelines/400021449?language=en https://api.fifa.com/api/v3/live/football/400021446?language=en https://api.fifa.com/api/v3/timelines/400021446?language=en,2026-06-29,
Bosnia and Herzegovina,BIH,Ermin MAHMIC,Midfielder,42,0,2,FIFA API live/football and timelines,https://api.fifa.com/api/v3/live/football/400021446?language=en https://api.fifa.com/api/v3/timelines/400021446?language=en https://api.fifa.com/api/v3/live/football/400021448?language=en https://api.fifa.com/api/v3/timelines/400021448?language=en,2026-06-29,
Bosnia and Herzegovina,BIH,Armin GIGOVIC,Midfielder,36,0,1,FIFA API live/football and timelines,https://api.fifa.com/api/v3/live/football/400021449?language=en https://api.fifa.com/api/v3/timelines/400021449?language=en,2026-06-29,
Bosnia and Herzegovina,BIH,Samed BAZDAR,Forward,36,0,1,FIFA API live/football and timelines,https://api.fifa.com/api/v3/live/football/400021449?language=en https://api.fifa.com/api/v3/timelines/400021449?language=en,2026-06-29,
Bosnia and Herzegovina,BIH,Dennis HADZIKADUNIC,Defender,34,0,1,FIFA API live/football and timelines,https://api.fifa.com/api/v3/live/football/400021448?language=en https://api.fifa.com/api/v3/timelines/400021448?language=en,2026-06-29,
Bosnia and Herzegovina,BIH,Dzenis BURNIC,Midfielder,29,0,2,FIFA API live/football and timelines,https://api.fifa.com/api/v3/live/football/400021449?language=en https://api.fifa.com/api/v3/timelines/400021449?language=en https://api.fifa.com/api/v3/live/football/400021448?language=en https://api.fifa.com/api/v3/timelines/400021448?language=en,2026-06-29,
Bosnia and Herzegovina,BIH,Amir HADZIAHMETOVIC,Midfielder,13,0,1,FIFA API live/football and timelines,https://api.fifa.com/api/v3/live/football/400021446?language=en https://api.fifa.com/api/v3/timelines/400021446?language=en,2026-06-29,
Brazil,BRA,ALISSON,Goalkeeper,294,3,3,FIFA API live/football and timelines,https://api.fifa.com/api/v3/live/football/400021456?language=en https://api.fifa.com/api/v3/timelines/400021456?language=en https://api.fifa.com/api/v3/live/football/400021457?language=en https://api.fifa.com/api/v3/timelines/400021457?language=en https://api.fifa.com/api/v3/live/football/400021455?language=en https://api.fifa.com/api/v3/timelines/400021455?language=en,2026-06-29,
Brazil,BRA,GABRIEL MAGALHAES,Defender,294,3,3,FIFA API live/football and timelines,https://api.fifa.com/api/v3/live/football/400021456?language=en https://api.fifa.com/api/v3/timelines/400021456?language=en https://api.fifa.com/api/v3/live/football/400021457?language=en https://api.fifa.com/api/v3/timelines/400021457?language=en https://api.fifa.com/api/v3/live/football/400021455?language=en https://api.fifa.com/api/v3/timelines/400021455?language=en,2026-06-29,
Brazil,BRA,MARQUINHOS,Defender,294,3,3,FIFA API live/football and timelines,https://api.fifa.com/api/v3/live/football/400021456?language=en https://api.fifa.com/api/v3/timelines/400021456?language=en https://api.fifa.com/api/v3/live/football/400021457?language=en https://api.fifa.com/api/v3/timelines/400021457?language=en https://api.fifa.com/api/v3/live/football/400021455?language=en https://api.fifa.com/api/v3/timelines/400021455?language=en,2026-06-29,
Brazil,BRA,DOUGLAS SANTOS,Defender,279,3,3,FIFA API live/football and timelines,https://api.fifa.com/api/v3/live/football/400021456?language=en https://api.fifa.com/api/v3/timelines/400021456?language=en https://api.fifa.com/api/v3/live/football/400021457?language=en https://api.fifa.com/api/v3/timelines/400021457?language=en https://api.fifa.com/api/v3/live/football/400021455?language=en https://api.fifa.com/api/v3/timelines/400021455?language=en,2026-06-29,
Brazil,BRA,VINICIUS JUNIOR,Forward,279,3,3,FIFA API live/football and timelines,https://api.fifa.com/api/v3/live/football/400021456?language=en https://api.fifa.com/api/v3/timelines/400021456?language=en https://api.fifa.com/api/v3/live/football/400021457?language=en https://api.fifa.com/api/v3/timelines/400021457?language=en https://api.fifa.com/api/v3/live/football/400021455?language=en https://api.fifa.com/api/v3/timelines/400021455?language=en,2026-06-29,
Brazil,BRA,BRUNO GUIMARAES,Midfielder,258,3,3,FIFA API live/football and timelines,https://api.fifa.com/api/v3/live/football/400021456?language=en https://api.fifa.com/api/v3/timelines/400021456?language=en https://api.fifa.com/api/v3/live/football/400021457?language=en https://api.fifa.com/api/v3/timelines/400021457?language=en https://api.fifa.com/api/v3/live/football/400021455?language=en https://api.fifa.com/api/v3/timelines/400021455?language=en,2026-06-29,
Brazil,BRA,CASEMIRO,Midfielder,252,3,3,FIFA API live/football and timelines,https://api.fifa.com/api/v3/live/football/400021456?language=en https://api.fifa.com/api/v3/timelines/400021456?language=en https://api.fifa.com/api/v3/live/football/400021457?language=en https://api.fifa.com/api/v3/timelines/400021457?language=en https://api.fifa.com/api/v3/live/football/400021455?language=en https://api.fifa.com/api/v3/timelines/400021455?language=en,2026-06-29,
Brazil,BRA,DANILO,Defender,204,2,3,FIFA API live/football and timelines,https://api.fifa.com/api/v3/live/football/400021456?language=en https://api.fifa.com/api/v3/timelines/400021456?language=en https://api.fifa.com/api/v3/live/football/400021457?language=en https://api.fifa.com/api/v3/timelines/400021457?language=en https://api.fifa.com/api/v3/live/football/400021455?language=en https://api.fifa.com/api/v3/timelines/400021455?language=en,2026-06-29,
Brazil,BRA,LUCAS PAQUETA,Midfielder,191,3,3,FIFA API live/football and timelines,https://api.fifa.com/api/v3/live/football/400021456?language=en https://api.fifa.com/api/v3/timelines/400021456?language=en https://api.fifa.com/api/v3/live/football/400021457?language=en https://api.fifa.com/api/v3/timelines/400021457?language=en https://api.fifa.com/api/v3/live/football/400021455?language=en https://api.fifa.com/api/v3/timelines/400021455?language=en,2026-06-29,
Brazil,BRA,MATHEUS CUNHA,Forward,180,2,3,FIFA API live/football and timelines,https://api.fifa.com/api/v3/live/football/400021456?language=en https://api.fifa.com/api/v3/timelines/400021456?language=en https://api.fifa.com/api/v3/live/football/400021457?language=en https://api.fifa.com/api/v3/timelines/400021457?language=en https://api.fifa.com/api/v3/live/football/400021455?language=en https://api.fifa.com/api/v3/timelines/400021455?language=en,2026-06-29,
Brazil,BRA,RAPHINHA,Forward,141,2,2,FIFA API live/football and timelines,https://api.fifa.com/api/v3/live/football/400021456?language=en https://api.fifa.com/api/v3/timelines/400021456?language=en https://api.fifa.com/api/v3/live/football/400021457?language=en https://api.fifa.com/api/v3/timelines/400021457?language=en,2026-06-29,
Brazil,BRA,RAYAN,Forward,138,1,2,FIFA API live/football and timelines,https://api.fifa.com/api/v3/live/football/400021457?language=en https://api.fifa.com/api/v3/timelines/400021457?language=en https://api.fifa.com/api/v3/live/football/400021455?language=en https://api.fifa.com/api/v3/timelines/400021455?language=en,2026-06-29,
Brazil,BRA,ROGER IBANEZ,Defender,90,1,1,FIFA API live/football and timelines,https://api.fifa.com/api/v3/live/football/400021456?language=en https://api.fifa.com/api/v3/timelines/400021456?language=en,2026-06-29,
Brazil,BRA,GABRIEL MARTINELLI,Forward,63,0,2,FIFA API live/football and timelines,https://api.fifa.com/api/v3/live/football/400021457?language=en https://api.fifa.com/api/v3/timelines/400021457?language=en https://api.fifa.com/api/v3/live/football/400021455?language=en https://api.fifa.com/api/v3/timelines/400021455?language=en,2026-06-29,
Brazil,BRA,IGOR THIAGO,Forward,61,1,1,FIFA API live/football and timelines,https://api.fifa.com/api/v3/live/football/400021456?language=en https://api.fifa.com/api/v3/timelines/400021456?language=en,2026-06-29,
Brazil,BRA,ENDRICK,Forward,47,0,2,FIFA API live/football and timelines,https://api.fifa.com/api/v3/live/football/400021457?language=en https://api.fifa.com/api/v3/timelines/400021457?language=en https://api.fifa.com/api/v3/live/football/400021455?language=en https://api.fifa.com/api/v3/timelines/400021455?language=en,2026-06-29,
Brazil,BRA,FABINHO,Midfielder,42,0,2,FIFA API live/football and timelines,https://api.fifa.com/api/v3/live/football/400021456?language=en https://api.fifa.com/api/v3/timelines/400021456?language=en https://api.fifa.com/api/v3/live/football/400021455?language=en https://api.fifa.com/api/v3/timelines/400021455?language=en,2026-06-29,
Brazil,BRA,LUIZ HENRIQUE,Forward,40,0,1,FIFA API live/football and timelines,https://api.fifa.com/api/v3/live/football/400021456?language=en https://api.fifa.com/api/v3/timelines/400021456?language=en,2026-06-29,
Brazil,BRA,DANILO SANTOS,Midfielder,36,0,2,FIFA API live/football and timelines,https://api.fifa.com/api/v3/live/football/400021456?language=en https://api.fifa.com/api/v3/timelines/400021456?language=en https://api.fifa.com/api/v3/live/football/400021457?language=en https://api.fifa.com/api/v3/timelines/400021457?language=en,2026-06-29,
Brazil,BRA,NEYMAR JR,Forward,21,0,1,FIFA API live/football and timelines,https://api.fifa.com/api/v3/live/football/400021455?language=en https://api.fifa.com/api/v3/timelines/400021455?language=en,2026-06-29,
Brazil,BRA,ALEX SANDRO,Defender,15,0,1,FIFA API live/football and timelines,https://api.fifa.com/api/v3/live/football/400021455?language=en https://api.fifa.com/api/v3/timelines/400021455?language=en,2026-06-29,
Brazil,BRA,EDERSON SILVA,Midfielder,15,0,1,FIFA API live/football and timelines,https://api.fifa.com/api/v3/live/football/400021457?language=en https://api.fifa.com/api/v3/timelines/400021457?language=en,2026-06-29,
Cabo Verde,CPV,DINEY BORGES,Defender,291,3,3,FIFA API live/football and timelines,https://api.fifa.com/api/v3/live/football/400021482?language=en https://api.fifa.com/api/v3/timelines/400021482?language=en https://api.fifa.com/api/v3/live/football/400021487?language=en https://api.fifa.com/api/v3/timelines/400021487?language=en https://api.fifa.com/api/v3/live/football/400021485?language=en https://api.fifa.com/api/v3/timelines/400021485?language=en,2026-06-29,
Cabo Verde,CPV,PICO LOPES,Defender,291,3,3,FIFA API live/football and timelines,https://api.fifa.com/api/v3/live/football/400021482?language=en https://api.fifa.com/api/v3/timelines/400021482?language=en https://api.fifa.com/api/v3/live/football/400021487?language=en https://api.fifa.com/api/v3/timelines/400021487?language=en https://api.fifa.com/api/v3/live/football/400021485?language=en https://api.fifa.com/api/v3/timelines/400021485?language=en,2026-06-29,
Cabo Verde,CPV,VOZINHA,Goalkeeper,291,3,3,FIFA API live/football and timelines,https://api.fifa.com/api/v3/live/football/400021482?language=en https://api.fifa.com/api/v3/timelines/400021482?language=en https://api.fifa.com/api/v3/live/football/400021487?language=en https://api.fifa.com/api/v3/timelines/400021487?language=en https://api.fifa.com/api/v3/live/football/400021485?language=en https://api.fifa.com/api/v3/timelines/400021485?language=en,2026-06-29,
Cabo Verde,CPV,RYAN MENDES,Forward,266,3,3,FIFA API live/football and timelines,https://api.fifa.com/api/v3/live/football/400021482?language=en https://api.fifa.com/api/v3/timelines/400021482?language=en https://api.fifa.com/api/v3/live/football/400021487?language=en https://api.fifa.com/api/v3/timelines/400021487?language=en https://api.fifa.com/api/v3/live/football/400021485?language=en https://api.fifa.com/api/v3/timelines/400021485?language=en,2026-06-29,
Cabo Verde,CPV,KEVIN PINA,Midfielder,262,3,3,FIFA API live/football and timelines,https://api.fifa.com/api/v3/live/football/400021482?language=en https://api.fifa.com/api/v3/timelines/400021482?language=en https://api.fifa.com/api/v3/live/football/400021487?language=en https://api.fifa.com/api/v3/timelines/400021487?language=en https://api.fifa.com/api/v3/live/football/400021485?language=en https://api.fifa.com/api/v3/timelines/400021485?language=en,2026-06-29,
Cabo Verde,CPV,JAMIRO MONTEIRO,Midfielder,230,3,3,FIFA API live/football and timelines,https://api.fifa.com/api/v3/live/football/400021482?language=en https://api.fifa.com/api/v3/timelines/400021482?language=en https://api.fifa.com/api/v3/live/football/400021487?language=en https://api.fifa.com/api/v3/timelines/400021487?language=en https://api.fifa.com/api/v3/live/football/400021485?language=en https://api.fifa.com/api/v3/timelines/400021485?language=en,2026-06-29,
Cabo Verde,CPV,STEVEN MOREIRA,Defender,201,2,3,FIFA API live/football and timelines,https://api.fifa.com/api/v3/live/football/400021482?language=en https://api.fifa.com/api/v3/timelines/400021482?language=en https://api.fifa.com/api/v3/live/football/400021487?language=en https://api.fifa.com/api/v3/timelines/400021487?language=en https://api.fifa.com/api/v3/live/football/400021485?language=en https://api.fifa.com/api/v3/timelines/400021485?language=en,2026-06-29,
Cabo Verde,CPV,SIDNY LOPES CABRAL,Defender,175,2,2,FIFA API live/football and timelines,https://api.fifa.com/api/v3/live/football/400021482?language=en https://api.fifa.com/api/v3/timelines/400021482?language=en https://api.fifa.com/api/v3/live/football/400021487?language=en https://api.fifa.com/api/v3/timelines/400021487?language=en,2026-06-29,
Cabo Verde,CPV,DEROY DUARTE,Midfielder,140,1,3,FIFA API live/football and timelines,https://api.fifa.com/api/v3/live/football/400021482?language=en https://api.fifa.com/api/v3/timelines/400021482?language=en https://api.fifa.com/api/v3/live/football/400021487?language=en https://api.fifa.com/api/v3/timelines/400021487?language=en https://api.fifa.com/api/v3/live/football/400021485?language=en https://api.fifa.com/api/v3/timelines/400021485?language=en,2026-06-29,
Cabo Verde,CPV,DAILON LIVRAMENTO,Forward,122,2,2,FIFA API live/football and timelines,https://api.fifa.com/api/v3/live/football/400021482?language=en https://api.fifa.com/api/v3/timelines/400021482?language=en https://api.fifa.com/api/v3/live/football/400021485?language=en https://api.fifa.com/api/v3/timelines/400021485?language=en,2026-06-29,
Cabo Verde,CPV,JOAO PAULO,Midfielder,116,1,2,FIFA API live/football and timelines,https://api.fifa.com/api/v3/live/football/400021482?language=en https://api.fifa.com/api/v3/timelines/400021482?language=en https://api.fifa.com/api/v3/live/football/400021485?language=en https://api.fifa.com/api/v3/timelines/400021485?language=en,2026-06-29,
Cabo Verde,CPV,LAROS DUARTE,Midfielder,115,1,3,FIFA API live/football and timelines,https://api.fifa.com/api/v3/live/football/400021482?language=en https://api.fifa.com/api/v3/timelines/400021482?language=en https://api.fifa.com/api/v3/live/football/400021487?language=en https://api.fifa.com/api/v3/timelines/400021487?language=en https://api.fifa.com/api/v3/live/football/400021485?language=en https://api.fifa.com/api/v3/timelines/400021485?language=en,2026-06-29,
Cabo Verde,CPV,NUNO DA COSTA,Midfielder,111,0,3,FIFA API live/football and timelines,https://api.fifa.com/api/v3/live/football/400021482?language=en https://api.fifa.com/api/v3/timelines/400021482?language=en https://api.fifa.com/api/v3/live/football/400021487?language=en https://api.fifa.com/api/v3/timelines/400021487?language=en https://api.fifa.com/api/v3/live/football/400021485?language=en https://api.fifa.com/api/v3/timelines/400021485?language=en,2026-06-29,
Cabo Verde,CPV,TELMO ARCANJO,Midfielder,107,1,2,FIFA API live/football and timelines,https://api.fifa.com/api/v3/live/football/400021482?language=en https://api.fifa.com/api/v3/timelines/400021482?language=en https://api.fifa.com/api/v3/live/football/400021487?language=en https://api.fifa.com/api/v3/timelines/400021487?language=en,2026-06-29,
Cabo Verde,CPV,WILLY SEMEDO,Midfielder,96,1,2,FIFA API live/football and timelines,https://api.fifa.com/api/v3/live/football/400021482?language=en https://api.fifa.com/api/v3/timelines/400021482?language=en https://api.fifa.com/api/v3/live/football/400021485?language=en https://api.fifa.com/api/v3/timelines/400021485?language=en,2026-06-29,
Cabo Verde,CPV,WAGNER PINA,Defender,90,1,1,FIFA API live/football and timelines,https://api.fifa.com/api/v3/live/football/400021485?language=en https://api.fifa.com/api/v3/timelines/400021485?language=en,2026-06-29,
Cabo Verde,CPV,GARRY RODRIGUES,Midfielder,83,1,2,FIFA API live/football and timelines,https://api.fifa.com/api/v3/live/football/400021487?language=en https://api.fifa.com/api/v3/timelines/400021487?language=en https://api.fifa.com/api/v3/live/football/400021485?language=en https://api.fifa.com/api/v3/timelines/400021485?language=en,2026-06-29,
Cabo Verde,CPV,HELIO VARELA,Midfielder,76,0,2,FIFA API live/football and timelines,https://api.fifa.com/api/v3/live/football/400021487?language=en https://api.fifa.com/api/v3/timelines/400021487?language=en https://api.fifa.com/api/v3/live/football/400021485?language=en https://api.fifa.com/api/v3/timelines/400021485?language=en,2026-06-29,
Cabo Verde,CPV,JOVANE CABRAL,Midfielder,61,1,1,FIFA API live/football and timelines,https://api.fifa.com/api/v3/live/football/400021482?language=en https://api.fifa.com/api/v3/timelines/400021482?language=en,2026-06-29,
Cabo Verde,CPV,GILSON BENCHIMOL,Forward,58,1,1,FIFA API live/football and timelines,https://api.fifa.com/api/v3/live/football/400021487?language=en https://api.fifa.com/api/v3/timelines/400021487?language=en,2026-06-29,
Cabo Verde,CPV,YANNICK SEMEDO,Midfielder,19,0,1,FIFA API live/football and timelines,https://api.fifa.com/api/v3/live/football/400021487?language=en https://api.fifa.com/api/v3/timelines/400021487?language=en,2026-06-29,
Canada,CAN,Alistair JOHNSTON,Defender,294,3,3,FIFA API live/football and timelines,https://api.fifa.com/api/v3/live/football/400021449?language=en https://api.fifa.com/api/v3/timelines/400021449?language=en https://api.fifa.com/api/v3/live/football/400021450?language=en https://api.fifa.com/api/v3/timelines/400021450?language=en https://api.fifa.com/api/v3/live/football/400021451?language=en https://api.fifa.com/api/v3/timelines/400021451?language=en,2026-06-29,
Canada,CAN,Maxime CREPEAU,Goalkeeper,294,3,3,FIFA API live/football and timelines,https://api.fifa.com/api/v3/live/football/400021449?language=en https://api.fifa.com/api/v3/timelines/400021449?language=en https://api.fifa.com/api/v3/live/football/400021450?language=en https://api.fifa.com/api/v3/timelines/400021450?language=en https://api.fifa.com/api/v3/live/football/400021451?language=en https://api.fifa.com/api/v3/timelines/400021451?language=en,2026-06-29,
Canada,CAN,Derek CORNELIUS,Defender,284,3,3,FIFA API live/football and timelines,https://api.fifa.com/api/v3/live/football/400021449?language=en https://api.fifa.com/api/v3/timelines/400021449?language=en https://api.fifa.com/api/v3/live/football/400021450?language=en https://api.fifa.com/api/v3/timelines/400021450?language=en https://api.fifa.com/api/v3/live/football/400021451?language=en https://api.fifa.com/api/v3/timelines/400021451?language=en,2026-06-29,
Canada,CAN,Richie LARYEA,Defender,280,3,3,FIFA API live/football and timelines,https://api.fifa.com/api/v3/live/football/400021449?language=en https://api.fifa.com/api/v3/timelines/400021449?language=en https://api.fifa.com/api/v3/live/football/400021450?language=en https://api.fifa.com/api/v3/timelines/400021450?language=en https://api.fifa.com/api/v3/live/football/400021451?language=en https://api.fifa.com/api/v3/timelines/400021451?language=en,2026-06-29,
Canada,CAN,Luc DE FOUGEROLLES,Defender,265,3,3,FIFA API live/football and timelines,https://api.fifa.com/api/v3/live/football/400021449?language=en https://api.fifa.com/api/v3/timelines/400021449?language=en https://api.fifa.com/api/v3/live/football/400021450?language=en https://api.fifa.com/api/v3/timelines/400021450?language=en https://api.fifa.com/api/v3/live/football/400021451?language=en https://api.fifa.com/api/v3/timelines/400021451?language=en,2026-06-29,
Canada,CAN,Jonathan DAVID,Forward,258,3,3,FIFA API live/football and timelines,https://api.fifa.com/api/v3/live/football/400021449?language=en https://api.fifa.com/api/v3/timelines/400021449?language=en https://api.fifa.com/api/v3/live/football/400021450?language=en https://api.fifa.com/api/v3/timelines/400021450?language=en https://api.fifa.com/api/v3/live/football/400021451?language=en https://api.fifa.com/api/v3/timelines/400021451?language=en,2026-06-29,
Canada,CAN,Stephen EUSTAQUIO,Midfielder,229,2,3,FIFA API live/football and timelines,https://api.fifa.com/api/v3/live/football/400021449?language=en https://api.fifa.com/api/v3/timelines/400021449?language=en https://api.fifa.com/api/v3/live/football/400021450?language=en https://api.fifa.com/api/v3/timelines/400021450?language=en https://api.fifa.com/api/v3/live/football/400021451?language=en https://api.fifa.com/api/v3/timelines/400021451?language=en,2026-06-29,
Canada,CAN,Tajon BUCHANAN,Forward,218,3,3,FIFA API live/football and timelines,https://api.fifa.com/api/v3/live/football/400021449?language=en https://api.fifa.com/api/v3/timelines/400021449?language=en https://api.fifa.com/api/v3/live/football/400021450?language=en https://api.fifa.com/api/v3/timelines/400021450?language=en https://api.fifa.com/api/v3/live/football/400021451?language=en https://api.fifa.com/api/v3/timelines/400021451?language=en,2026-06-29,
Canada,CAN,Cyle LARIN,Forward,179,2,3,FIFA API live/football and timelines,https://api.fifa.com/api/v3/live/football/400021449?language=en https://api.fifa.com/api/v3/timelines/400021449?language=en https://api.fifa.com/api/v3/live/football/400021450?language=en https://api.fifa.com/api/v3/timelines/400021450?language=en https://api.fifa.com/api/v3/live/football/400021451?language=en https://api.fifa.com/api/v3/timelines/400021451?language=en,2026-06-29,
Canada,CAN,Ali AHMED,Forward,165,2,3,FIFA API live/football and timelines,https://api.fifa.com/api/v3/live/football/400021449?language=en https://api.fifa.com/api/v3/timelines/400021449?language=en https://api.fifa.com/api/v3/live/football/400021450?language=en https://api.fifa.com/api/v3/timelines/400021450?language=en https://api.fifa.com/api/v3/live/football/400021451?language=en https://api.fifa.com/api/v3/timelines/400021451?language=en,2026-06-29,
Canada,CAN,Ismael KONE,Midfielder,153,2,2,FIFA API live/football and timelines,https://api.fifa.com/api/v3/live/football/400021449?language=en https://api.fifa.com/api/v3/timelines/400021449?language=en https://api.fifa.com/api/v3/live/football/400021450?language=en https://api.fifa.com/api/v3/timelines/400021450?language=en,2026-06-29,
Canada,CAN,Tani OLUWASEYI,Forward,144,1,3,FIFA API live/football and timelines,https://api.fifa.com/api/v3/live/football/400021449?language=en https://api.fifa.com/api/v3/timelines/400021449?language=en https://api.fifa.com/api/v3/live/football/400021450?language=en https://api.fifa.com/api/v3/timelines/400021450?language=en https://api.fifa.com/api/v3/live/football/400021451?language=en https://api.fifa.com/api/v3/timelines/400021451?language=en,2026-06-29,
Canada,CAN,Nathan SALIBA,Midfielder,141,1,2,FIFA API live/football and timelines,https://api.fifa.com/api/v3/live/football/400021450?language=en https://api.fifa.com/api/v3/timelines/400021450?language=en https://api.fifa.com/api/v3/live/football/400021451?language=en https://api.fifa.com/api/v3/timelines/400021451?language=en,2026-06-29,
Canada,CAN,Liam MILLAR,Midfielder,100,1,2,FIFA API live/football and timelines,https://api.fifa.com/api/v3/live/football/400021449?language=en https://api.fifa.com/api/v3/timelines/400021449?language=en https://api.fifa.com/api/v3/live/football/400021451?language=en https://api.fifa.com/api/v3/timelines/400021451?language=en,2026-06-29,
Canada,CAN,Jacob SHAFFELBURG,Midfielder,79,0,3,FIFA API live/football and timelines,https://api.fifa.com/api/v3/live/football/400021449?language=en https://api.fifa.com/api/v3/timelines/400021449?language=en https://api.fifa.com/api/v3/live/football/400021450?language=en https://api.fifa.com/api/v3/timelines/400021450?language=en https://api.fifa.com/api/v3/live/football/400021451?language=en https://api.fifa.com/api/v3/timelines/400021451?language=en,2026-06-29,
Canada,CAN,Promise DAVID,Forward,59,0,2,FIFA API live/football and timelines,https://api.fifa.com/api/v3/live/football/400021449?language=en https://api.fifa.com/api/v3/timelines/400021449?language=en https://api.fifa.com/api/v3/live/football/400021451?language=en https://api.fifa.com/api/v3/timelines/400021451?language=en,2026-06-29,
Canada,CAN,Mathieu CHOINIERE,Midfielder,58,1,1,FIFA API live/football and timelines,https://api.fifa.com/api/v3/live/football/400021451?language=en https://api.fifa.com/api/v3/timelines/400021451?language=en,2026-06-29,
Canada,CAN,Niko SIGUR,Defender,17,0,1,FIFA API live/football and timelines,https://api.fifa.com/api/v3/live/football/400021450?language=en https://api.fifa.com/api/v3/timelines/400021450?language=en,2026-06-29,
Canada,CAN,Moise BOMBITO,Defender,10,0,1,FIFA API live/football and timelines,https://api.fifa.com/api/v3/live/football/400021450?language=en https://api.fifa.com/api/v3/timelines/400021450?language=en,2026-06-29,
Canada,CAN,Jonathan OSORIO,Midfielder,7,0,1,FIFA API live/football and timelines,https://api.fifa.com/api/v3/live/football/400021449?language=en https://api.fifa.com/api/v3/timelines/400021449?language=en,2026-06-29,
Colombia,COL,Camilo VARGAS,Goalkeeper,294,3,3,FIFA API live/football and timelines,https://api.fifa.com/api/v3/live/football/400021504?language=en https://api.fifa.com/api/v3/timelines/400021504?language=en https://api.fifa.com/api/v3/live/football/400021501?language=en https://api.fifa.com/api/v3/timelines/400021501?language=en https://api.fifa.com/api/v3/live/football/400021505?language=en https://api.fifa.com/api/v3/timelines/400021505?language=en,2026-06-29,
Colombia,COL,Davinson SANCHEZ,Defender,294,3,3,FIFA API live/football and timelines,https://api.fifa.com/api/v3/live/football/400021504?language=en https://api.fifa.com/api/v3/timelines/400021504?language=en https://api.fifa.com/api/v3/live/football/400021501?language=en https://api.fifa.com/api/v3/timelines/400021501?language=en https://api.fifa.com/api/v3/live/football/400021505?language=en https://api.fifa.com/api/v3/timelines/400021505?language=en,2026-06-29,
Colombia,COL,Jhon LUCUMI,Defender,294,3,3,FIFA API live/football and timelines,https://api.fifa.com/api/v3/live/football/400021504?language=en https://api.fifa.com/api/v3/timelines/400021504?language=en https://api.fifa.com/api/v3/live/football/400021501?language=en https://api.fifa.com/api/v3/timelines/400021501?language=en https://api.fifa.com/api/v3/live/football/400021505?language=en https://api.fifa.com/api/v3/timelines/400021505?language=en,2026-06-29,
Colombia,COL,Luis DIAZ,Forward,283,3,3,FIFA API live/football and timelines,https://api.fifa.com/api/v3/live/football/400021504?language=en https://api.fifa.com/api/v3/timelines/400021504?language=en https://api.fifa.com/api/v3/live/football/400021501?language=en https://api.fifa.com/api/v3/timelines/400021501?language=en https://api.fifa.com/api/v3/live/football/400021505?language=en https://api.fifa.com/api/v3/timelines/400021505?language=en,2026-06-29,
Colombia,COL,Gustavo PUERTA,Defender,273,3,3,FIFA API live/football and timelines,https://api.fifa.com/api/v3/live/football/400021504?language=en https://api.fifa.com/api/v3/timelines/400021504?language=en https://api.fifa.com/api/v3/live/football/400021501?language=en https://api.fifa.com/api/v3/timelines/400021501?language=en https://api.fifa.com/api/v3/live/football/400021505?language=en https://api.fifa.com/api/v3/timelines/400021505?language=en,2026-06-29,
Colombia,COL,Jefferson LERMA,Midfielder,258,3,3,FIFA API live/football and timelines,https://api.fifa.com/api/v3/live/football/400021504?language=en https://api.fifa.com/api/v3/timelines/400021504?language=en https://api.fifa.com/api/v3/live/football/400021501?language=en https://api.fifa.com/api/v3/timelines/400021501?language=en https://api.fifa.com/api/v3/live/football/400021505?language=en https://api.fifa.com/api/v3/timelines/400021505?language=en,2026-06-29,
Colombia,COL,Jhon ARIAS,Midfielder,243,3,3,FIFA API live/football and timelines,https://api.fifa.com/api/v3/live/football/400021504?language=en https://api.fifa.com/api/v3/timelines/400021504?language=en https://api.fifa.com/api/v3/live/football/400021501?language=en https://api.fifa.com/api/v3/timelines/400021501?language=en https://api.fifa.com/api/v3/live/football/400021505?language=en https://api.fifa.com/api/v3/timelines/400021505?language=en,2026-06-29,
Colombia,COL,Daniel MUNOZ,Defender,207,2,3,FIFA API live/football and timelines,https://api.fifa.com/api/v3/live/football/400021504?language=en https://api.fifa.com/api/v3/timelines/400021504?language=en https://api.fifa.com/api/v3/live/football/400021501?language=en https://api.fifa.com/api/v3/timelines/400021501?language=en https://api.fifa.com/api/v3/live/football/400021505?language=en https://api.fifa.com/api/v3/timelines/400021505?language=en,2026-06-29,
Colombia,COL,James RODRIGUEZ,Midfielder,206,3,3,FIFA API live/football and timelines,https://api.fifa.com/api/v3/live/football/400021504?language=en https://api.fifa.com/api/v3/timelines/400021504?language=en https://api.fifa.com/api/v3/live/football/400021501?language=en https://api.fifa.com/api/v3/timelines/400021501?language=en https://api.fifa.com/api/v3/live/football/400021505?language=en https://api.fifa.com/api/v3/timelines/400021505?language=en,2026-06-29,
Colombia,COL,Johan MOJICA,Defender,198,2,2,FIFA API live/football and timelines,https://api.fifa.com/api/v3/live/football/400021504?language=en https://api.fifa.com/api/v3/timelines/400021504?language=en https://api.fifa.com/api/v3/live/football/400021501?language=en https://api.fifa.com/api/v3/timelines/400021501?language=en,2026-06-29,
Colombia,COL,Luis SUAREZ,Forward,174,2,3,FIFA API live/football and timelines,https://api.fifa.com/api/v3/live/football/400021504?language=en https://api.fifa.com/api/v3/timelines/400021504?language=en https://api.fifa.com/api/v3/live/football/400021501?language=en https://api.fifa.com/api/v3/timelines/400021501?language=en https://api.fifa.com/api/v3/live/football/400021505?language=en https://api.fifa.com/api/v3/timelines/400021505?language=en,2026-06-29,
Colombia,COL,Jhon CORDOBA,Forward,99,1,2,FIFA API live/football and timelines,https://api.fifa.com/api/v3/live/football/400021501?language=en https://api.fifa.com/api/v3/timelines/400021501?language=en https://api.fifa.com/api/v3/live/football/400021505?language=en https://api.fifa.com/api/v3/timelines/400021505?language=en,2026-06-29,
Colombia,COL,Deiver MACHADO,Defender,96,1,1,FIFA API live/football and timelines,https://api.fifa.com/api/v3/live/football/400021505?language=en https://api.fifa.com/api/v3/timelines/400021505?language=en,2026-06-29,
Colombia,COL,Santiago ARIAS,Defender,87,1,1,FIFA API live/football and timelines,https://api.fifa.com/api/v3/live/football/400021505?language=en https://api.fifa.com/api/v3/timelines/400021505?language=en,2026-06-29,
Colombia,COL,Richard RIOS,Midfielder,77,0,3,FIFA API live/football and timelines,https://api.fifa.com/api/v3/live/football/400021504?language=en https://api.fifa.com/api/v3/timelines/400021504?language=en https://api.fifa.com/api/v3/live/football/400021501?language=en https://api.fifa.com/api/v3/timelines/400021501?language=en https://api.fifa.com/api/v3/live/football/400021505?language=en https://api.fifa.com/api/v3/timelines/400021505?language=en,2026-06-29,
Colombia,COL,Juan QUINTERO,Midfielder,59,0,2,FIFA API live/football and timelines,https://api.fifa.com/api/v3/live/football/400021501?language=en https://api.fifa.com/api/v3/timelines/400021501?language=en https://api.fifa.com/api/v3/live/football/400021505?language=en https://api.fifa.com/api/v3/timelines/400021505?language=en,2026-06-29,
Colombia,COL,Kevin CASTANO,Midfielder,31,0,2,FIFA API live/football and timelines,https://api.fifa.com/api/v3/live/football/400021504?language=en https://api.fifa.com/api/v3/timelines/400021504?language=en https://api.fifa.com/api/v3/live/football/400021505?language=en https://api.fifa.com/api/v3/timelines/400021505?language=en,2026-06-29,
Colombia,COL,Jaminton CAMPAZ,Forward,29,0,1,FIFA API live/football and timelines,https://api.fifa.com/api/v3/live/football/400021504?language=en https://api.fifa.com/api/v3/timelines/400021504?language=en,2026-06-29,
Colombia,COL,Cucho HERNANDEZ,Forward,21,0,1,FIFA API live/football and timelines,https://api.fifa.com/api/v3/live/football/400021504?language=en https://api.fifa.com/api/v3/timelines/400021504?language=en,2026-06-29,
Colombia,COL,Andres GOMEZ,Forward,11,0,1,FIFA API live/football and timelines,https://api.fifa.com/api/v3/live/football/400021504?language=en https://api.fifa.com/api/v3/timelines/400021504?language=en,2026-06-29,
Congo DR,COD,Axel Tuanzebe,Defender,291,3,3,FIFA API live/football and timelines,https://api.fifa.com/api/v3/live/football/400021502?language=en https://api.fifa.com/api/v3/timelines/400021502?language=en https://api.fifa.com/api/v3/live/football/400021501?language=en https://api.fifa.com/api/v3/timelines/400021501?language=en https://api.fifa.com/api/v3/live/football/400021500?language=en https://api.fifa.com/api/v3/timelines/400021500?language=en,2026-06-29,
Congo DR,COD,Chancel MBEMBA,Defender,291,3,3,FIFA API live/football and timelines,https://api.fifa.com/api/v3/live/football/400021502?language=en https://api.fifa.com/api/v3/timelines/400021502?language=en https://api.fifa.com/api/v3/live/football/400021501?language=en https://api.fifa.com/api/v3/timelines/400021501?language=en https://api.fifa.com/api/v3/live/football/400021500?language=en https://api.fifa.com/api/v3/timelines/400021500?language=en,2026-06-29,
Congo DR,COD,Lionel MPASI,Goalkeeper,291,3,3,FIFA API live/football and timelines,https://api.fifa.com/api/v3/live/football/400021502?language=en https://api.fifa.com/api/v3/timelines/400021502?language=en https://api.fifa.com/api/v3/live/football/400021501?language=en https://api.fifa.com/api/v3/timelines/400021501?language=en https://api.fifa.com/api/v3/live/football/400021500?language=en https://api.fifa.com/api/v3/timelines/400021500?language=en,2026-06-29,
Congo DR,COD,Yoane WISSA,Forward,291,3,3,FIFA API live/football and timelines,https://api.fifa.com/api/v3/live/football/400021502?language=en https://api.fifa.com/api/v3/timelines/400021502?language=en https://api.fifa.com/api/v3/live/football/400021501?language=en https://api.fifa.com/api/v3/timelines/400021501?language=en https://api.fifa.com/api/v3/live/football/400021500?language=en https://api.fifa.com/api/v3/timelines/400021500?language=en,2026-06-29,
Congo DR,COD,Aaron WAN-BISSAKA,Defender,281,3,3,FIFA API live/football and timelines,https://api.fifa.com/api/v3/live/football/400021502?language=en https://api.fifa.com/api/v3/timelines/400021502?language=en https://api.fifa.com/api/v3/live/football/400021501?language=en https://api.fifa.com/api/v3/timelines/400021501?language=en https://api.fifa.com/api/v3/live/football/400021500?language=en https://api.fifa.com/api/v3/timelines/400021500?language=en,2026-06-29,
Congo DR,COD,Samuel Moutoussamy,Midfielder,249,3,3,FIFA API live/football and timelines,https://api.fifa.com/api/v3/live/football/400021502?language=en https://api.fifa.com/api/v3/timelines/400021502?language=en https://api.fifa.com/api/v3/live/football/400021501?language=en https://api.fifa.com/api/v3/timelines/400021501?language=en https://api.fifa.com/api/v3/live/football/400021500?language=en https://api.fifa.com/api/v3/timelines/400021500?language=en,2026-06-29,
Congo DR,COD,Arthur MASUAKU,Defender,228,3,3,FIFA API live/football and timelines,https://api.fifa.com/api/v3/live/football/400021502?language=en https://api.fifa.com/api/v3/timelines/400021502?language=en https://api.fifa.com/api/v3/live/football/400021501?language=en https://api.fifa.com/api/v3/timelines/400021501?language=en https://api.fifa.com/api/v3/live/football/400021500?language=en https://api.fifa.com/api/v3/timelines/400021500?language=en,2026-06-29,
Congo DR,COD,Cedric BAKAMBU,Forward,193,3,3,FIFA API live/football and timelines,https://api.fifa.com/api/v3/live/football/400021502?language=en https://api.fifa.com/api/v3/timelines/400021502?language=en https://api.fifa.com/api/v3/live/football/400021501?language=en https://api.fifa.com/api/v3/timelines/400021501?language=en https://api.fifa.com/api/v3/live/football/400021500?language=en https://api.fifa.com/api/v3/timelines/400021500?language=en,2026-06-29,
Congo DR,COD,Steve KAPUADI,Defender,192,2,2,FIFA API live/football and timelines,https://api.fifa.com/api/v3/live/football/400021502?language=en https://api.fifa.com/api/v3/timelines/400021502?language=en https://api.fifa.com/api/v3/live/football/400021501?language=en https://api.fifa.com/api/v3/timelines/400021501?language=en,2026-06-29,
Congo DR,COD,Ngalayel MUKAU,Midfielder,174,2,3,FIFA API live/football and timelines,https://api.fifa.com/api/v3/live/football/400021502?language=en https://api.fifa.com/api/v3/timelines/400021502?language=en https://api.fifa.com/api/v3/live/football/400021501?language=en https://api.fifa.com/api/v3/timelines/400021501?language=en https://api.fifa.com/api/v3/live/football/400021500?language=en https://api.fifa.com/api/v3/timelines/400021500?language=en,2026-06-29,
Congo DR,COD,Edo Kayembe,Midfielder,145,2,2,FIFA API live/football and timelines,https://api.fifa.com/api/v3/live/football/400021502?language=en https://api.fifa.com/api/v3/timelines/400021502?language=en https://api.fifa.com/api/v3/live/football/400021501?language=en https://api.fifa.com/api/v3/timelines/400021501?language=en,2026-06-29,
Congo DR,COD,Noah SADIKI,Midfielder,144,1,3,FIFA API live/football and timelines,https://api.fifa.com/api/v3/live/football/400021502?language=en https://api.fifa.com/api/v3/timelines/400021502?language=en https://api.fifa.com/api/v3/live/football/400021501?language=en https://api.fifa.com/api/v3/timelines/400021501?language=en https://api.fifa.com/api/v3/live/football/400021500?language=en https://api.fifa.com/api/v3/timelines/400021500?language=en,2026-06-29,
Congo DR,COD,Nathanael MBUKU,Midfielder,87,1,2,FIFA API live/football and timelines,https://api.fifa.com/api/v3/live/football/400021501?language=en https://api.fifa.com/api/v3/timelines/400021501?language=en https://api.fifa.com/api/v3/live/football/400021500?language=en https://api.fifa.com/api/v3/timelines/400021500?language=en,2026-06-29,
Congo DR,COD,Brian CIPENGA,Forward,72,1,1,FIFA API live/football and timelines,https://api.fifa.com/api/v3/live/football/400021500?language=en https://api.fifa.com/api/v3/timelines/400021500?language=en,2026-06-29,
Congo DR,COD,Joris KAYEMBE,Defender,63,0,3,FIFA API live/football and timelines,https://api.fifa.com/api/v3/live/football/400021502?language=en https://api.fifa.com/api/v3/timelines/400021502?language=en https://api.fifa.com/api/v3/live/football/400021501?language=en https://api.fifa.com/api/v3/timelines/400021501?language=en https://api.fifa.com/api/v3/live/football/400021500?language=en https://api.fifa.com/api/v3/timelines/400021500?language=en,2026-06-29,
Congo DR,COD,Simon BANZA,Forward,50,0,2,FIFA API live/football and timelines,https://api.fifa.com/api/v3/live/football/400021502?language=en https://api.fifa.com/api/v3/timelines/400021502?language=en https://api.fifa.com/api/v3/live/football/400021501?language=en https://api.fifa.com/api/v3/timelines/400021501?language=en,2026-06-29,
Congo DR,COD,Fiston MAYELE,Forward,48,0,1,FIFA API live/football and timelines,https://api.fifa.com/api/v3/live/football/400021500?language=en https://api.fifa.com/api/v3/timelines/400021500?language=en,2026-06-29,
Congo DR,COD,Charles PICKEL,Midfielder,47,0,2,FIFA API live/football and timelines,https://api.fifa.com/api/v3/live/football/400021502?language=en https://api.fifa.com/api/v3/timelines/400021502?language=en https://api.fifa.com/api/v3/live/football/400021501?language=en https://api.fifa.com/api/v3/timelines/400021501?language=en,2026-06-29,
Congo DR,COD,Meschack ELIA,Forward,27,0,1,FIFA API live/football and timelines,https://api.fifa.com/api/v3/live/football/400021500?language=en https://api.fifa.com/api/v3/timelines/400021500?language=en,2026-06-29,
Congo DR,COD,Theo BONGONDA,Midfielder,27,0,1,FIFA API live/football and timelines,https://api.fifa.com/api/v3/live/football/400021500?language=en https://api.fifa.com/api/v3/timelines/400021500?language=en,2026-06-29,
Congo DR,COD,Gedeon KALULU,Defender,10,0,1,FIFA API live/football and timelines,https://api.fifa.com/api/v3/live/football/400021502?language=en https://api.fifa.com/api/v3/timelines/400021502?language=en,2026-06-29,
Croatia,CRO,Dominik LIVAKOVIC,Goalkeeper,291,3,3,FIFA API live/football and timelines,https://api.fifa.com/api/v3/live/football/400021507?language=en https://api.fifa.com/api/v3/timelines/400021507?language=en https://api.fifa.com/api/v3/live/football/400021511?language=en https://api.fifa.com/api/v3/timelines/400021511?language=en https://api.fifa.com/api/v3/live/football/400021509?language=en https://api.fifa.com/api/v3/timelines/400021509?language=en,2026-06-29,
Croatia,CRO,Ivan PERISIC,Forward,291,3,3,FIFA API live/football and timelines,https://api.fifa.com/api/v3/live/football/400021507?language=en https://api.fifa.com/api/v3/timelines/400021507?language=en https://api.fifa.com/api/v3/live/football/400021511?language=en https://api.fifa.com/api/v3/timelines/400021511?language=en https://api.fifa.com/api/v3/live/football/400021509?language=en https://api.fifa.com/api/v3/timelines/400021509?language=en,2026-06-29,
Croatia,CRO,Josip STANISIC,Defender,291,3,3,FIFA API live/football and timelines,https://api.fifa.com/api/v3/live/football/400021507?language=en https://api.fifa.com/api/v3/timelines/400021507?language=en https://api.fifa.com/api/v3/live/football/400021511?language=en https://api.fifa.com/api/v3/timelines/400021511?language=en https://api.fifa.com/api/v3/live/football/400021509?language=en https://api.fifa.com/api/v3/timelines/400021509?language=en,2026-06-29,
Croatia,CRO,Josip SUTALO,Defender,291,3,3,FIFA API live/football and timelines,https://api.fifa.com/api/v3/live/football/400021507?language=en https://api.fifa.com/api/v3/timelines/400021507?language=en https://api.fifa.com/api/v3/live/football/400021511?language=en https://api.fifa.com/api/v3/timelines/400021511?language=en https://api.fifa.com/api/v3/live/football/400021509?language=en https://api.fifa.com/api/v3/timelines/400021509?language=en,2026-06-29,
Croatia,CRO,Martin BATURINA,Midfielder,262,3,3,FIFA API live/football and timelines,https://api.fifa.com/api/v3/live/football/400021507?language=en https://api.fifa.com/api/v3/timelines/400021507?language=en https://api.fifa.com/api/v3/live/football/400021511?language=en https://api.fifa.com/api/v3/timelines/400021511?language=en https://api.fifa.com/api/v3/live/football/400021509?language=en https://api.fifa.com/api/v3/timelines/400021509?language=en,2026-06-29,
Croatia,CRO,Luka MODRIC,Midfielder,237,3,3,FIFA API live/football and timelines,https://api.fifa.com/api/v3/live/football/400021507?language=en https://api.fifa.com/api/v3/timelines/400021507?language=en https://api.fifa.com/api/v3/live/football/400021511?language=en https://api.fifa.com/api/v3/timelines/400021511?language=en https://api.fifa.com/api/v3/live/football/400021509?language=en https://api.fifa.com/api/v3/timelines/400021509?language=en,2026-06-29,
Croatia,CRO,Petar SUCIC,Midfielder,219,2,3,FIFA API live/football and timelines,https://api.fifa.com/api/v3/live/football/400021507?language=en https://api.fifa.com/api/v3/timelines/400021507?language=en https://api.fifa.com/api/v3/live/football/400021511?language=en https://api.fifa.com/api/v3/timelines/400021511?language=en https://api.fifa.com/api/v3/live/football/400021509?language=en https://api.fifa.com/api/v3/timelines/400021509?language=en,2026-06-29,
Croatia,CRO,Josko GVARDIOL,Defender,197,2,3,FIFA API live/football and timelines,https://api.fifa.com/api/v3/live/football/400021507?language=en https://api.fifa.com/api/v3/timelines/400021507?language=en https://api.fifa.com/api/v3/live/football/400021511?language=en https://api.fifa.com/api/v3/timelines/400021511?language=en https://api.fifa.com/api/v3/live/football/400021509?language=en https://api.fifa.com/api/v3/timelines/400021509?language=en,2026-06-29,
Croatia,CRO,Marin PONGRACIC,Defender,194,2,2,FIFA API live/football and timelines,https://api.fifa.com/api/v3/live/football/400021511?language=en https://api.fifa.com/api/v3/timelines/400021511?language=en https://api.fifa.com/api/v3/live/football/400021509?language=en https://api.fifa.com/api/v3/timelines/400021509?language=en,2026-06-29,
Croatia,CRO,Mateo KOVACIC,Midfielder,189,2,3,FIFA API live/football and timelines,https://api.fifa.com/api/v3/live/football/400021507?language=en https://api.fifa.com/api/v3/timelines/400021507?language=en https://api.fifa.com/api/v3/live/football/400021511?language=en https://api.fifa.com/api/v3/timelines/400021511?language=en https://api.fifa.com/api/v3/live/football/400021509?language=en https://api.fifa.com/api/v3/timelines/400021509?language=en,2026-06-29,
Croatia,CRO,Petar Musa,Forward,156,2,2,FIFA API live/football and timelines,https://api.fifa.com/api/v3/live/football/400021507?language=en https://api.fifa.com/api/v3/timelines/400021507?language=en https://api.fifa.com/api/v3/live/football/400021511?language=en https://api.fifa.com/api/v3/timelines/400021511?language=en,2026-06-29,
Croatia,CRO,Marco PASALIC,Forward,113,1,3,FIFA API live/football and timelines,https://api.fifa.com/api/v3/live/football/400021507?language=en https://api.fifa.com/api/v3/timelines/400021507?language=en https://api.fifa.com/api/v3/live/football/400021511?language=en https://api.fifa.com/api/v3/timelines/400021511?language=en https://api.fifa.com/api/v3/live/football/400021509?language=en https://api.fifa.com/api/v3/timelines/400021509?language=en,2026-06-29,
Croatia,CRO,Mario PASALIC,Midfielder,113,1,3,FIFA API live/football and timelines,https://api.fifa.com/api/v3/live/football/400021507?language=en https://api.fifa.com/api/v3/timelines/400021507?language=en https://api.fifa.com/api/v3/live/football/400021511?language=en https://api.fifa.com/api/v3/timelines/400021511?language=en https://api.fifa.com/api/v3/live/football/400021509?language=en https://api.fifa.com/api/v3/timelines/400021509?language=en,2026-06-29,
Croatia,CRO,Nikola VLASIC,Midfielder,107,1,2,FIFA API live/football and timelines,https://api.fifa.com/api/v3/live/football/400021507?language=en https://api.fifa.com/api/v3/timelines/400021507?language=en https://api.fifa.com/api/v3/live/football/400021509?language=en https://api.fifa.com/api/v3/timelines/400021509?language=en,2026-06-29,
Croatia,CRO,Ante BUDIMIR,Forward,72,1,2,FIFA API live/football and timelines,https://api.fifa.com/api/v3/live/football/400021511?language=en https://api.fifa.com/api/v3/timelines/400021511?language=en https://api.fifa.com/api/v3/live/football/400021509?language=en https://api.fifa.com/api/v3/timelines/400021509?language=en,2026-06-29,
Croatia,CRO,Luka VUSKOVIC,Defender,66,1,1,FIFA API live/football and timelines,https://api.fifa.com/api/v3/live/football/400021507?language=en https://api.fifa.com/api/v3/timelines/400021507?language=en,2026-06-29,
Croatia,CRO,Igor MATANOVIC,Forward,63,0,2,FIFA API live/football and timelines,https://api.fifa.com/api/v3/live/football/400021507?language=en https://api.fifa.com/api/v3/timelines/400021507?language=en https://api.fifa.com/api/v3/live/football/400021509?language=en https://api.fifa.com/api/v3/timelines/400021509?language=en,2026-06-29,
Croatia,CRO,Andrej KRAMARIC,Forward,25,0,2,FIFA API live/football and timelines,https://api.fifa.com/api/v3/live/football/400021507?language=en https://api.fifa.com/api/v3/timelines/400021507?language=en https://api.fifa.com/api/v3/live/football/400021511?language=en https://api.fifa.com/api/v3/timelines/400021511?language=en,2026-06-29,
Croatia,CRO,Luka SUCIC,Midfielder,24,0,1,FIFA API live/football and timelines,https://api.fifa.com/api/v3/live/football/400021511?language=en https://api.fifa.com/api/v3/timelines/400021511?language=en,2026-06-29,
Curaçao,CUW,Armando OBISPO,Defender,289,3,3,FIFA API live/football and timelines,https://api.fifa.com/api/v3/live/football/400021464?language=en https://api.fifa.com/api/v3/timelines/400021464?language=en https://api.fifa.com/api/v3/live/football/400021465?language=en https://api.fifa.com/api/v3/timelines/400021465?language=en https://api.fifa.com/api/v3/live/football/400021468?language=en https://api.fifa.com/api/v3/timelines/400021468?language=en,2026-06-29,
Curaçao,CUW,Eloy ROOM,Goalkeeper,289,3,3,FIFA API live/football and timelines,https://api.fifa.com/api/v3/live/football/400021464?language=en https://api.fifa.com/api/v3/timelines/400021464?language=en https://api.fifa.com/api/v3/live/football/400021465?language=en https://api.fifa.com/api/v3/timelines/400021465?language=en https://api.fifa.com/api/v3/live/football/400021468?language=en https://api.fifa.com/api/v3/timelines/400021468?language=en,2026-06-29,
Curaçao,CUW,Leandro BACUNA,Midfielder,289,3,3,FIFA API live/football and timelines,https://api.fifa.com/api/v3/live/football/400021464?language=en https://api.fifa.com/api/v3/timelines/400021464?language=en https://api.fifa.com/api/v3/live/football/400021465?language=en https://api.fifa.com/api/v3/timelines/400021465?language=en https://api.fifa.com/api/v3/live/football/400021468?language=en https://api.fifa.com/api/v3/timelines/400021468?language=en,2026-06-29,
Curaçao,CUW,Sherel FLORANUS,Defender,289,3,3,FIFA API live/football and timelines,https://api.fifa.com/api/v3/live/football/400021464?language=en https://api.fifa.com/api/v3/timelines/400021464?language=en https://api.fifa.com/api/v3/live/football/400021465?language=en https://api.fifa.com/api/v3/timelines/400021465?language=en https://api.fifa.com/api/v3/live/football/400021468?language=en https://api.fifa.com/api/v3/timelines/400021468?language=en,2026-06-29,
Curaçao,CUW,Juninho BACUNA,Midfielder,268,3,3,FIFA API live/football and timelines,https://api.fifa.com/api/v3/live/football/400021464?language=en https://api.fifa.com/api/v3/timelines/400021464?language=en https://api.fifa.com/api/v3/live/football/400021465?language=en https://api.fifa.com/api/v3/timelines/400021465?language=en https://api.fifa.com/api/v3/live/football/400021468?language=en https://api.fifa.com/api/v3/timelines/400021468?language=en,2026-06-29,
Curaçao,CUW,Tahith CHONG,Midfielder,254,3,3,FIFA API live/football and timelines,https://api.fifa.com/api/v3/live/football/400021464?language=en https://api.fifa.com/api/v3/timelines/400021464?language=en https://api.fifa.com/api/v3/live/football/400021465?language=en https://api.fifa.com/api/v3/timelines/400021465?language=en https://api.fifa.com/api/v3/live/football/400021468?language=en https://api.fifa.com/api/v3/timelines/400021468?language=en,2026-06-29,
Curaçao,CUW,Deveron FONVILLE,Defender,248,3,3,FIFA API live/football and timelines,https://api.fifa.com/api/v3/live/football/400021464?language=en https://api.fifa.com/api/v3/timelines/400021464?language=en https://api.fifa.com/api/v3/live/football/400021465?language=en https://api.fifa.com/api/v3/timelines/400021465?language=en https://api.fifa.com/api/v3/live/football/400021468?language=en https://api.fifa.com/api/v3/timelines/400021468?language=en,2026-06-29,
Curaçao,CUW,Livano COMENENCIA,Midfielder,240,3,3,FIFA API live/football and timelines,https://api.fifa.com/api/v3/live/football/400021464?language=en https://api.fifa.com/api/v3/timelines/400021464?language=en https://api.fifa.com/api/v3/live/football/400021465?language=en https://api.fifa.com/api/v3/timelines/400021465?language=en https://api.fifa.com/api/v3/live/football/400021468?language=en https://api.fifa.com/api/v3/timelines/400021468?language=en,2026-06-29,
Curaçao,CUW,Juergen LOCADIA,Forward,238,3,3,FIFA API live/football and timelines,https://api.fifa.com/api/v3/live/football/400021464?language=en https://api.fifa.com/api/v3/timelines/400021464?language=en https://api.fifa.com/api/v3/live/football/400021465?language=en https://api.fifa.com/api/v3/timelines/400021465?language=en https://api.fifa.com/api/v3/live/football/400021468?language=en https://api.fifa.com/api/v3/timelines/400021468?language=en,2026-06-29,
Curaçao,CUW,Joshua BRENET,Defender,186,2,2,FIFA API live/football and timelines,https://api.fifa.com/api/v3/live/football/400021465?language=en https://api.fifa.com/api/v3/timelines/400021465?language=en https://api.fifa.com/api/v3/live/football/400021468?language=en https://api.fifa.com/api/v3/timelines/400021468?language=en,2026-06-29,
Curaçao,CUW,Jurien GAARI,Defender,173,2,2,FIFA API live/football and timelines,https://api.fifa.com/api/v3/live/football/400021465?language=en https://api.fifa.com/api/v3/timelines/400021465?language=en https://api.fifa.com/api/v3/live/football/400021468?language=en https://api.fifa.com/api/v3/timelines/400021468?language=en,2026-06-29,
Curaçao,CUW,Riechedly Bazoer,Defender,96,1,1,FIFA API live/football and timelines,https://api.fifa.com/api/v3/live/football/400021464?language=en https://api.fifa.com/api/v3/timelines/400021464?language=en,2026-06-29,
Curaçao,CUW,Sontje HANSEN,Forward,90,1,1,FIFA API live/football and timelines,https://api.fifa.com/api/v3/live/football/400021464?language=en https://api.fifa.com/api/v3/timelines/400021464?language=en,2026-06-29,
Curaçao,CUW,Jearl MARGARITHA,Forward,52,0,2,FIFA API live/football and timelines,https://api.fifa.com/api/v3/live/football/400021464?language=en https://api.fifa.com/api/v3/timelines/400021464?language=en https://api.fifa.com/api/v3/live/football/400021465?language=en https://api.fifa.com/api/v3/timelines/400021465?language=en,2026-06-29,
Curaçao,CUW,Gervane KASTANEER,Forward,47,0,3,FIFA API live/football and timelines,https://api.fifa.com/api/v3/live/football/400021464?language=en https://api.fifa.com/api/v3/timelines/400021464?language=en https://api.fifa.com/api/v3/live/football/400021465?language=en https://api.fifa.com/api/v3/timelines/400021465?language=en https://api.fifa.com/api/v3/live/football/400021468?language=en https://api.fifa.com/api/v3/timelines/400021468?language=en,2026-06-29,
Curaçao,CUW,Jeremy Antonisse,Forward,42,0,2,FIFA API live/football and timelines,https://api.fifa.com/api/v3/live/football/400021464?language=en https://api.fifa.com/api/v3/timelines/400021464?language=en https://api.fifa.com/api/v3/live/football/400021468?language=en https://api.fifa.com/api/v3/timelines/400021468?language=en,2026-06-29,
Curaçao,CUW,Kenji GORRE,Forward,21,0,1,FIFA API live/football and timelines,https://api.fifa.com/api/v3/live/football/400021465?language=en https://api.fifa.com/api/v3/timelines/400021465?language=en,2026-06-29,
Curaçao,CUW,Roshon VAN EIJMA,Defender,21,0,1,FIFA API live/football and timelines,https://api.fifa.com/api/v3/live/football/400021465?language=en https://api.fifa.com/api/v3/timelines/400021465?language=en,2026-06-29,
Curaçao,CUW,Tyrese NOSLIN,Forward,20,0,1,FIFA API live/football and timelines,https://api.fifa.com/api/v3/live/football/400021468?language=en https://api.fifa.com/api/v3/timelines/400021468?language=en,2026-06-29,
Curaçao,CUW,Godfried ROEMERATOE,Midfielder,13,0,1,FIFA API live/football and timelines,https://api.fifa.com/api/v3/live/football/400021465?language=en https://api.fifa.com/api/v3/timelines/400021465?language=en,2026-06-29,
Curaçao,CUW,Brandley KUWAS,Forward,7,0,1,FIFA API live/football and timelines,https://api.fifa.com/api/v3/live/football/400021468?language=en https://api.fifa.com/api/v3/timelines/400021468?language=en,2026-06-29,
Curaçao,CUW,Shurandy SAMBO,Defender,7,0,1,FIFA API live/football and timelines,https://api.fifa.com/api/v3/live/football/400021468?language=en https://api.fifa.com/api/v3/timelines/400021468?language=en,2026-06-29,
Czechia,CZE,Ladislav KREJCI,Defender,292,3,3,FIFA API live/football and timelines,https://api.fifa.com/api/v3/live/football/400021441?language=en https://api.fifa.com/api/v3/timelines/400021441?language=en https://api.fifa.com/api/v3/live/football/400021440?language=en https://api.fifa.com/api/v3/timelines/400021440?language=en https://api.fifa.com/api/v3/live/football/400021444?language=en https://api.fifa.com/api/v3/timelines/400021444?language=en,2026-06-29,
Czechia,CZE,Matej KOVAR,Goalkeeper,292,3,3,FIFA API live/football and timelines,https://api.fifa.com/api/v3/live/football/400021441?language=en https://api.fifa.com/api/v3/timelines/400021441?language=en https://api.fifa.com/api/v3/live/football/400021440?language=en https://api.fifa.com/api/v3/timelines/400021440?language=en https://api.fifa.com/api/v3/live/football/400021444?language=en https://api.fifa.com/api/v3/timelines/400021444?language=en,2026-06-29,
Czechia,CZE,Robin HRANAC,Defender,292,3,3,FIFA API live/football and timelines,https://api.fifa.com/api/v3/live/football/400021441?language=en https://api.fifa.com/api/v3/timelines/400021441?language=en https://api.fifa.com/api/v3/live/football/400021440?language=en https://api.fifa.com/api/v3/timelines/400021440?language=en https://api.fifa.com/api/v3/live/football/400021444?language=en https://api.fifa.com/api/v3/timelines/400021444?language=en,2026-06-29,
Czechia,CZE,Vladimir COUFAL,Defender,292,3,3,FIFA API live/football and timelines,https://api.fifa.com/api/v3/live/football/400021441?language=en https://api.fifa.com/api/v3/timelines/400021441?language=en https://api.fifa.com/api/v3/live/football/400021440?language=en https://api.fifa.com/api/v3/timelines/400021440?language=en https://api.fifa.com/api/v3/live/football/400021444?language=en https://api.fifa.com/api/v3/timelines/400021444?language=en,2026-06-29,
Czechia,CZE,Pavel SULC,Forward,203,2,3,FIFA API live/football and timelines,https://api.fifa.com/api/v3/live/football/400021441?language=en https://api.fifa.com/api/v3/timelines/400021441?language=en https://api.fifa.com/api/v3/live/football/400021440?language=en https://api.fifa.com/api/v3/timelines/400021440?language=en https://api.fifa.com/api/v3/live/football/400021444?language=en https://api.fifa.com/api/v3/timelines/400021444?language=en,2026-06-29,
Czechia,CZE,Michal SADILEK,Midfielder,198,2,3,FIFA API live/football and timelines,https://api.fifa.com/api/v3/live/football/400021441?language=en https://api.fifa.com/api/v3/timelines/400021441?language=en https://api.fifa.com/api/v3/live/football/400021440?language=en https://api.fifa.com/api/v3/timelines/400021440?language=en https://api.fifa.com/api/v3/live/football/400021444?language=en https://api.fifa.com/api/v3/timelines/400021444?language=en,2026-06-29,
Czechia,CZE,Patrik Schick,Forward,194,2,3,FIFA API live/football and timelines,https://api.fifa.com/api/v3/live/football/400021441?language=en https://api.fifa.com/api/v3/timelines/400021441?language=en https://api.fifa.com/api/v3/live/football/400021440?language=en https://api.fifa.com/api/v3/timelines/400021440?language=en https://api.fifa.com/api/v3/live/football/400021444?language=en https://api.fifa.com/api/v3/timelines/400021444?language=en,2026-06-29,
Czechia,CZE,Adam HLOZEK,Forward,165,2,3,FIFA API live/football and timelines,https://api.fifa.com/api/v3/live/football/400021441?language=en https://api.fifa.com/api/v3/timelines/400021441?language=en https://api.fifa.com/api/v3/live/football/400021440?language=en https://api.fifa.com/api/v3/timelines/400021440?language=en https://api.fifa.com/api/v3/live/football/400021444?language=en https://api.fifa.com/api/v3/timelines/400021444?language=en,2026-06-29,
Czechia,CZE,Lukas CERV,Midfielder,165,2,2,FIFA API live/football and timelines,https://api.fifa.com/api/v3/live/football/400021440?language=en https://api.fifa.com/api/v3/timelines/400021440?language=en https://api.fifa.com/api/v3/live/football/400021444?language=en https://api.fifa.com/api/v3/timelines/400021444?language=en,2026-06-29,
Czechia,CZE,Tomas HOLES,Defender,162,2,2,FIFA API live/football and timelines,https://api.fifa.com/api/v3/live/football/400021440?language=en https://api.fifa.com/api/v3/timelines/400021440?language=en https://api.fifa.com/api/v3/live/football/400021444?language=en https://api.fifa.com/api/v3/timelines/400021444?language=en,2026-06-29,
Czechia,CZE,Tomas SOUCEK,Midfielder,161,1,3,FIFA API live/football and timelines,https://api.fifa.com/api/v3/live/football/400021441?language=en https://api.fifa.com/api/v3/timelines/400021441?language=en https://api.fifa.com/api/v3/live/football/400021440?language=en https://api.fifa.com/api/v3/timelines/400021440?language=en https://api.fifa.com/api/v3/live/football/400021444?language=en https://api.fifa.com/api/v3/timelines/400021444?language=en,2026-06-29,
Czechia,CZE,Alexandr SOJKA,Midfielder,149,2,3,FIFA API live/football and timelines,https://api.fifa.com/api/v3/live/football/400021441?language=en https://api.fifa.com/api/v3/timelines/400021441?language=en https://api.fifa.com/api/v3/live/football/400021440?language=en https://api.fifa.com/api/v3/timelines/400021440?language=en https://api.fifa.com/api/v3/live/football/400021444?language=en https://api.fifa.com/api/v3/timelines/400021444?language=en,2026-06-29,
Czechia,CZE,Jaroslav ZELENY,Defender,140,1,2,FIFA API live/football and timelines,https://api.fifa.com/api/v3/live/football/400021441?language=en https://api.fifa.com/api/v3/timelines/400021441?language=en https://api.fifa.com/api/v3/live/football/400021440?language=en https://api.fifa.com/api/v3/timelines/400021440?language=en,2026-06-29,
Czechia,CZE,Lukas PROVOD,Midfielder,135,1,3,FIFA API live/football and timelines,https://api.fifa.com/api/v3/live/football/400021441?language=en https://api.fifa.com/api/v3/timelines/400021441?language=en https://api.fifa.com/api/v3/live/football/400021440?language=en https://api.fifa.com/api/v3/timelines/400021440?language=en https://api.fifa.com/api/v3/live/football/400021444?language=en https://api.fifa.com/api/v3/timelines/400021444?language=en,2026-06-29,
Czechia,CZE,David DOUDERA,Defender,97,1,1,FIFA API live/football and timelines,https://api.fifa.com/api/v3/live/football/400021444?language=en https://api.fifa.com/api/v3/timelines/400021444?language=en,2026-06-29,
Czechia,CZE,Stepan CHALOUPEK,Defender,97,1,1,FIFA API live/football and timelines,https://api.fifa.com/api/v3/live/football/400021441?language=en https://api.fifa.com/api/v3/timelines/400021441?language=en,2026-06-29,
Czechia,CZE,Denis VISINSKY,Forward,56,1,1,FIFA API live/football and timelines,https://api.fifa.com/api/v3/live/football/400021444?language=en https://api.fifa.com/api/v3/timelines/400021444?language=en,2026-06-29,
Czechia,CZE,Vladimir DARIDA,Midfielder,55,1,1,FIFA API live/football and timelines,https://api.fifa.com/api/v3/live/football/400021440?language=en https://api.fifa.com/api/v3/timelines/400021440?language=en,2026-06-29,
Czechia,CZE,Tomas CHORY,Forward,44,0,2,FIFA API live/football and timelines,https://api.fifa.com/api/v3/live/football/400021441?language=en https://api.fifa.com/api/v3/timelines/400021441?language=en https://api.fifa.com/api/v3/live/football/400021444?language=en https://api.fifa.com/api/v3/timelines/400021444?language=en,2026-06-29,
Czechia,CZE,David Zima,Defender,20,0,1,FIFA API live/football and timelines,https://api.fifa.com/api/v3/live/football/400021440?language=en https://api.fifa.com/api/v3/timelines/400021440?language=en,2026-06-29,
Czechia,CZE,Mojmir CHYTIL,Forward,13,0,1,FIFA API live/football and timelines,https://api.fifa.com/api/v3/live/football/400021441?language=en https://api.fifa.com/api/v3/timelines/400021441?language=en,2026-06-29,
Côte d'Ivoire,CIV,Yahia Fofana,Goalkeeper,294,3,3,FIFA API live/football and timelines,https://api.fifa.com/api/v3/live/football/400021467?language=en https://api.fifa.com/api/v3/timelines/400021467?language=en https://api.fifa.com/api/v3/live/football/400021469?language=en https://api.fifa.com/api/v3/timelines/400021469?language=en https://api.fifa.com/api/v3/live/football/400021468?language=en https://api.fifa.com/api/v3/timelines/400021468?language=en,2026-06-29,
Côte d'Ivoire,CIV,Franck KESSIE,Midfielder,274,3,3,FIFA API live/football and timelines,https://api.fifa.com/api/v3/live/football/400021467?language=en https://api.fifa.com/api/v3/timelines/400021467?language=en https://api.fifa.com/api/v3/live/football/400021469?language=en https://api.fifa.com/api/v3/timelines/400021469?language=en https://api.fifa.com/api/v3/live/football/400021468?language=en https://api.fifa.com/api/v3/timelines/400021468?language=en,2026-06-29,
Côte d'Ivoire,CIV,Yan DIOMANDE,Forward,251,3,3,FIFA API live/football and timelines,https://api.fifa.com/api/v3/live/football/400021467?language=en https://api.fifa.com/api/v3/timelines/400021467?language=en https://api.fifa.com/api/v3/live/football/400021469?language=en https://api.fifa.com/api/v3/timelines/400021469?language=en https://api.fifa.com/api/v3/live/football/400021468?language=en https://api.fifa.com/api/v3/timelines/400021468?language=en,2026-06-29,
Côte d'Ivoire,CIV,Amad DIALLO,Forward,208,2,3,FIFA API live/football and timelines,https://api.fifa.com/api/v3/live/football/400021467?language=en https://api.fifa.com/api/v3/timelines/400021467?language=en https://api.fifa.com/api/v3/live/football/400021469?language=en https://api.fifa.com/api/v3/timelines/400021469?language=en https://api.fifa.com/api/v3/live/football/400021468?language=en https://api.fifa.com/api/v3/timelines/400021468?language=en,2026-06-29,
Côte d'Ivoire,CIV,Odilon KOSSOUNOU,Defender,205,2,3,FIFA API live/football and timelines,https://api.fifa.com/api/v3/live/football/400021467?language=en https://api.fifa.com/api/v3/timelines/400021467?language=en https://api.fifa.com/api/v3/live/football/400021469?language=en https://api.fifa.com/api/v3/timelines/400021469?language=en https://api.fifa.com/api/v3/live/football/400021468?language=en https://api.fifa.com/api/v3/timelines/400021468?language=en,2026-06-29,
Côte d'Ivoire,CIV,Guela DOUE,Defender,202,2,3,FIFA API live/football and timelines,https://api.fifa.com/api/v3/live/football/400021467?language=en https://api.fifa.com/api/v3/timelines/400021467?language=en https://api.fifa.com/api/v3/live/football/400021469?language=en https://api.fifa.com/api/v3/timelines/400021469?language=en https://api.fifa.com/api/v3/live/football/400021468?language=en https://api.fifa.com/api/v3/timelines/400021468?language=en,2026-06-29,
Côte d'Ivoire,CIV,Emmanuel AGBADOU,Defender,197,2,2,FIFA API live/football and timelines,https://api.fifa.com/api/v3/live/football/400021467?language=en https://api.fifa.com/api/v3/timelines/400021467?language=en https://api.fifa.com/api/v3/live/football/400021469?language=en https://api.fifa.com/api/v3/timelines/400021469?language=en,2026-06-29,
Côte d'Ivoire,CIV,Ghislain KONAN,Defender,197,2,2,FIFA API live/football and timelines,https://api.fifa.com/api/v3/live/football/400021467?language=en https://api.fifa.com/api/v3/timelines/400021467?language=en https://api.fifa.com/api/v3/live/football/400021469?language=en https://api.fifa.com/api/v3/timelines/400021469?language=en,2026-06-29,
Côte d'Ivoire,CIV,Ibrahim SANGARE,Midfielder,194,2,3,FIFA API live/football and timelines,https://api.fifa.com/api/v3/live/football/400021467?language=en https://api.fifa.com/api/v3/timelines/400021467?language=en https://api.fifa.com/api/v3/live/football/400021469?language=en https://api.fifa.com/api/v3/timelines/400021469?language=en https://api.fifa.com/api/v3/live/football/400021468?language=en https://api.fifa.com/api/v3/timelines/400021468?language=en,2026-06-29,
Côte d'Ivoire,CIV,Ange-Yoan BONNY,Forward,185,2,3,FIFA API live/football and timelines,https://api.fifa.com/api/v3/live/football/400021467?language=en https://api.fifa.com/api/v3/timelines/400021467?language=en https://api.fifa.com/api/v3/live/football/400021469?language=en https://api.fifa.com/api/v3/timelines/400021469?language=en https://api.fifa.com/api/v3/live/football/400021468?language=en https://api.fifa.com/api/v3/timelines/400021468?language=en,2026-06-29,
Côte d'Ivoire,CIV,Wilfried SINGO,Defender,181,2,2,FIFA API live/football and timelines,https://api.fifa.com/api/v3/live/football/400021467?language=en https://api.fifa.com/api/v3/timelines/400021467?language=en https://api.fifa.com/api/v3/live/football/400021469?language=en https://api.fifa.com/api/v3/timelines/400021469?language=en,2026-06-29,
Côte d'Ivoire,CIV,Nicolas PEPE,Forward,157,2,3,FIFA API live/football and timelines,https://api.fifa.com/api/v3/live/football/400021467?language=en https://api.fifa.com/api/v3/timelines/400021467?language=en https://api.fifa.com/api/v3/live/football/400021469?language=en https://api.fifa.com/api/v3/timelines/400021469?language=en https://api.fifa.com/api/v3/live/football/400021468?language=en https://api.fifa.com/api/v3/timelines/400021468?language=en,2026-06-29,
Côte d'Ivoire,CIV,Christ Inao OULAI,Midfielder,127,1,3,FIFA API live/football and timelines,https://api.fifa.com/api/v3/live/football/400021467?language=en https://api.fifa.com/api/v3/timelines/400021467?language=en https://api.fifa.com/api/v3/live/football/400021469?language=en https://api.fifa.com/api/v3/timelines/400021469?language=en https://api.fifa.com/api/v3/live/football/400021468?language=en https://api.fifa.com/api/v3/timelines/400021468?language=en,2026-06-29,
Côte d'Ivoire,CIV,Seko Fofana,Midfielder,100,1,2,FIFA API live/football and timelines,https://api.fifa.com/api/v3/live/football/400021467?language=en https://api.fifa.com/api/v3/timelines/400021467?language=en https://api.fifa.com/api/v3/live/football/400021469?language=en https://api.fifa.com/api/v3/timelines/400021469?language=en,2026-06-29,
Côte d'Ivoire,CIV,Christopher OPERI,Defender,97,1,1,FIFA API live/football and timelines,https://api.fifa.com/api/v3/live/football/400021468?language=en https://api.fifa.com/api/v3/timelines/400021468?language=en,2026-06-29,
Côte d'Ivoire,CIV,Ousmane DIOMANDE,Defender,97,1,1,FIFA API live/football and timelines,https://api.fifa.com/api/v3/live/football/400021468?language=en https://api.fifa.com/api/v3/timelines/400021468?language=en,2026-06-29,
Côte d'Ivoire,CIV,Bazoumana TOURE,Forward,86,1,2,FIFA API live/football and timelines,https://api.fifa.com/api/v3/live/football/400021467?language=en https://api.fifa.com/api/v3/timelines/400021467?language=en https://api.fifa.com/api/v3/live/football/400021468?language=en https://api.fifa.com/api/v3/timelines/400021468?language=en,2026-06-29,
Côte d'Ivoire,CIV,Elye WAHI,Forward,86,1,2,FIFA API live/football and timelines,https://api.fifa.com/api/v3/live/football/400021467?language=en https://api.fifa.com/api/v3/timelines/400021467?language=en https://api.fifa.com/api/v3/live/football/400021468?language=en https://api.fifa.com/api/v3/timelines/400021468?language=en,2026-06-29,
Côte d'Ivoire,CIV,Oumar DIAKITE,Forward,30,0,1,FIFA API live/football and timelines,https://api.fifa.com/api/v3/live/football/400021468?language=en https://api.fifa.com/api/v3/timelines/400021468?language=en,2026-06-29,
Côte d'Ivoire,CIV,Evann GUESSAND,Forward,23,0,1,FIFA API live/football and timelines,https://api.fifa.com/api/v3/live/football/400021469?language=en https://api.fifa.com/api/v3/timelines/400021469?language=en,2026-06-29,
Côte d'Ivoire,CIV,Simon ADINGRA,Forward,23,0,1,FIFA API live/football and timelines,https://api.fifa.com/api/v3/live/football/400021469?language=en https://api.fifa.com/api/v3/timelines/400021469?language=en,2026-06-29,
Côte d'Ivoire,CIV,Jean Michael SERI,Midfielder,20,0,1,FIFA API live/football and timelines,https://api.fifa.com/api/v3/live/football/400021468?language=en https://api.fifa.com/api/v3/timelines/400021468?language=en,2026-06-29,
Ecuador,ECU,Gonzalo PLATA,Forward,293,3,3,FIFA API live/football and timelines,https://api.fifa.com/api/v3/live/football/400021467?language=en https://api.fifa.com/api/v3/timelines/400021467?language=en https://api.fifa.com/api/v3/live/football/400021465?language=en https://api.fifa.com/api/v3/timelines/400021465?language=en https://api.fifa.com/api/v3/live/football/400021466?language=en https://api.fifa.com/api/v3/timelines/400021466?language=en,2026-06-29,
Ecuador,ECU,Hernan GALINDEZ,Goalkeeper,293,3,3,FIFA API live/football and timelines,https://api.fifa.com/api/v3/live/football/400021467?language=en https://api.fifa.com/api/v3/timelines/400021467?language=en https://api.fifa.com/api/v3/live/football/400021465?language=en https://api.fifa.com/api/v3/timelines/400021465?language=en https://api.fifa.com/api/v3/live/football/400021466?language=en https://api.fifa.com/api/v3/timelines/400021466?language=en,2026-06-29,
Ecuador,ECU,Moises CAICEDO,Midfielder,293,3,3,FIFA API live/football and timelines,https://api.fifa.com/api/v3/live/football/400021467?language=en https://api.fifa.com/api/v3/timelines/400021467?language=en https://api.fifa.com/api/v3/live/football/400021465?language=en https://api.fifa.com/api/v3/timelines/400021465?language=en https://api.fifa.com/api/v3/live/football/400021466?language=en https://api.fifa.com/api/v3/timelines/400021466?language=en,2026-06-29,
Ecuador,ECU,Pedro VITE,Midfielder,293,3,3,FIFA API live/football and timelines,https://api.fifa.com/api/v3/live/football/400021467?language=en https://api.fifa.com/api/v3/timelines/400021467?language=en https://api.fifa.com/api/v3/live/football/400021465?language=en https://api.fifa.com/api/v3/timelines/400021465?language=en https://api.fifa.com/api/v3/live/football/400021466?language=en https://api.fifa.com/api/v3/timelines/400021466?language=en,2026-06-29,
Ecuador,ECU,Willian PACHO,Defender,293,3,3,FIFA API live/football and timelines,https://api.fifa.com/api/v3/live/football/400021467?language=en https://api.fifa.com/api/v3/timelines/400021467?language=en https://api.fifa.com/api/v3/live/football/400021465?language=en https://api.fifa.com/api/v3/timelines/400021465?language=en https://api.fifa.com/api/v3/live/football/400021466?language=en https://api.fifa.com/api/v3/timelines/400021466?language=en,2026-06-29,
Ecuador,ECU,Piero HINCAPIE,Defender,266,3,3,FIFA API live/football and timelines,https://api.fifa.com/api/v3/live/football/400021467?language=en https://api.fifa.com/api/v3/timelines/400021467?language=en https://api.fifa.com/api/v3/live/football/400021465?language=en https://api.fifa.com/api/v3/timelines/400021465?language=en https://api.fifa.com/api/v3/live/football/400021466?language=en https://api.fifa.com/api/v3/timelines/400021466?language=en,2026-06-29,
Ecuador,ECU,Enner VALENCIA,Forward,237,3,3,FIFA API live/football and timelines,https://api.fifa.com/api/v3/live/football/400021467?language=en https://api.fifa.com/api/v3/timelines/400021467?language=en https://api.fifa.com/api/v3/live/football/400021465?language=en https://api.fifa.com/api/v3/timelines/400021465?language=en https://api.fifa.com/api/v3/live/football/400021466?language=en https://api.fifa.com/api/v3/timelines/400021466?language=en,2026-06-29,
Ecuador,ECU,John YEBOAH,Forward,236,3,3,FIFA API live/football and timelines,https://api.fifa.com/api/v3/live/football/400021467?language=en https://api.fifa.com/api/v3/timelines/400021467?language=en https://api.fifa.com/api/v3/live/football/400021465?language=en https://api.fifa.com/api/v3/timelines/400021465?language=en https://api.fifa.com/api/v3/live/football/400021466?language=en https://api.fifa.com/api/v3/timelines/400021466?language=en,2026-06-29,
Ecuador,ECU,Alan FRANCO,Midfielder,209,3,3,FIFA API live/football and timelines,https://api.fifa.com/api/v3/live/football/400021467?language=en https://api.fifa.com/api/v3/timelines/400021467?language=en https://api.fifa.com/api/v3/live/football/400021465?language=en https://api.fifa.com/api/v3/timelines/400021465?language=en https://api.fifa.com/api/v3/live/football/400021466?language=en https://api.fifa.com/api/v3/timelines/400021466?language=en,2026-06-29,
Ecuador,ECU,Joel ORDONEZ,Defender,197,2,2,FIFA API live/football and timelines,https://api.fifa.com/api/v3/live/football/400021467?language=en https://api.fifa.com/api/v3/timelines/400021467?language=en https://api.fifa.com/api/v3/live/football/400021466?language=en https://api.fifa.com/api/v3/timelines/400021466?language=en,2026-06-29,
Ecuador,ECU,Nilson ANGULO,Forward,153,1,3,FIFA API live/football and timelines,https://api.fifa.com/api/v3/live/football/400021467?language=en https://api.fifa.com/api/v3/timelines/400021467?language=en https://api.fifa.com/api/v3/live/football/400021465?language=en https://api.fifa.com/api/v3/timelines/400021465?language=en https://api.fifa.com/api/v3/live/football/400021466?language=en https://api.fifa.com/api/v3/timelines/400021466?language=en,2026-06-29,
Ecuador,ECU,Pervis ESTUPINAN,Defender,98,1,2,FIFA API live/football and timelines,https://api.fifa.com/api/v3/live/football/400021465?language=en https://api.fifa.com/api/v3/timelines/400021465?language=en https://api.fifa.com/api/v3/live/football/400021466?language=en https://api.fifa.com/api/v3/timelines/400021466?language=en,2026-06-29,
Ecuador,ECU,Jordy ALCIVAR,Midfielder,90,1,1,FIFA API live/football and timelines,https://api.fifa.com/api/v3/live/football/400021465?language=en https://api.fifa.com/api/v3/timelines/400021465?language=en,2026-06-29,
Ecuador,ECU,Angelo PRECIADO,Defender,84,0,3,FIFA API live/football and timelines,https://api.fifa.com/api/v3/live/football/400021467?language=en https://api.fifa.com/api/v3/timelines/400021467?language=en https://api.fifa.com/api/v3/live/football/400021465?language=en https://api.fifa.com/api/v3/timelines/400021465?language=en https://api.fifa.com/api/v3/live/football/400021466?language=en https://api.fifa.com/api/v3/timelines/400021466?language=en,2026-06-29,
Ecuador,ECU,Kevin RODRIGUEZ,Forward,62,0,3,FIFA API live/football and timelines,https://api.fifa.com/api/v3/live/football/400021467?language=en https://api.fifa.com/api/v3/timelines/400021467?language=en https://api.fifa.com/api/v3/live/football/400021465?language=en https://api.fifa.com/api/v3/timelines/400021465?language=en https://api.fifa.com/api/v3/live/football/400021466?language=en https://api.fifa.com/api/v3/timelines/400021466?language=en,2026-06-29,
Ecuador,ECU,Alan MINDA,Midfielder,56,1,1,FIFA API live/football and timelines,https://api.fifa.com/api/v3/live/football/400021467?language=en https://api.fifa.com/api/v3/timelines/400021467?language=en,2026-06-29,
Ecuador,ECU,Jackson POROZO,Defender,37,0,1,FIFA API live/football and timelines,https://api.fifa.com/api/v3/live/football/400021467?language=en https://api.fifa.com/api/v3/timelines/400021467?language=en,2026-06-29,
Ecuador,ECU,Jordy CAICEDO,Forward,20,0,2,FIFA API live/football and timelines,https://api.fifa.com/api/v3/live/football/400021465?language=en https://api.fifa.com/api/v3/timelines/400021465?language=en https://api.fifa.com/api/v3/live/football/400021466?language=en https://api.fifa.com/api/v3/timelines/400021466?language=en,2026-06-29,
Ecuador,ECU,Felix TORRES,Defender,13,0,1,FIFA API live/football and timelines,https://api.fifa.com/api/v3/live/football/400021466?language=en https://api.fifa.com/api/v3/timelines/400021466?language=en,2026-06-29,
Egypt,EGY,MOHAMED HANY,Defender,296,3,3,FIFA API live/football and timelines,https://api.fifa.com/api/v3/live/football/400021478?language=en https://api.fifa.com/api/v3/timelines/400021478?language=en https://api.fifa.com/api/v3/live/football/400021480?language=en https://api.fifa.com/api/v3/timelines/400021480?language=en https://api.fifa.com/api/v3/live/football/400021479?language=en https://api.fifa.com/api/v3/timelines/400021479?language=en,2026-06-29,
Egypt,EGY,MOHANAD LASHIN,Midfielder,296,3,3,FIFA API live/football and timelines,https://api.fifa.com/api/v3/live/football/400021478?language=en https://api.fifa.com/api/v3/timelines/400021478?language=en https://api.fifa.com/api/v3/live/football/400021480?language=en https://api.fifa.com/api/v3/timelines/400021480?language=en https://api.fifa.com/api/v3/live/football/400021479?language=en https://api.fifa.com/api/v3/timelines/400021479?language=en,2026-06-29,
Egypt,EGY,MOSTAFA SHOUBIR,Goalkeeper,296,3,3,FIFA API live/football and timelines,https://api.fifa.com/api/v3/live/football/400021478?language=en https://api.fifa.com/api/v3/timelines/400021478?language=en https://api.fifa.com/api/v3/live/football/400021480?language=en https://api.fifa.com/api/v3/timelines/400021480?language=en https://api.fifa.com/api/v3/live/football/400021479?language=en https://api.fifa.com/api/v3/timelines/400021479?language=en,2026-06-29,
Egypt,EGY,AHMED FATOUH,Defender,288,3,3,FIFA API live/football and timelines,https://api.fifa.com/api/v3/live/football/400021478?language=en https://api.fifa.com/api/v3/timelines/400021478?language=en https://api.fifa.com/api/v3/live/football/400021480?language=en https://api.fifa.com/api/v3/timelines/400021480?language=en https://api.fifa.com/api/v3/live/football/400021479?language=en https://api.fifa.com/api/v3/timelines/400021479?language=en,2026-06-29,
Egypt,EGY,YASSER IBRAHIM,Defender,282,2,3,FIFA API live/football and timelines,https://api.fifa.com/api/v3/live/football/400021478?language=en https://api.fifa.com/api/v3/timelines/400021478?language=en https://api.fifa.com/api/v3/live/football/400021480?language=en https://api.fifa.com/api/v3/timelines/400021480?language=en https://api.fifa.com/api/v3/live/football/400021479?language=en https://api.fifa.com/api/v3/timelines/400021479?language=en,2026-06-29,
Egypt,EGY,EMAM ASHOUR,Midfielder,245,3,3,FIFA API live/football and timelines,https://api.fifa.com/api/v3/live/football/400021478?language=en https://api.fifa.com/api/v3/timelines/400021478?language=en https://api.fifa.com/api/v3/live/football/400021480?language=en https://api.fifa.com/api/v3/timelines/400021480?language=en https://api.fifa.com/api/v3/live/football/400021479?language=en https://api.fifa.com/api/v3/timelines/400021479?language=en,2026-06-29,
Egypt,EGY,MOSTAFA ZICO,Midfielder,228,3,3,FIFA API live/football and timelines,https://api.fifa.com/api/v3/live/football/400021478?language=en https://api.fifa.com/api/v3/timelines/400021478?language=en https://api.fifa.com/api/v3/live/football/400021480?language=en https://api.fifa.com/api/v3/timelines/400021480?language=en https://api.fifa.com/api/v3/live/football/400021479?language=en https://api.fifa.com/api/v3/timelines/400021479?language=en,2026-06-29,
Egypt,EGY,MOHAMED SALAH,Forward,217,3,3,FIFA API live/football and timelines,https://api.fifa.com/api/v3/live/football/400021478?language=en https://api.fifa.com/api/v3/timelines/400021478?language=en https://api.fifa.com/api/v3/live/football/400021480?language=en https://api.fifa.com/api/v3/timelines/400021480?language=en https://api.fifa.com/api/v3/live/football/400021479?language=en https://api.fifa.com/api/v3/timelines/400021479?language=en,2026-06-29,
Egypt,EGY,MARAWAN ATTIA,Midfielder,206,2,3,FIFA API live/football and timelines,https://api.fifa.com/api/v3/live/football/400021478?language=en https://api.fifa.com/api/v3/timelines/400021478?language=en https://api.fifa.com/api/v3/live/football/400021480?language=en https://api.fifa.com/api/v3/timelines/400021480?language=en https://api.fifa.com/api/v3/live/football/400021479?language=en https://api.fifa.com/api/v3/timelines/400021479?language=en,2026-06-29,
Egypt,EGY,RAMY RABIA,Defender,184,1,3,FIFA API live/football and timelines,https://api.fifa.com/api/v3/live/football/400021478?language=en https://api.fifa.com/api/v3/timelines/400021478?language=en https://api.fifa.com/api/v3/live/football/400021480?language=en https://api.fifa.com/api/v3/timelines/400021480?language=en https://api.fifa.com/api/v3/live/football/400021479?language=en https://api.fifa.com/api/v3/timelines/400021479?language=en,2026-06-29,
Egypt,EGY,OMAR MARMOUSH,Forward,181,2,3,FIFA API live/football and timelines,https://api.fifa.com/api/v3/live/football/400021478?language=en https://api.fifa.com/api/v3/timelines/400021478?language=en https://api.fifa.com/api/v3/live/football/400021480?language=en https://api.fifa.com/api/v3/timelines/400021480?language=en https://api.fifa.com/api/v3/live/football/400021479?language=en https://api.fifa.com/api/v3/timelines/400021479?language=en,2026-06-29,
Egypt,EGY,HAMDY FATHY,Midfielder,129,2,2,FIFA API live/football and timelines,https://api.fifa.com/api/v3/live/football/400021478?language=en https://api.fifa.com/api/v3/timelines/400021478?language=en https://api.fifa.com/api/v3/live/football/400021480?language=en https://api.fifa.com/api/v3/timelines/400021480?language=en,2026-06-29,
Egypt,EGY,TREZEGUET,Forward,124,1,2,FIFA API live/football and timelines,https://api.fifa.com/api/v3/live/football/400021480?language=en https://api.fifa.com/api/v3/timelines/400021480?language=en https://api.fifa.com/api/v3/live/football/400021479?language=en https://api.fifa.com/api/v3/timelines/400021479?language=en,2026-06-29,
Egypt,EGY,MAHMOUD SABER,Midfielder,90,1,1,FIFA API live/football and timelines,https://api.fifa.com/api/v3/live/football/400021479?language=en https://api.fifa.com/api/v3/timelines/400021479?language=en,2026-06-29,
Egypt,EGY,ZIZO,Forward,79,0,3,FIFA API live/football and timelines,https://api.fifa.com/api/v3/live/football/400021478?language=en https://api.fifa.com/api/v3/timelines/400021478?language=en https://api.fifa.com/api/v3/live/football/400021480?language=en https://api.fifa.com/api/v3/timelines/400021480?language=en https://api.fifa.com/api/v3/live/football/400021479?language=en https://api.fifa.com/api/v3/timelines/400021479?language=en,2026-06-29,
Egypt,EGY,HAMZA ABDELKARIM,Forward,68,0,3,FIFA API live/football and timelines,https://api.fifa.com/api/v3/live/football/400021478?language=en https://api.fifa.com/api/v3/timelines/400021478?language=en https://api.fifa.com/api/v3/live/football/400021480?language=en https://api.fifa.com/api/v3/timelines/400021480?language=en https://api.fifa.com/api/v3/live/football/400021479?language=en https://api.fifa.com/api/v3/timelines/400021479?language=en,2026-06-29,
Egypt,EGY,MOHAMED ABDELMONEIM,Defender,25,1,2,FIFA API live/football and timelines,https://api.fifa.com/api/v3/live/football/400021480?language=en https://api.fifa.com/api/v3/timelines/400021480?language=en https://api.fifa.com/api/v3/live/football/400021479?language=en https://api.fifa.com/api/v3/timelines/400021479?language=en,2026-06-29,
Egypt,EGY,HOSSAM ABDELMAGUID,Defender,17,0,1,FIFA API live/football and timelines,https://api.fifa.com/api/v3/live/football/400021480?language=en https://api.fifa.com/api/v3/timelines/400021480?language=en,2026-06-29,
Egypt,EGY,IBRAHIM ADEL,Forward,8,0,1,FIFA API live/football and timelines,https://api.fifa.com/api/v3/live/football/400021478?language=en https://api.fifa.com/api/v3/timelines/400021478?language=en,2026-06-29,
Egypt,EGY,KARIM HAFEZ,Defender,8,0,1,FIFA API live/football and timelines,https://api.fifa.com/api/v3/live/football/400021478?language=en https://api.fifa.com/api/v3/timelines/400021478?language=en,2026-06-29,
England,ENG,Ezri KONSA,Defender,292,3,3,FIFA API live/football and timelines,https://api.fifa.com/api/v3/live/football/400021507?language=en https://api.fifa.com/api/v3/timelines/400021507?language=en https://api.fifa.com/api/v3/live/football/400021506?language=en https://api.fifa.com/api/v3/timelines/400021506?language=en https://api.fifa.com/api/v3/live/football/400021508?language=en https://api.fifa.com/api/v3/timelines/400021508?language=en,2026-06-29,
England,ENG,Jordan PICKFORD,Goalkeeper,292,3,3,FIFA API live/football and timelines,https://api.fifa.com/api/v3/live/football/400021507?language=en https://api.fifa.com/api/v3/timelines/400021507?language=en https://api.fifa.com/api/v3/live/football/400021506?language=en https://api.fifa.com/api/v3/timelines/400021506?language=en https://api.fifa.com/api/v3/live/football/400021508?language=en https://api.fifa.com/api/v3/timelines/400021508?language=en,2026-06-29,
England,ENG,Harry KANE,Forward,278,3,3,FIFA API live/football and timelines,https://api.fifa.com/api/v3/live/football/400021507?language=en https://api.fifa.com/api/v3/timelines/400021507?language=en https://api.fifa.com/api/v3/live/football/400021506?language=en https://api.fifa.com/api/v3/timelines/400021506?language=en https://api.fifa.com/api/v3/live/football/400021508?language=en https://api.fifa.com/api/v3/timelines/400021508?language=en,2026-06-29,
England,ENG,Elliot ANDERSON,Midfielder,255,3,3,FIFA API live/football and timelines,https://api.fifa.com/api/v3/live/football/400021507?language=en https://api.fifa.com/api/v3/timelines/400021507?language=en https://api.fifa.com/api/v3/live/football/400021506?language=en https://api.fifa.com/api/v3/timelines/400021506?language=en https://api.fifa.com/api/v3/live/football/400021508?language=en https://api.fifa.com/api/v3/timelines/400021508?language=en,2026-06-29,
England,ENG,Nico OREILLY,Defender,227,2,3,FIFA API live/football and timelines,https://api.fifa.com/api/v3/live/football/400021507?language=en https://api.fifa.com/api/v3/timelines/400021507?language=en https://api.fifa.com/api/v3/live/football/400021506?language=en https://api.fifa.com/api/v3/timelines/400021506?language=en https://api.fifa.com/api/v3/live/football/400021508?language=en https://api.fifa.com/api/v3/timelines/400021508?language=en,2026-06-29,
England,ENG,Jude BELLINGHAM,Midfielder,224,3,3,FIFA API live/football and timelines,https://api.fifa.com/api/v3/live/football/400021507?language=en https://api.fifa.com/api/v3/timelines/400021507?language=en https://api.fifa.com/api/v3/live/football/400021506?language=en https://api.fifa.com/api/v3/timelines/400021506?language=en https://api.fifa.com/api/v3/live/football/400021508?language=en https://api.fifa.com/api/v3/timelines/400021508?language=en,2026-06-29,
England,ENG,Marc GUEHI,Defender,205,2,3,FIFA API live/football and timelines,https://api.fifa.com/api/v3/live/football/400021507?language=en https://api.fifa.com/api/v3/timelines/400021507?language=en https://api.fifa.com/api/v3/live/football/400021506?language=en https://api.fifa.com/api/v3/timelines/400021506?language=en https://api.fifa.com/api/v3/live/football/400021508?language=en https://api.fifa.com/api/v3/timelines/400021508?language=en,2026-06-29,
England,ENG,Reece JAMES,Defender,194,2,2,FIFA API live/football and timelines,https://api.fifa.com/api/v3/live/football/400021507?language=en https://api.fifa.com/api/v3/timelines/400021507?language=en https://api.fifa.com/api/v3/live/football/400021506?language=en https://api.fifa.com/api/v3/timelines/400021506?language=en,2026-06-29,
England,ENG,Noni MADUEKE,Forward,190,2,3,FIFA API live/football and timelines,https://api.fifa.com/api/v3/live/football/400021507?language=en https://api.fifa.com/api/v3/timelines/400021507?language=en https://api.fifa.com/api/v3/live/football/400021506?language=en https://api.fifa.com/api/v3/timelines/400021506?language=en https://api.fifa.com/api/v3/live/football/400021508?language=en https://api.fifa.com/api/v3/timelines/400021508?language=en,2026-06-29,
England,ENG,Declan RICE,Midfielder,169,2,2,FIFA API live/football and timelines,https://api.fifa.com/api/v3/live/football/400021507?language=en https://api.fifa.com/api/v3/timelines/400021507?language=en https://api.fifa.com/api/v3/live/football/400021506?language=en https://api.fifa.com/api/v3/timelines/400021506?language=en,2026-06-29,
England,ENG,Morgan ROGERS,Midfielder,146,1,3,FIFA API live/football and timelines,https://api.fifa.com/api/v3/live/football/400021507?language=en https://api.fifa.com/api/v3/timelines/400021507?language=en https://api.fifa.com/api/v3/live/football/400021506?language=en https://api.fifa.com/api/v3/timelines/400021506?language=en https://api.fifa.com/api/v3/live/football/400021508?language=en https://api.fifa.com/api/v3/timelines/400021508?language=en,2026-06-29,
England,ENG,Anthony GORDON,Forward,137,2,2,FIFA API live/football and timelines,https://api.fifa.com/api/v3/live/football/400021507?language=en https://api.fifa.com/api/v3/timelines/400021507?language=en https://api.fifa.com/api/v3/live/football/400021506?language=en https://api.fifa.com/api/v3/timelines/400021506?language=en,2026-06-29,
England,ENG,Marcus RASHFORD,Forward,137,1,3,FIFA API live/football and timelines,https://api.fifa.com/api/v3/live/football/400021507?language=en https://api.fifa.com/api/v3/timelines/400021507?language=en https://api.fifa.com/api/v3/live/football/400021506?language=en https://api.fifa.com/api/v3/timelines/400021506?language=en https://api.fifa.com/api/v3/live/football/400021508?language=en https://api.fifa.com/api/v3/timelines/400021508?language=en,2026-06-29,
England,ENG,Bukayo SAKA,Forward,120,1,3,FIFA API live/football and timelines,https://api.fifa.com/api/v3/live/football/400021507?language=en https://api.fifa.com/api/v3/timelines/400021507?language=en https://api.fifa.com/api/v3/live/football/400021506?language=en https://api.fifa.com/api/v3/timelines/400021506?language=en https://api.fifa.com/api/v3/live/football/400021508?language=en https://api.fifa.com/api/v3/timelines/400021508?language=en,2026-06-29,
England,ENG,Djed SPENCE,Defender,118,1,3,FIFA API live/football and timelines,https://api.fifa.com/api/v3/live/football/400021507?language=en https://api.fifa.com/api/v3/timelines/400021507?language=en https://api.fifa.com/api/v3/live/football/400021506?language=en https://api.fifa.com/api/v3/timelines/400021506?language=en https://api.fifa.com/api/v3/live/football/400021508?language=en https://api.fifa.com/api/v3/timelines/400021508?language=en,2026-06-29,
England,ENG,John STONES,Defender,87,1,1,FIFA API live/football and timelines,https://api.fifa.com/api/v3/live/football/400021507?language=en https://api.fifa.com/api/v3/timelines/400021507?language=en,2026-06-29,
England,ENG,Jarell QUANSAH,Defender,63,1,1,FIFA API live/football and timelines,https://api.fifa.com/api/v3/live/football/400021508?language=en https://api.fifa.com/api/v3/timelines/400021508?language=en,2026-06-29,
England,ENG,Eberechi EZE,Midfielder,50,0,2,FIFA API live/football and timelines,https://api.fifa.com/api/v3/live/football/400021506?language=en https://api.fifa.com/api/v3/timelines/400021506?language=en https://api.fifa.com/api/v3/live/football/400021508?language=en https://api.fifa.com/api/v3/timelines/400021508?language=en,2026-06-29,
England,ENG,Jordan HENDERSON,Midfielder,14,0,1,FIFA API live/football and timelines,https://api.fifa.com/api/v3/live/football/400021508?language=en https://api.fifa.com/api/v3/timelines/400021508?language=en,2026-06-29,
England,ENG,Ollie WATKINS,Forward,14,0,1,FIFA API live/football and timelines,https://api.fifa.com/api/v3/live/football/400021508?language=en https://api.fifa.com/api/v3/timelines/400021508?language=en,2026-06-29,
France,FRA,Mike MAIGNAN,Goalkeeper,289,3,3,FIFA API live/football and timelines,https://api.fifa.com/api/v3/live/football/400021490?language=en https://api.fifa.com/api/v3/timelines/400021490?language=en https://api.fifa.com/api/v3/live/football/400021492?language=en https://api.fifa.com/api/v3/timelines/400021492?language=en https://api.fifa.com/api/v3/live/football/400021489?language=en https://api.fifa.com/api/v3/timelines/400021489?language=en,2026-06-29,
France,FRA,Kylian MBAPPE,Forward,276,3,3,FIFA API live/football and timelines,https://api.fifa.com/api/v3/live/football/400021490?language=en https://api.fifa.com/api/v3/timelines/400021490?language=en https://api.fifa.com/api/v3/live/football/400021492?language=en https://api.fifa.com/api/v3/timelines/400021492?language=en https://api.fifa.com/api/v3/live/football/400021489?language=en https://api.fifa.com/api/v3/timelines/400021489?language=en,2026-06-29,
France,FRA,Dayot UPAMECANO,Defender,269,3,3,FIFA API live/football and timelines,https://api.fifa.com/api/v3/live/football/400021490?language=en https://api.fifa.com/api/v3/timelines/400021490?language=en https://api.fifa.com/api/v3/live/football/400021492?language=en https://api.fifa.com/api/v3/timelines/400021492?language=en https://api.fifa.com/api/v3/live/football/400021489?language=en https://api.fifa.com/api/v3/timelines/400021489?language=en,2026-06-29,
France,FRA,Jules KOUNDE,Defender,269,3,3,FIFA API live/football and timelines,https://api.fifa.com/api/v3/live/football/400021490?language=en https://api.fifa.com/api/v3/timelines/400021490?language=en https://api.fifa.com/api/v3/live/football/400021492?language=en https://api.fifa.com/api/v3/timelines/400021492?language=en https://api.fifa.com/api/v3/live/football/400021489?language=en https://api.fifa.com/api/v3/timelines/400021489?language=en,2026-06-29,
France,FRA,Michael OLISE,Forward,233,3,3,FIFA API live/football and timelines,https://api.fifa.com/api/v3/live/football/400021490?language=en https://api.fifa.com/api/v3/timelines/400021490?language=en https://api.fifa.com/api/v3/live/football/400021492?language=en https://api.fifa.com/api/v3/timelines/400021492?language=en https://api.fifa.com/api/v3/live/football/400021489?language=en https://api.fifa.com/api/v3/timelines/400021489?language=en,2026-06-29,
France,FRA,Ousmane DEMBELE,Forward,213,3,3,FIFA API live/football and timelines,https://api.fifa.com/api/v3/live/football/400021490?language=en https://api.fifa.com/api/v3/timelines/400021490?language=en https://api.fifa.com/api/v3/live/football/400021492?language=en https://api.fifa.com/api/v3/timelines/400021492?language=en https://api.fifa.com/api/v3/live/football/400021489?language=en https://api.fifa.com/api/v3/timelines/400021489?language=en,2026-06-29,
France,FRA,Desire DOUE,Forward,208,2,3,FIFA API live/football and timelines,https://api.fifa.com/api/v3/live/football/400021490?language=en https://api.fifa.com/api/v3/timelines/400021490?language=en https://api.fifa.com/api/v3/live/football/400021492?language=en https://api.fifa.com/api/v3/timelines/400021492?language=en https://api.fifa.com/api/v3/live/football/400021489?language=en https://api.fifa.com/api/v3/timelines/400021489?language=en,2026-06-29,
France,FRA,Aurelien TCHOUAMENI,Midfielder,196,2,2,FIFA API live/football and timelines,https://api.fifa.com/api/v3/live/football/400021490?language=en https://api.fifa.com/api/v3/timelines/400021490?language=en https://api.fifa.com/api/v3/live/football/400021489?language=en https://api.fifa.com/api/v3/timelines/400021489?language=en,2026-06-29,
France,FRA,Theo HERNANDEZ,Defender,196,2,2,FIFA API live/football and timelines,https://api.fifa.com/api/v3/live/football/400021490?language=en https://api.fifa.com/api/v3/timelines/400021490?language=en https://api.fifa.com/api/v3/live/football/400021489?language=en https://api.fifa.com/api/v3/timelines/400021489?language=en,2026-06-29,
France,FRA,Adrien RABIOT,Midfielder,193,2,2,FIFA API live/football and timelines,https://api.fifa.com/api/v3/live/football/400021490?language=en https://api.fifa.com/api/v3/timelines/400021490?language=en https://api.fifa.com/api/v3/live/football/400021492?language=en https://api.fifa.com/api/v3/timelines/400021492?language=en,2026-06-29,
France,FRA,William SALIBA,Defender,193,2,2,FIFA API live/football and timelines,https://api.fifa.com/api/v3/live/football/400021490?language=en https://api.fifa.com/api/v3/timelines/400021490?language=en https://api.fifa.com/api/v3/live/football/400021492?language=en https://api.fifa.com/api/v3/timelines/400021492?language=en,2026-06-29,
France,FRA,Manu KONE,Midfielder,189,2,2,FIFA API live/football and timelines,https://api.fifa.com/api/v3/live/football/400021492?language=en https://api.fifa.com/api/v3/timelines/400021492?language=en https://api.fifa.com/api/v3/live/football/400021489?language=en https://api.fifa.com/api/v3/timelines/400021489?language=en,2026-06-29,
France,FRA,Bradley BARCOLA,Forward,134,1,3,FIFA API live/football and timelines,https://api.fifa.com/api/v3/live/football/400021490?language=en https://api.fifa.com/api/v3/timelines/400021490?language=en https://api.fifa.com/api/v3/live/football/400021492?language=en https://api.fifa.com/api/v3/timelines/400021492?language=en https://api.fifa.com/api/v3/live/football/400021489?language=en https://api.fifa.com/api/v3/timelines/400021489?language=en,2026-06-29,
France,FRA,Maxence Lacroix,Defender,96,1,1,FIFA API live/football and timelines,https://api.fifa.com/api/v3/live/football/400021489?language=en https://api.fifa.com/api/v3/timelines/400021489?language=en,2026-06-29,
France,FRA,Lucas Digne,Defender,93,1,1,FIFA API live/football and timelines,https://api.fifa.com/api/v3/live/football/400021492?language=en https://api.fifa.com/api/v3/timelines/400021492?language=en,2026-06-29,
France,FRA,Rayan CHERKI,Midfielder,69,0,3,FIFA API live/football and timelines,https://api.fifa.com/api/v3/live/football/400021490?language=en https://api.fifa.com/api/v3/timelines/400021490?language=en https://api.fifa.com/api/v3/live/football/400021492?language=en https://api.fifa.com/api/v3/timelines/400021492?language=en https://api.fifa.com/api/v3/live/football/400021489?language=en https://api.fifa.com/api/v3/timelines/400021489?language=en,2026-06-29,
France,FRA,Ibrahima KONATE,Defender,20,0,1,FIFA API live/football and timelines,https://api.fifa.com/api/v3/live/football/400021489?language=en https://api.fifa.com/api/v3/timelines/400021489?language=en,2026-06-29,
France,FRA,Malo GUSTO,Defender,20,0,2,FIFA API live/football and timelines,https://api.fifa.com/api/v3/live/football/400021492?language=en https://api.fifa.com/api/v3/timelines/400021492?language=en https://api.fifa.com/api/v3/live/football/400021489?language=en https://api.fifa.com/api/v3/timelines/400021489?language=en,2026-06-29,
France,FRA,Jean-Philippe MATETA,Forward,10,0,1,FIFA API live/football and timelines,https://api.fifa.com/api/v3/live/football/400021489?language=en https://api.fifa.com/api/v3/timelines/400021489?language=en,2026-06-29,
France,FRA,Maghnes AKLIOUCHE,Midfielder,10,0,1,FIFA API live/football and timelines,https://api.fifa.com/api/v3/live/football/400021492?language=en https://api.fifa.com/api/v3/timelines/400021492?language=en,2026-06-29,
France,FRA,Marcus THURAM,Forward,3,0,1,FIFA API live/football and timelines,https://api.fifa.com/api/v3/live/football/400021492?language=en https://api.fifa.com/api/v3/timelines/400021492?language=en,2026-06-29,
Germany,GER,Manuel NEUER,Goalkeeper,292,3,3,FIFA API live/football and timelines,https://api.fifa.com/api/v3/live/football/400021464?language=en https://api.fifa.com/api/v3/timelines/400021464?language=en https://api.fifa.com/api/v3/live/football/400021469?language=en https://api.fifa.com/api/v3/timelines/400021469?language=en https://api.fifa.com/api/v3/live/football/400021466?language=en https://api.fifa.com/api/v3/timelines/400021466?language=en,2026-06-29,
Germany,GER,Jonathan TAH,Defender,268,3,3,FIFA API live/football and timelines,https://api.fifa.com/api/v3/live/football/400021464?language=en https://api.fifa.com/api/v3/timelines/400021464?language=en https://api.fifa.com/api/v3/live/football/400021469?language=en https://api.fifa.com/api/v3/timelines/400021469?language=en https://api.fifa.com/api/v3/live/football/400021466?language=en https://api.fifa.com/api/v3/timelines/400021466?language=en,2026-06-29,
Germany,GER,Florian WIRTZ,Midfielder,267,3,3,FIFA API live/football and timelines,https://api.fifa.com/api/v3/live/football/400021464?language=en https://api.fifa.com/api/v3/timelines/400021464?language=en https://api.fifa.com/api/v3/live/football/400021469?language=en https://api.fifa.com/api/v3/timelines/400021469?language=en https://api.fifa.com/api/v3/live/football/400021466?language=en https://api.fifa.com/api/v3/timelines/400021466?language=en,2026-06-29,
Germany,GER,Leroy SANE,Midfielder,254,3,3,FIFA API live/football and timelines,https://api.fifa.com/api/v3/live/football/400021464?language=en https://api.fifa.com/api/v3/timelines/400021464?language=en https://api.fifa.com/api/v3/live/football/400021469?language=en https://api.fifa.com/api/v3/timelines/400021469?language=en https://api.fifa.com/api/v3/live/football/400021466?language=en https://api.fifa.com/api/v3/timelines/400021466?language=en,2026-06-29,
Germany,GER,Aleksandar PAVLOVIC,Midfielder,246,3,3,FIFA API live/football and timelines,https://api.fifa.com/api/v3/live/football/400021464?language=en https://api.fifa.com/api/v3/timelines/400021464?language=en https://api.fifa.com/api/v3/live/football/400021469?language=en https://api.fifa.com/api/v3/timelines/400021469?language=en https://api.fifa.com/api/v3/live/football/400021466?language=en https://api.fifa.com/api/v3/timelines/400021466?language=en,2026-06-29,
Germany,GER,Joshua KIMMICH,Defender,241,3,3,FIFA API live/football and timelines,https://api.fifa.com/api/v3/live/football/400021464?language=en https://api.fifa.com/api/v3/timelines/400021464?language=en https://api.fifa.com/api/v3/live/football/400021469?language=en https://api.fifa.com/api/v3/timelines/400021469?language=en https://api.fifa.com/api/v3/live/football/400021466?language=en https://api.fifa.com/api/v3/timelines/400021466?language=en,2026-06-29,
Germany,GER,Kai HAVERTZ,Forward,241,3,3,FIFA API live/football and timelines,https://api.fifa.com/api/v3/live/football/400021464?language=en https://api.fifa.com/api/v3/timelines/400021464?language=en https://api.fifa.com/api/v3/live/football/400021469?language=en https://api.fifa.com/api/v3/timelines/400021469?language=en https://api.fifa.com/api/v3/live/football/400021466?language=en https://api.fifa.com/api/v3/timelines/400021466?language=en,2026-06-29,
Germany,GER,Felix NMECHA,Midfielder,234,3,3,FIFA API live/football and timelines,https://api.fifa.com/api/v3/live/football/400021464?language=en https://api.fifa.com/api/v3/timelines/400021464?language=en https://api.fifa.com/api/v3/live/football/400021469?language=en https://api.fifa.com/api/v3/timelines/400021469?language=en https://api.fifa.com/api/v3/live/football/400021466?language=en https://api.fifa.com/api/v3/timelines/400021466?language=en,2026-06-29,
Germany,GER,Jamal MUSIALA,Midfielder,222,3,3,FIFA API live/football and timelines,https://api.fifa.com/api/v3/live/football/400021464?language=en https://api.fifa.com/api/v3/timelines/400021464?language=en https://api.fifa.com/api/v3/live/football/400021469?language=en https://api.fifa.com/api/v3/timelines/400021469?language=en https://api.fifa.com/api/v3/live/football/400021466?language=en https://api.fifa.com/api/v3/timelines/400021466?language=en,2026-06-29,
Germany,GER,Nico SCHLOTTERBECK,Defender,186,2,2,FIFA API live/football and timelines,https://api.fifa.com/api/v3/live/football/400021464?language=en https://api.fifa.com/api/v3/timelines/400021464?language=en https://api.fifa.com/api/v3/live/football/400021469?language=en https://api.fifa.com/api/v3/timelines/400021469?language=en,2026-06-29,
Germany,GER,Nathaniel BROWN,Defender,170,2,2,FIFA API live/football and timelines,https://api.fifa.com/api/v3/live/football/400021464?language=en https://api.fifa.com/api/v3/timelines/400021464?language=en https://api.fifa.com/api/v3/live/football/400021469?language=en https://api.fifa.com/api/v3/timelines/400021469?language=en,2026-06-29,
Germany,GER,Antonio RUEDIGER,Defender,130,1,3,FIFA API live/football and timelines,https://api.fifa.com/api/v3/live/football/400021464?language=en https://api.fifa.com/api/v3/timelines/400021464?language=en https://api.fifa.com/api/v3/live/football/400021469?language=en https://api.fifa.com/api/v3/timelines/400021469?language=en https://api.fifa.com/api/v3/live/football/400021466?language=en https://api.fifa.com/api/v3/timelines/400021466?language=en,2026-06-29,
Germany,GER,David RAUM,Defender,122,1,2,FIFA API live/football and timelines,https://api.fifa.com/api/v3/live/football/400021464?language=en https://api.fifa.com/api/v3/timelines/400021464?language=en https://api.fifa.com/api/v3/live/football/400021466?language=en https://api.fifa.com/api/v3/timelines/400021466?language=en,2026-06-29,
Germany,GER,Deniz UNDAV,Forward,108,0,3,FIFA API live/football and timelines,https://api.fifa.com/api/v3/live/football/400021464?language=en https://api.fifa.com/api/v3/timelines/400021464?language=en https://api.fifa.com/api/v3/live/football/400021469?language=en https://api.fifa.com/api/v3/timelines/400021469?language=en https://api.fifa.com/api/v3/live/football/400021466?language=en https://api.fifa.com/api/v3/timelines/400021466?language=en,2026-06-29,
Germany,GER,Jamie LEWELING,Midfielder,38,0,1,FIFA API live/football and timelines,https://api.fifa.com/api/v3/live/football/400021469?language=en https://api.fifa.com/api/v3/timelines/400021469?language=en,2026-06-29,
Germany,GER,Malick THIAW,Defender,38,0,1,FIFA API live/football and timelines,https://api.fifa.com/api/v3/live/football/400021466?language=en https://api.fifa.com/api/v3/timelines/400021466?language=en,2026-06-29,
Germany,GER,Nadiem Amiri,Midfielder,38,0,1,FIFA API live/football and timelines,https://api.fifa.com/api/v3/live/football/400021469?language=en https://api.fifa.com/api/v3/timelines/400021469?language=en,2026-06-29,
Germany,GER,Leon GORETZKA,Midfielder,37,0,2,FIFA API live/football and timelines,https://api.fifa.com/api/v3/live/football/400021464?language=en https://api.fifa.com/api/v3/timelines/400021464?language=en https://api.fifa.com/api/v3/live/football/400021469?language=en https://api.fifa.com/api/v3/timelines/400021469?language=en,2026-06-29,
Germany,GER,Maximilian BEIER,Forward,34,0,1,FIFA API live/football and timelines,https://api.fifa.com/api/v3/live/football/400021466?language=en https://api.fifa.com/api/v3/timelines/400021466?language=en,2026-06-29,
Germany,GER,Pascal GROSS,Midfielder,25,0,1,FIFA API live/football and timelines,https://api.fifa.com/api/v3/live/football/400021466?language=en https://api.fifa.com/api/v3/timelines/400021466?language=en,2026-06-29,
Germany,GER,Waldemar ANTON,Defender,13,0,1,FIFA API live/football and timelines,https://api.fifa.com/api/v3/live/football/400021464?language=en https://api.fifa.com/api/v3/timelines/400021464?language=en,2026-06-29,
Germany,GER,Angelo Stiller,Midfielder,8,0,1,FIFA API live/football and timelines,https://api.fifa.com/api/v3/live/football/400021466?language=en https://api.fifa.com/api/v3/timelines/400021466?language=en,2026-06-29,
Ghana,GHA,Antoine SEMENYO,Midfielder,297,3,3,FIFA API live/football and timelines,https://api.fifa.com/api/v3/live/football/400021510?language=en https://api.fifa.com/api/v3/timelines/400021510?language=en https://api.fifa.com/api/v3/live/football/400021506?language=en https://api.fifa.com/api/v3/timelines/400021506?language=en https://api.fifa.com/api/v3/live/football/400021509?language=en https://api.fifa.com/api/v3/timelines/400021509?language=en,2026-06-29,
Ghana,GHA,Gideon MENSAH,Defender,297,3,3,FIFA API live/football and timelines,https://api.fifa.com/api/v3/live/football/400021510?language=en https://api.fifa.com/api/v3/timelines/400021510?language=en https://api.fifa.com/api/v3/live/football/400021506?language=en https://api.fifa.com/api/v3/timelines/400021506?language=en https://api.fifa.com/api/v3/live/football/400021509?language=en https://api.fifa.com/api/v3/timelines/400021509?language=en,2026-06-29,
Ghana,GHA,Jonas ADJETEY,Defender,289,3,3,FIFA API live/football and timelines,https://api.fifa.com/api/v3/live/football/400021510?language=en https://api.fifa.com/api/v3/timelines/400021510?language=en https://api.fifa.com/api/v3/live/football/400021506?language=en https://api.fifa.com/api/v3/timelines/400021506?language=en https://api.fifa.com/api/v3/live/football/400021509?language=en https://api.fifa.com/api/v3/timelines/400021509?language=en,2026-06-29,
Ghana,GHA,Marvin SENAYA,Defender,287,3,3,FIFA API live/football and timelines,https://api.fifa.com/api/v3/live/football/400021510?language=en https://api.fifa.com/api/v3/timelines/400021510?language=en https://api.fifa.com/api/v3/live/football/400021506?language=en https://api.fifa.com/api/v3/timelines/400021506?language=en https://api.fifa.com/api/v3/live/football/400021509?language=en https://api.fifa.com/api/v3/timelines/400021509?language=en,2026-06-29,
Ghana,GHA,Jordan AYEW,Forward,224,3,3,FIFA API live/football and timelines,https://api.fifa.com/api/v3/live/football/400021510?language=en https://api.fifa.com/api/v3/timelines/400021510?language=en https://api.fifa.com/api/v3/live/football/400021506?language=en https://api.fifa.com/api/v3/timelines/400021506?language=en https://api.fifa.com/api/v3/live/football/400021509?language=en https://api.fifa.com/api/v3/timelines/400021509?language=en,2026-06-29,
Ghana,GHA,Caleb YIRENKYI,Midfielder,212,2,3,FIFA API live/football and timelines,https://api.fifa.com/api/v3/live/football/400021510?language=en https://api.fifa.com/api/v3/timelines/400021510?language=en https://api.fifa.com/api/v3/live/football/400021506?language=en https://api.fifa.com/api/v3/timelines/400021506?language=en https://api.fifa.com/api/v3/live/football/400021509?language=en https://api.fifa.com/api/v3/timelines/400021509?language=en,2026-06-29,
Ghana,GHA,Benjamin ASARE,Goalkeeper,207,2,3,FIFA API live/football and timelines,https://api.fifa.com/api/v3/live/football/400021510?language=en https://api.fifa.com/api/v3/timelines/400021510?language=en https://api.fifa.com/api/v3/live/football/400021506?language=en https://api.fifa.com/api/v3/timelines/400021506?language=en https://api.fifa.com/api/v3/live/football/400021509?language=en https://api.fifa.com/api/v3/timelines/400021509?language=en,2026-06-29,
Ghana,GHA,Kwasi SIBO,Midfielder,206,2,3,FIFA API live/football and timelines,https://api.fifa.com/api/v3/live/football/400021510?language=en https://api.fifa.com/api/v3/timelines/400021510?language=en https://api.fifa.com/api/v3/live/football/400021506?language=en https://api.fifa.com/api/v3/timelines/400021506?language=en https://api.fifa.com/api/v3/live/football/400021509?language=en https://api.fifa.com/api/v3/timelines/400021509?language=en,2026-06-29,
Ghana,GHA,Jerome OPOKU,Defender,199,2,2,FIFA API live/football and timelines,https://api.fifa.com/api/v3/live/football/400021510?language=en https://api.fifa.com/api/v3/timelines/400021510?language=en https://api.fifa.com/api/v3/live/football/400021506?language=en https://api.fifa.com/api/v3/timelines/400021506?language=en,2026-06-29,
Ghana,GHA,Thomas PARTEY,Midfielder,195,2,2,FIFA API live/football and timelines,https://api.fifa.com/api/v3/live/football/400021506?language=en https://api.fifa.com/api/v3/timelines/400021506?language=en https://api.fifa.com/api/v3/live/football/400021509?language=en https://api.fifa.com/api/v3/timelines/400021509?language=en,2026-06-29,
Ghana,GHA,Elisha OWUSU,Midfielder,168,2,2,FIFA API live/football and timelines,https://api.fifa.com/api/v3/live/football/400021510?language=en https://api.fifa.com/api/v3/timelines/400021510?language=en https://api.fifa.com/api/v3/live/football/400021509?language=en https://api.fifa.com/api/v3/timelines/400021509?language=en,2026-06-29,
Ghana,GHA,Kamaldeen SULEMANA,Forward,129,2,2,FIFA API live/football and timelines,https://api.fifa.com/api/v3/live/football/400021510?language=en https://api.fifa.com/api/v3/timelines/400021510?language=en https://api.fifa.com/api/v3/live/football/400021509?language=en https://api.fifa.com/api/v3/timelines/400021509?language=en,2026-06-29,
Ghana,GHA,Derrick LUCKASSEN,Defender,98,1,1,FIFA API live/football and timelines,https://api.fifa.com/api/v3/live/football/400021509?language=en https://api.fifa.com/api/v3/timelines/400021509?language=en,2026-06-29,
Ghana,GHA,Lawrence Ati ZIGI,Goalkeeper,90,1,1,FIFA API live/football and timelines,https://api.fifa.com/api/v3/live/football/400021510?language=en https://api.fifa.com/api/v3/timelines/400021510?language=en,2026-06-29,
Ghana,GHA,Ernest NUAMAH,Forward,85,1,2,FIFA API live/football and timelines,https://api.fifa.com/api/v3/live/football/400021510?language=en https://api.fifa.com/api/v3/timelines/400021510?language=en https://api.fifa.com/api/v3/live/football/400021509?language=en https://api.fifa.com/api/v3/timelines/400021509?language=en,2026-06-29,
Ghana,GHA,Abdul FATAWU,Forward,83,0,3,FIFA API live/football and timelines,https://api.fifa.com/api/v3/live/football/400021510?language=en https://api.fifa.com/api/v3/timelines/400021510?language=en https://api.fifa.com/api/v3/live/football/400021506?language=en https://api.fifa.com/api/v3/timelines/400021506?language=en https://api.fifa.com/api/v3/live/football/400021509?language=en https://api.fifa.com/api/v3/timelines/400021509?language=en,2026-06-29,
Ghana,GHA,Brandon THOMAS-ASANTE,Forward,71,0,2,FIFA API live/football and timelines,https://api.fifa.com/api/v3/live/football/400021510?language=en https://api.fifa.com/api/v3/timelines/400021510?language=en https://api.fifa.com/api/v3/live/football/400021509?language=en https://api.fifa.com/api/v3/timelines/400021509?language=en,2026-06-29,
Ghana,GHA,Inaki WILLIAMS,Forward,66,1,1,FIFA API live/football and timelines,https://api.fifa.com/api/v3/live/football/400021506?language=en https://api.fifa.com/api/v3/timelines/400021506?language=en,2026-06-29,
Ghana,GHA,Prince ADU,Forward,46,0,2,FIFA API live/football and timelines,https://api.fifa.com/api/v3/live/football/400021510?language=en https://api.fifa.com/api/v3/timelines/400021510?language=en https://api.fifa.com/api/v3/live/football/400021506?language=en https://api.fifa.com/api/v3/timelines/400021506?language=en,2026-06-29,
Ghana,GHA,Kojo Peprah OPPONG,Defender,18,0,2,FIFA API live/football and timelines,https://api.fifa.com/api/v3/live/football/400021506?language=en https://api.fifa.com/api/v3/timelines/400021506?language=en https://api.fifa.com/api/v3/live/football/400021509?language=en https://api.fifa.com/api/v3/timelines/400021509?language=en,2026-06-29,
Ghana,GHA,Baba RAHMAN,Defender,7,0,1,FIFA API live/football and timelines,https://api.fifa.com/api/v3/live/football/400021506?language=en https://api.fifa.com/api/v3/timelines/400021506?language=en,2026-06-29,
Haiti,HAI,Hannes DELCROIX,Defender,294,3,3,FIFA API live/football and timelines,https://api.fifa.com/api/v3/live/football/400021453?language=en https://api.fifa.com/api/v3/timelines/400021453?language=en https://api.fifa.com/api/v3/live/football/400021457?language=en https://api.fifa.com/api/v3/timelines/400021457?language=en https://api.fifa.com/api/v3/live/football/400021452?language=en https://api.fifa.com/api/v3/timelines/400021452?language=en,2026-06-29,
Haiti,HAI,Johny Placide,Goalkeeper,294,3,3,FIFA API live/football and timelines,https://api.fifa.com/api/v3/live/football/400021453?language=en https://api.fifa.com/api/v3/timelines/400021453?language=en https://api.fifa.com/api/v3/live/football/400021457?language=en https://api.fifa.com/api/v3/timelines/400021457?language=en https://api.fifa.com/api/v3/live/football/400021452?language=en https://api.fifa.com/api/v3/timelines/400021452?language=en,2026-06-29,
Haiti,HAI,Martin EXPERIENCE,Defender,294,3,3,FIFA API live/football and timelines,https://api.fifa.com/api/v3/live/football/400021453?language=en https://api.fifa.com/api/v3/timelines/400021453?language=en https://api.fifa.com/api/v3/live/football/400021457?language=en https://api.fifa.com/api/v3/timelines/400021457?language=en https://api.fifa.com/api/v3/live/football/400021452?language=en https://api.fifa.com/api/v3/timelines/400021452?language=en,2026-06-29,
Haiti,HAI,Ricardo Ade,Defender,294,3,3,FIFA API live/football and timelines,https://api.fifa.com/api/v3/live/football/400021453?language=en https://api.fifa.com/api/v3/timelines/400021453?language=en https://api.fifa.com/api/v3/live/football/400021457?language=en https://api.fifa.com/api/v3/timelines/400021457?language=en https://api.fifa.com/api/v3/live/football/400021452?language=en https://api.fifa.com/api/v3/timelines/400021452?language=en,2026-06-29,
Haiti,HAI,Jean-Ricner Bellegarde,Midfielder,279,3,3,FIFA API live/football and timelines,https://api.fifa.com/api/v3/live/football/400021453?language=en https://api.fifa.com/api/v3/timelines/400021453?language=en https://api.fifa.com/api/v3/live/football/400021457?language=en https://api.fifa.com/api/v3/timelines/400021457?language=en https://api.fifa.com/api/v3/live/football/400021452?language=en https://api.fifa.com/api/v3/timelines/400021452?language=en,2026-06-29,
Haiti,HAI,Danley JEAN JACQUES,Midfielder,275,3,3,FIFA API live/football and timelines,https://api.fifa.com/api/v3/live/football/400021453?language=en https://api.fifa.com/api/v3/timelines/400021453?language=en https://api.fifa.com/api/v3/live/football/400021457?language=en https://api.fifa.com/api/v3/timelines/400021457?language=en https://api.fifa.com/api/v3/live/football/400021452?language=en https://api.fifa.com/api/v3/timelines/400021452?language=en,2026-06-29,
Haiti,HAI,Ruben PROVIDENCE,Forward,223,3,3,FIFA API live/football and timelines,https://api.fifa.com/api/v3/live/football/400021453?language=en https://api.fifa.com/api/v3/timelines/400021453?language=en https://api.fifa.com/api/v3/live/football/400021457?language=en https://api.fifa.com/api/v3/timelines/400021457?language=en https://api.fifa.com/api/v3/live/football/400021452?language=en https://api.fifa.com/api/v3/timelines/400021452?language=en,2026-06-29,
Haiti,HAI,Carlens ARCUS,Defender,208,2,3,FIFA API live/football and timelines,https://api.fifa.com/api/v3/live/football/400021453?language=en https://api.fifa.com/api/v3/timelines/400021453?language=en https://api.fifa.com/api/v3/live/football/400021457?language=en https://api.fifa.com/api/v3/timelines/400021457?language=en https://api.fifa.com/api/v3/live/football/400021452?language=en https://api.fifa.com/api/v3/timelines/400021452?language=en,2026-06-29,
Haiti,HAI,Frantzdy Pierrot,Forward,205,2,3,FIFA API live/football and timelines,https://api.fifa.com/api/v3/live/football/400021453?language=en https://api.fifa.com/api/v3/timelines/400021453?language=en https://api.fifa.com/api/v3/live/football/400021457?language=en https://api.fifa.com/api/v3/timelines/400021457?language=en https://api.fifa.com/api/v3/live/football/400021452?language=en https://api.fifa.com/api/v3/timelines/400021452?language=en,2026-06-29,
Haiti,HAI,Josue CASIMIR,Forward,199,2,3,FIFA API live/football and timelines,https://api.fifa.com/api/v3/live/football/400021453?language=en https://api.fifa.com/api/v3/timelines/400021453?language=en https://api.fifa.com/api/v3/live/football/400021457?language=en https://api.fifa.com/api/v3/timelines/400021457?language=en https://api.fifa.com/api/v3/live/football/400021452?language=en https://api.fifa.com/api/v3/timelines/400021452?language=en,2026-06-29,
Haiti,HAI,Jean-Kevin DUVERNE,Defender,176,2,2,FIFA API live/football and timelines,https://api.fifa.com/api/v3/live/football/400021457?language=en https://api.fifa.com/api/v3/timelines/400021457?language=en https://api.fifa.com/api/v3/live/football/400021452?language=en https://api.fifa.com/api/v3/timelines/400021452?language=en,2026-06-29,
Haiti,HAI,Wilson Isidor,Forward,148,2,3,FIFA API live/football and timelines,https://api.fifa.com/api/v3/live/football/400021453?language=en https://api.fifa.com/api/v3/timelines/400021453?language=en https://api.fifa.com/api/v3/live/football/400021457?language=en https://api.fifa.com/api/v3/timelines/400021457?language=en https://api.fifa.com/api/v3/live/football/400021452?language=en https://api.fifa.com/api/v3/timelines/400021452?language=en,2026-06-29,
Haiti,HAI,Lenny JOSEPH,Forward,132,1,3,FIFA API live/football and timelines,https://api.fifa.com/api/v3/live/football/400021453?language=en https://api.fifa.com/api/v3/timelines/400021453?language=en https://api.fifa.com/api/v3/live/football/400021457?language=en https://api.fifa.com/api/v3/timelines/400021457?language=en https://api.fifa.com/api/v3/live/football/400021452?language=en https://api.fifa.com/api/v3/timelines/400021452?language=en,2026-06-29,
Haiti,HAI,Louicius DEEDSON,Forward,127,1,3,FIFA API live/football and timelines,https://api.fifa.com/api/v3/live/football/400021453?language=en https://api.fifa.com/api/v3/timelines/400021453?language=en https://api.fifa.com/api/v3/live/football/400021457?language=en https://api.fifa.com/api/v3/timelines/400021457?language=en https://api.fifa.com/api/v3/live/football/400021452?language=en https://api.fifa.com/api/v3/timelines/400021452?language=en,2026-06-29,
Haiti,HAI,Duckens NAZON,Forward,32,0,1,FIFA API live/football and timelines,https://api.fifa.com/api/v3/live/football/400021452?language=en https://api.fifa.com/api/v3/timelines/400021452?language=en,2026-06-29,
Haiti,HAI,Dominique SIMON,Midfielder,25,0,2,FIFA API live/football and timelines,https://api.fifa.com/api/v3/live/football/400021457?language=en https://api.fifa.com/api/v3/timelines/400021457?language=en https://api.fifa.com/api/v3/live/football/400021452?language=en https://api.fifa.com/api/v3/timelines/400021452?language=en,2026-06-29,
Haiti,HAI,Derrick ETIENNE,Forward,15,0,1,FIFA API live/football and timelines,https://api.fifa.com/api/v3/live/football/400021457?language=en https://api.fifa.com/api/v3/timelines/400021457?language=en,2026-06-29,
Haiti,HAI,Yassin FORTUNE,Forward,14,0,1,FIFA API live/football and timelines,https://api.fifa.com/api/v3/live/football/400021453?language=en https://api.fifa.com/api/v3/timelines/400021453?language=en,2026-06-29,
IR Iran,IRN,Ali NEMATI,Defender,291,3,3,FIFA API live/football and timelines,https://api.fifa.com/api/v3/live/football/400021476?language=en https://api.fifa.com/api/v3/timelines/400021476?language=en https://api.fifa.com/api/v3/live/football/400021477?language=en https://api.fifa.com/api/v3/timelines/400021477?language=en https://api.fifa.com/api/v3/live/football/400021479?language=en https://api.fifa.com/api/v3/timelines/400021479?language=en,2026-06-29,
IR Iran,IRN,Alireza BEIRANVAND,Goalkeeper,291,3,3,FIFA API live/football and timelines,https://api.fifa.com/api/v3/live/football/400021476?language=en https://api.fifa.com/api/v3/timelines/400021476?language=en https://api.fifa.com/api/v3/live/football/400021477?language=en https://api.fifa.com/api/v3/timelines/400021477?language=en https://api.fifa.com/api/v3/live/football/400021479?language=en https://api.fifa.com/api/v3/timelines/400021479?language=en,2026-06-29,
IR Iran,IRN,Ramin REZAEIAN,Defender,291,3,3,FIFA API live/football and timelines,https://api.fifa.com/api/v3/live/football/400021476?language=en https://api.fifa.com/api/v3/timelines/400021476?language=en https://api.fifa.com/api/v3/live/football/400021477?language=en https://api.fifa.com/api/v3/timelines/400021477?language=en https://api.fifa.com/api/v3/live/football/400021479?language=en https://api.fifa.com/api/v3/timelines/400021479?language=en,2026-06-29,
IR Iran,IRN,Shoja KHALILZADEH,Defender,291,3,3,FIFA API live/football and timelines,https://api.fifa.com/api/v3/live/football/400021476?language=en https://api.fifa.com/api/v3/timelines/400021476?language=en https://api.fifa.com/api/v3/live/football/400021477?language=en https://api.fifa.com/api/v3/timelines/400021477?language=en https://api.fifa.com/api/v3/live/football/400021479?language=en https://api.fifa.com/api/v3/timelines/400021479?language=en,2026-06-29,
IR Iran,IRN,Saeid EZATOLAHI,Midfielder,280,3,3,FIFA API live/football and timelines,https://api.fifa.com/api/v3/live/football/400021476?language=en https://api.fifa.com/api/v3/timelines/400021476?language=en https://api.fifa.com/api/v3/live/football/400021477?language=en https://api.fifa.com/api/v3/timelines/400021477?language=en https://api.fifa.com/api/v3/live/football/400021479?language=en https://api.fifa.com/api/v3/timelines/400021479?language=en,2026-06-29,
IR Iran,IRN,Mehdi TAREMI,Forward,275,3,3,FIFA API live/football and timelines,https://api.fifa.com/api/v3/live/football/400021476?language=en https://api.fifa.com/api/v3/timelines/400021476?language=en https://api.fifa.com/api/v3/live/football/400021477?language=en https://api.fifa.com/api/v3/timelines/400021477?language=en https://api.fifa.com/api/v3/live/football/400021479?language=en https://api.fifa.com/api/v3/timelines/400021479?language=en,2026-06-29,
IR Iran,IRN,Mohammad MOHEBBI,Midfielder,252,3,3,FIFA API live/football and timelines,https://api.fifa.com/api/v3/live/football/400021476?language=en https://api.fifa.com/api/v3/timelines/400021476?language=en https://api.fifa.com/api/v3/live/football/400021477?language=en https://api.fifa.com/api/v3/timelines/400021477?language=en https://api.fifa.com/api/v3/live/football/400021479?language=en https://api.fifa.com/api/v3/timelines/400021479?language=en,2026-06-29,
IR Iran,IRN,Milad MOHAMMADI,Defender,225,2,3,FIFA API live/football and timelines,https://api.fifa.com/api/v3/live/football/400021476?language=en https://api.fifa.com/api/v3/timelines/400021476?language=en https://api.fifa.com/api/v3/live/football/400021477?language=en https://api.fifa.com/api/v3/timelines/400021477?language=en https://api.fifa.com/api/v3/live/football/400021479?language=en https://api.fifa.com/api/v3/timelines/400021479?language=en,2026-06-29,
IR Iran,IRN,Saman GHODDOS,Midfielder,211,3,3,FIFA API live/football and timelines,https://api.fifa.com/api/v3/live/football/400021476?language=en https://api.fifa.com/api/v3/timelines/400021476?language=en https://api.fifa.com/api/v3/live/football/400021477?language=en https://api.fifa.com/api/v3/timelines/400021477?language=en https://api.fifa.com/api/v3/live/football/400021479?language=en https://api.fifa.com/api/v3/timelines/400021479?language=en,2026-06-29,
IR Iran,IRN,Hossein KANANI,Defender,186,2,2,FIFA API live/football and timelines,https://api.fifa.com/api/v3/live/football/400021477?language=en https://api.fifa.com/api/v3/timelines/400021477?language=en https://api.fifa.com/api/v3/live/football/400021479?language=en https://api.fifa.com/api/v3/timelines/400021479?language=en,2026-06-29,
IR Iran,IRN,Shahriyar MOGHANLOO,Forward,102,1,3,FIFA API live/football and timelines,https://api.fifa.com/api/v3/live/football/400021476?language=en https://api.fifa.com/api/v3/timelines/400021476?language=en https://api.fifa.com/api/v3/live/football/400021477?language=en https://api.fifa.com/api/v3/timelines/400021477?language=en https://api.fifa.com/api/v3/live/football/400021479?language=en https://api.fifa.com/api/v3/timelines/400021479?language=en,2026-06-29,
IR Iran,IRN,Mohammad GHORBANI,Midfielder,99,1,1,FIFA API live/football and timelines,https://api.fifa.com/api/v3/live/football/400021479?language=en https://api.fifa.com/api/v3/timelines/400021479?language=en,2026-06-29,
IR Iran,IRN,Saleh HARDANI,Defender,99,1,2,FIFA API live/football and timelines,https://api.fifa.com/api/v3/live/football/400021477?language=en https://api.fifa.com/api/v3/timelines/400021477?language=en https://api.fifa.com/api/v3/live/football/400021479?language=en https://api.fifa.com/api/v3/timelines/400021479?language=en,2026-06-29,
IR Iran,IRN,Ehsan HAJISAFI,Defender,97,1,2,FIFA API live/football and timelines,https://api.fifa.com/api/v3/live/football/400021476?language=en https://api.fifa.com/api/v3/timelines/400021476?language=en https://api.fifa.com/api/v3/live/football/400021477?language=en https://api.fifa.com/api/v3/timelines/400021477?language=en,2026-06-29,
IR Iran,IRN,Arya YOUSEFI,Defender,90,1,1,FIFA API live/football and timelines,https://api.fifa.com/api/v3/live/football/400021476?language=en https://api.fifa.com/api/v3/timelines/400021476?language=en,2026-06-29,
IR Iran,IRN,Ali Alipour,Forward,43,0,1,FIFA API live/football and timelines,https://api.fifa.com/api/v3/live/football/400021476?language=en https://api.fifa.com/api/v3/timelines/400021476?language=en,2026-06-29,
IR Iran,IRN,Mehdi TORABI,Midfielder,30,0,1,FIFA API live/football and timelines,https://api.fifa.com/api/v3/live/football/400021477?language=en https://api.fifa.com/api/v3/timelines/400021477?language=en,2026-06-29,
IR Iran,IRN,Amirhossein Hosseinzadeh,Forward,27,0,2,FIFA API live/football and timelines,https://api.fifa.com/api/v3/live/football/400021476?language=en https://api.fifa.com/api/v3/timelines/400021476?language=en https://api.fifa.com/api/v3/live/football/400021477?language=en https://api.fifa.com/api/v3/timelines/400021477?language=en,2026-06-29,
IR Iran,IRN,Alireza JAHANBAKHSH,Midfielder,15,0,2,FIFA API live/football and timelines,https://api.fifa.com/api/v3/live/football/400021477?language=en https://api.fifa.com/api/v3/timelines/400021477?language=en https://api.fifa.com/api/v3/live/football/400021479?language=en https://api.fifa.com/api/v3/timelines/400021479?language=en,2026-06-29,
IR Iran,IRN,Mehdi GHAYEDI,Forward,6,0,1,FIFA API live/football and timelines,https://api.fifa.com/api/v3/live/football/400021476?language=en https://api.fifa.com/api/v3/timelines/400021476?language=en,2026-06-29,
Iraq,IRQ,AKAM HASHIM,Defender,288,3,3,FIFA API live/football and timelines,https://api.fifa.com/api/v3/live/football/400021488?language=en https://api.fifa.com/api/v3/timelines/400021488?language=en https://api.fifa.com/api/v3/live/football/400021492?language=en https://api.fifa.com/api/v3/timelines/400021492?language=en https://api.fifa.com/api/v3/live/football/400021493?language=en https://api.fifa.com/api/v3/timelines/400021493?language=en,2026-06-29,
Iraq,IRQ,MERCHAS DOSKI,Defender,288,3,3,FIFA API live/football and timelines,https://api.fifa.com/api/v3/live/football/400021488?language=en https://api.fifa.com/api/v3/timelines/400021488?language=en https://api.fifa.com/api/v3/live/football/400021492?language=en https://api.fifa.com/api/v3/timelines/400021492?language=en https://api.fifa.com/api/v3/live/football/400021493?language=en https://api.fifa.com/api/v3/timelines/400021493?language=en,2026-06-29,
Iraq,IRQ,AMIR ALAMMARI,Midfielder,263,3,3,FIFA API live/football and timelines,https://api.fifa.com/api/v3/live/football/400021488?language=en https://api.fifa.com/api/v3/timelines/400021488?language=en https://api.fifa.com/api/v3/live/football/400021492?language=en https://api.fifa.com/api/v3/timelines/400021492?language=en https://api.fifa.com/api/v3/live/football/400021493?language=en https://api.fifa.com/api/v3/timelines/400021493?language=en,2026-06-29,
Iraq,IRQ,IBRAHIM BAYESH,Midfielder,243,3,3,FIFA API live/football and timelines,https://api.fifa.com/api/v3/live/football/400021488?language=en https://api.fifa.com/api/v3/timelines/400021488?language=en https://api.fifa.com/api/v3/live/football/400021492?language=en https://api.fifa.com/api/v3/timelines/400021492?language=en https://api.fifa.com/api/v3/live/football/400021493?language=en https://api.fifa.com/api/v3/timelines/400021493?language=en,2026-06-29,
Iraq,IRQ,ZIDANE IQBAL,Midfielder,199,2,3,FIFA API live/football and timelines,https://api.fifa.com/api/v3/live/football/400021488?language=en https://api.fifa.com/api/v3/timelines/400021488?language=en https://api.fifa.com/api/v3/live/football/400021492?language=en https://api.fifa.com/api/v3/timelines/400021492?language=en https://api.fifa.com/api/v3/live/football/400021493?language=en https://api.fifa.com/api/v3/timelines/400021493?language=en,2026-06-29,
Iraq,IRQ,AHMED BASIL,Goalkeeper,183,2,2,FIFA API live/football and timelines,https://api.fifa.com/api/v3/live/football/400021492?language=en https://api.fifa.com/api/v3/timelines/400021492?language=en https://api.fifa.com/api/v3/live/football/400021493?language=en https://api.fifa.com/api/v3/timelines/400021493?language=en,2026-06-29,
Iraq,IRQ,ALI ALHAMADI,Forward,183,2,3,FIFA API live/football and timelines,https://api.fifa.com/api/v3/live/football/400021488?language=en https://api.fifa.com/api/v3/timelines/400021488?language=en https://api.fifa.com/api/v3/live/football/400021492?language=en https://api.fifa.com/api/v3/timelines/400021492?language=en https://api.fifa.com/api/v3/live/football/400021493?language=en https://api.fifa.com/api/v3/timelines/400021493?language=en,2026-06-29,
Iraq,IRQ,Hussein Ali,Defender,166,2,2,FIFA API live/football and timelines,https://api.fifa.com/api/v3/live/football/400021488?language=en https://api.fifa.com/api/v3/timelines/400021488?language=en https://api.fifa.com/api/v3/live/football/400021492?language=en https://api.fifa.com/api/v3/timelines/400021492?language=en,2026-06-29,
Iraq,IRQ,ZAID TAHSEEN,Defender,158,2,2,FIFA API live/football and timelines,https://api.fifa.com/api/v3/live/football/400021488?language=en https://api.fifa.com/api/v3/timelines/400021488?language=en https://api.fifa.com/api/v3/live/football/400021492?language=en https://api.fifa.com/api/v3/timelines/400021492?language=en,2026-06-29,
Iraq,IRQ,AHMED QASEM,Forward,134,2,3,FIFA API live/football and timelines,https://api.fifa.com/api/v3/live/football/400021488?language=en https://api.fifa.com/api/v3/timelines/400021488?language=en https://api.fifa.com/api/v3/live/football/400021492?language=en https://api.fifa.com/api/v3/timelines/400021492?language=en https://api.fifa.com/api/v3/live/football/400021493?language=en https://api.fifa.com/api/v3/timelines/400021493?language=en,2026-06-29,
Iraq,IRQ,ALI JASIM,Forward,130,2,2,FIFA API live/football and timelines,https://api.fifa.com/api/v3/live/football/400021488?language=en https://api.fifa.com/api/v3/timelines/400021488?language=en https://api.fifa.com/api/v3/live/football/400021493?language=en https://api.fifa.com/api/v3/timelines/400021493?language=en,2026-06-29,
Iraq,IRQ,REBIN SULAKA,Defender,130,1,2,FIFA API live/football and timelines,https://api.fifa.com/api/v3/live/football/400021492?language=en https://api.fifa.com/api/v3/timelines/400021492?language=en https://api.fifa.com/api/v3/live/football/400021493?language=en https://api.fifa.com/api/v3/timelines/400021493?language=en,2026-06-29,
Iraq,IRQ,AYMEN HUSSEIN,Forward,124,2,2,FIFA API live/football and timelines,https://api.fifa.com/api/v3/live/football/400021488?language=en https://api.fifa.com/api/v3/timelines/400021488?language=en https://api.fifa.com/api/v3/live/football/400021492?language=en https://api.fifa.com/api/v3/timelines/400021492?language=en,2026-06-29,
Iraq,IRQ,ZAID ISMAEL,Midfielder,119,2,2,FIFA API live/football and timelines,https://api.fifa.com/api/v3/live/football/400021488?language=en https://api.fifa.com/api/v3/timelines/400021488?language=en https://api.fifa.com/api/v3/live/football/400021492?language=en https://api.fifa.com/api/v3/timelines/400021492?language=en,2026-06-29,
Iraq,IRQ,JALAL HASSAN,Goalkeeper,105,1,2,FIFA API live/football and timelines,https://api.fifa.com/api/v3/live/football/400021488?language=en https://api.fifa.com/api/v3/timelines/400021488?language=en https://api.fifa.com/api/v3/live/football/400021493?language=en https://api.fifa.com/api/v3/timelines/400021493?language=en,2026-06-29,
Iraq,IRQ,FRANS PUTROS,Defender,97,1,1,FIFA API live/football and timelines,https://api.fifa.com/api/v3/live/football/400021493?language=en https://api.fifa.com/api/v3/timelines/400021493?language=en,2026-06-29,
Iraq,IRQ,MUNAF YOUNUS,Defender,81,0,1,FIFA API live/football and timelines,https://api.fifa.com/api/v3/live/football/400021493?language=en https://api.fifa.com/api/v3/timelines/400021493?language=en,2026-06-29,
Iraq,IRQ,MARKO FARJI,Forward,64,0,2,FIFA API live/football and timelines,https://api.fifa.com/api/v3/live/football/400021488?language=en https://api.fifa.com/api/v3/timelines/400021488?language=en https://api.fifa.com/api/v3/live/football/400021492?language=en https://api.fifa.com/api/v3/timelines/400021492?language=en,2026-06-29,
Iraq,IRQ,AHMED MAKNAZI,Defender,40,0,1,FIFA API live/football and timelines,https://api.fifa.com/api/v3/live/football/400021493?language=en https://api.fifa.com/api/v3/timelines/400021493?language=en,2026-06-29,
Iraq,IRQ,ALI YOUSIF,Forward,40,0,1,FIFA API live/football and timelines,https://api.fifa.com/api/v3/live/football/400021493?language=en https://api.fifa.com/api/v3/timelines/400021493?language=en,2026-06-29,
Iraq,IRQ,YOUSSEF AMYN,Midfielder,33,0,1,FIFA API live/football and timelines,https://api.fifa.com/api/v3/live/football/400021492?language=en https://api.fifa.com/api/v3/timelines/400021492?language=en,2026-06-29,
Iraq,IRQ,KEVIN YAKOB,Midfielder,30,0,1,FIFA API live/football and timelines,https://api.fifa.com/api/v3/live/football/400021493?language=en https://api.fifa.com/api/v3/timelines/400021493?language=en,2026-06-29,
Iraq,IRQ,AIMAR SHER,Midfielder,25,0,1,FIFA API live/football and timelines,https://api.fifa.com/api/v3/live/football/400021492?language=en https://api.fifa.com/api/v3/timelines/400021492?language=en,2026-06-29,
Iraq,IRQ,MUSTAFA SAADOON,Defender,25,0,1,FIFA API live/football and timelines,https://api.fifa.com/api/v3/live/football/400021488?language=en https://api.fifa.com/api/v3/timelines/400021488?language=en,2026-06-29,
Iraq,IRQ,MOHANAD ALI,Forward,20,0,1,FIFA API live/football and timelines,https://api.fifa.com/api/v3/live/football/400021488?language=en https://api.fifa.com/api/v3/timelines/400021488?language=en,2026-06-29,
Japan,JPN,Hiroki ITO,Defender,292,3,3,FIFA API live/football and timelines,https://api.fifa.com/api/v3/live/football/400021470?language=en https://api.fifa.com/api/v3/timelines/400021470?language=en https://api.fifa.com/api/v3/live/football/400021475?language=en https://api.fifa.com/api/v3/timelines/400021475?language=en https://api.fifa.com/api/v3/live/football/400021471?language=en https://api.fifa.com/api/v3/timelines/400021471?language=en,2026-06-29,
Japan,JPN,Zion Suzuki,Goalkeeper,292,3,3,FIFA API live/football and timelines,https://api.fifa.com/api/v3/live/football/400021470?language=en https://api.fifa.com/api/v3/timelines/400021470?language=en https://api.fifa.com/api/v3/live/football/400021475?language=en https://api.fifa.com/api/v3/timelines/400021475?language=en https://api.fifa.com/api/v3/live/football/400021471?language=en https://api.fifa.com/api/v3/timelines/400021471?language=en,2026-06-29,
Japan,JPN,Daichi KAMADA,Midfielder,269,3,3,FIFA API live/football and timelines,https://api.fifa.com/api/v3/live/football/400021470?language=en https://api.fifa.com/api/v3/timelines/400021470?language=en https://api.fifa.com/api/v3/live/football/400021475?language=en https://api.fifa.com/api/v3/timelines/400021475?language=en https://api.fifa.com/api/v3/live/football/400021471?language=en https://api.fifa.com/api/v3/timelines/400021471?language=en,2026-06-29,
Japan,JPN,Keito Nakamura,Midfielder,250,3,3,FIFA API live/football and timelines,https://api.fifa.com/api/v3/live/football/400021470?language=en https://api.fifa.com/api/v3/timelines/400021470?language=en https://api.fifa.com/api/v3/live/football/400021475?language=en https://api.fifa.com/api/v3/timelines/400021475?language=en https://api.fifa.com/api/v3/live/football/400021471?language=en https://api.fifa.com/api/v3/timelines/400021471?language=en,2026-06-29,
Japan,JPN,Ayase UEDA,Forward,234,3,3,FIFA API live/football and timelines,https://api.fifa.com/api/v3/live/football/400021470?language=en https://api.fifa.com/api/v3/timelines/400021470?language=en https://api.fifa.com/api/v3/live/football/400021475?language=en https://api.fifa.com/api/v3/timelines/400021475?language=en https://api.fifa.com/api/v3/live/football/400021471?language=en https://api.fifa.com/api/v3/timelines/400021471?language=en,2026-06-29,
Japan,JPN,Ritsu DOAN,Midfielder,215,3,3,FIFA API live/football and timelines,https://api.fifa.com/api/v3/live/football/400021470?language=en https://api.fifa.com/api/v3/timelines/400021470?language=en https://api.fifa.com/api/v3/live/football/400021475?language=en https://api.fifa.com/api/v3/timelines/400021475?language=en https://api.fifa.com/api/v3/live/football/400021471?language=en https://api.fifa.com/api/v3/timelines/400021471?language=en,2026-06-29,
Japan,JPN,Ao TANAKA,Midfielder,195,2,2,FIFA API live/football and timelines,https://api.fifa.com/api/v3/live/football/400021475?language=en https://api.fifa.com/api/v3/timelines/400021475?language=en https://api.fifa.com/api/v3/live/football/400021471?language=en https://api.fifa.com/api/v3/timelines/400021471?language=en,2026-06-29,
Japan,JPN,Kaishu SANO,Midfielder,194,2,2,FIFA API live/football and timelines,https://api.fifa.com/api/v3/live/football/400021470?language=en https://api.fifa.com/api/v3/timelines/400021470?language=en https://api.fifa.com/api/v3/live/football/400021475?language=en https://api.fifa.com/api/v3/timelines/400021475?language=en,2026-06-29,
Japan,JPN,Daizen MAEDA,Midfielder,164,2,2,FIFA API live/football and timelines,https://api.fifa.com/api/v3/live/football/400021470?language=en https://api.fifa.com/api/v3/timelines/400021470?language=en https://api.fifa.com/api/v3/live/football/400021471?language=en https://api.fifa.com/api/v3/timelines/400021471?language=en,2026-06-29,
Japan,JPN,Junya ITO,Midfielder,160,1,3,FIFA API live/football and timelines,https://api.fifa.com/api/v3/live/football/400021470?language=en https://api.fifa.com/api/v3/timelines/400021470?language=en https://api.fifa.com/api/v3/live/football/400021475?language=en https://api.fifa.com/api/v3/timelines/400021475?language=en https://api.fifa.com/api/v3/live/football/400021471?language=en https://api.fifa.com/api/v3/timelines/400021471?language=en,2026-06-29,
Japan,JPN,Shogo TANIGUCHI,Defender,156,1,2,FIFA API live/football and timelines,https://api.fifa.com/api/v3/live/football/400021470?language=en https://api.fifa.com/api/v3/timelines/400021470?language=en https://api.fifa.com/api/v3/live/football/400021471?language=en https://api.fifa.com/api/v3/timelines/400021471?language=en,2026-06-29,
Japan,JPN,Yukinari Sugawara,Defender,143,1,3,FIFA API live/football and timelines,https://api.fifa.com/api/v3/live/football/400021470?language=en https://api.fifa.com/api/v3/timelines/400021470?language=en https://api.fifa.com/api/v3/live/football/400021475?language=en https://api.fifa.com/api/v3/timelines/400021475?language=en https://api.fifa.com/api/v3/live/football/400021471?language=en https://api.fifa.com/api/v3/timelines/400021471?language=en,2026-06-29,
Japan,JPN,Kou ITAKURA,Defender,136,2,2,FIFA API live/football and timelines,https://api.fifa.com/api/v3/live/football/400021475?language=en https://api.fifa.com/api/v3/timelines/400021475?language=en https://api.fifa.com/api/v3/live/football/400021471?language=en https://api.fifa.com/api/v3/timelines/400021471?language=en,2026-06-29,
Japan,JPN,Takehiro TOMIYASU,Defender,100,1,2,FIFA API live/football and timelines,https://api.fifa.com/api/v3/live/football/400021470?language=en https://api.fifa.com/api/v3/timelines/400021470?language=en https://api.fifa.com/api/v3/live/football/400021475?language=en https://api.fifa.com/api/v3/timelines/400021475?language=en,2026-06-29,
Japan,JPN,Tsuyoshi Watanabe,Defender,98,1,2,FIFA API live/football and timelines,https://api.fifa.com/api/v3/live/football/400021470?language=en https://api.fifa.com/api/v3/timelines/400021470?language=en https://api.fifa.com/api/v3/live/football/400021471?language=en https://api.fifa.com/api/v3/timelines/400021471?language=en,2026-06-29,
Japan,JPN,Ayumu SEKO,Defender,94,1,2,FIFA API live/football and timelines,https://api.fifa.com/api/v3/live/football/400021475?language=en https://api.fifa.com/api/v3/timelines/400021475?language=en https://api.fifa.com/api/v3/live/football/400021471?language=en https://api.fifa.com/api/v3/timelines/400021471?language=en,2026-06-29,
Japan,JPN,Takefusa KUBO,Midfielder,75,1,1,FIFA API live/football and timelines,https://api.fifa.com/api/v3/live/football/400021470?language=en https://api.fifa.com/api/v3/timelines/400021470?language=en,2026-06-29,
Japan,JPN,Koki OGAWA,Forward,54,0,2,FIFA API live/football and timelines,https://api.fifa.com/api/v3/live/football/400021470?language=en https://api.fifa.com/api/v3/timelines/400021470?language=en https://api.fifa.com/api/v3/live/football/400021471?language=en https://api.fifa.com/api/v3/timelines/400021471?language=en,2026-06-29,
Japan,JPN,Junnosuke SUZUKI,Defender,23,0,1,FIFA API live/football and timelines,https://api.fifa.com/api/v3/live/football/400021475?language=en https://api.fifa.com/api/v3/timelines/400021475?language=en,2026-06-29,
Japan,JPN,Yuto NAGATOMO,Defender,23,0,1,FIFA API live/football and timelines,https://api.fifa.com/api/v3/live/football/400021471?language=en https://api.fifa.com/api/v3/timelines/400021471?language=en,2026-06-29,
Japan,JPN,Yuito SUZUKI,Midfielder,19,0,1,FIFA API live/football and timelines,https://api.fifa.com/api/v3/live/football/400021475?language=en https://api.fifa.com/api/v3/timelines/400021475?language=en,2026-06-29,
Japan,JPN,Keisuke GOTO,Forward,13,0,1,FIFA API live/football and timelines,https://api.fifa.com/api/v3/live/football/400021475?language=en https://api.fifa.com/api/v3/timelines/400021475?language=en,2026-06-29,
Japan,JPN,Kento SHIOGAI,Forward,13,0,1,FIFA API live/football and timelines,https://api.fifa.com/api/v3/live/football/400021470?language=en https://api.fifa.com/api/v3/timelines/400021470?language=en,2026-06-29,
Jordan,JOR,NOOR ALRAWABDEH,Midfielder,297,3,3,FIFA API live/football and timelines,https://api.fifa.com/api/v3/live/football/400021498?language=en https://api.fifa.com/api/v3/timelines/400021498?language=en https://api.fifa.com/api/v3/live/football/400021499?language=en https://api.fifa.com/api/v3/timelines/400021499?language=en https://api.fifa.com/api/v3/live/football/400021495?language=en https://api.fifa.com/api/v3/timelines/400021495?language=en,2026-06-29,
Jordan,JOR,YAZAN ALARAB,Defender,297,3,3,FIFA API live/football and timelines,https://api.fifa.com/api/v3/live/football/400021498?language=en https://api.fifa.com/api/v3/timelines/400021498?language=en https://api.fifa.com/api/v3/live/football/400021499?language=en https://api.fifa.com/api/v3/timelines/400021499?language=en https://api.fifa.com/api/v3/live/football/400021495?language=en https://api.fifa.com/api/v3/timelines/400021495?language=en,2026-06-29,
Jordan,JOR,YAZEED ABULAILA,Goalkeeper,297,3,3,FIFA API live/football and timelines,https://api.fifa.com/api/v3/live/football/400021498?language=en https://api.fifa.com/api/v3/timelines/400021498?language=en https://api.fifa.com/api/v3/live/football/400021499?language=en https://api.fifa.com/api/v3/timelines/400021499?language=en https://api.fifa.com/api/v3/live/football/400021495?language=en https://api.fifa.com/api/v3/timelines/400021495?language=en,2026-06-29,
Jordan,JOR,ALI OLWAN,Forward,283,3,3,FIFA API live/football and timelines,https://api.fifa.com/api/v3/live/football/400021498?language=en https://api.fifa.com/api/v3/timelines/400021498?language=en https://api.fifa.com/api/v3/live/football/400021499?language=en https://api.fifa.com/api/v3/timelines/400021499?language=en https://api.fifa.com/api/v3/live/football/400021495?language=en https://api.fifa.com/api/v3/timelines/400021495?language=en,2026-06-29,
Jordan,JOR,MOHANNAD ABUTAHA,Midfielder,283,3,3,FIFA API live/football and timelines,https://api.fifa.com/api/v3/live/football/400021498?language=en https://api.fifa.com/api/v3/timelines/400021498?language=en https://api.fifa.com/api/v3/live/football/400021499?language=en https://api.fifa.com/api/v3/timelines/400021499?language=en https://api.fifa.com/api/v3/live/football/400021495?language=en https://api.fifa.com/api/v3/timelines/400021495?language=en,2026-06-29,
Jordan,JOR,NIZAR ALRASHDAN,Midfielder,277,3,3,FIFA API live/football and timelines,https://api.fifa.com/api/v3/live/football/400021498?language=en https://api.fifa.com/api/v3/timelines/400021498?language=en https://api.fifa.com/api/v3/live/football/400021499?language=en https://api.fifa.com/api/v3/timelines/400021499?language=en https://api.fifa.com/api/v3/live/football/400021495?language=en https://api.fifa.com/api/v3/timelines/400021495?language=en,2026-06-29,
Jordan,JOR,ABDALLAH NASIB,Defender,275,3,3,FIFA API live/football and timelines,https://api.fifa.com/api/v3/live/football/400021498?language=en https://api.fifa.com/api/v3/timelines/400021498?language=en https://api.fifa.com/api/v3/live/football/400021499?language=en https://api.fifa.com/api/v3/timelines/400021499?language=en https://api.fifa.com/api/v3/live/football/400021495?language=en https://api.fifa.com/api/v3/timelines/400021495?language=en,2026-06-29,
Jordan,JOR,EHSAN HADDAD,Defender,275,3,3,FIFA API live/football and timelines,https://api.fifa.com/api/v3/live/football/400021498?language=en https://api.fifa.com/api/v3/timelines/400021498?language=en https://api.fifa.com/api/v3/live/football/400021499?language=en https://api.fifa.com/api/v3/timelines/400021499?language=en https://api.fifa.com/api/v3/live/football/400021495?language=en https://api.fifa.com/api/v3/timelines/400021495?language=en,2026-06-29,
Jordan,JOR,ODEH FAKHOURY,Forward,200,2,3,FIFA API live/football and timelines,https://api.fifa.com/api/v3/live/football/400021498?language=en https://api.fifa.com/api/v3/timelines/400021498?language=en https://api.fifa.com/api/v3/live/football/400021499?language=en https://api.fifa.com/api/v3/timelines/400021499?language=en https://api.fifa.com/api/v3/live/football/400021495?language=en https://api.fifa.com/api/v3/timelines/400021495?language=en,2026-06-29,
Jordan,JOR,HUSAM ABUDAHAB,Defender,180,2,2,FIFA API live/football and timelines,https://api.fifa.com/api/v3/live/football/400021499?language=en https://api.fifa.com/api/v3/timelines/400021499?language=en https://api.fifa.com/api/v3/live/football/400021495?language=en https://api.fifa.com/api/v3/timelines/400021495?language=en,2026-06-29,
Jordan,JOR,MOUSA ALTAMARI,Forward,178,2,3,FIFA API live/football and timelines,https://api.fifa.com/api/v3/live/football/400021498?language=en https://api.fifa.com/api/v3/timelines/400021498?language=en https://api.fifa.com/api/v3/live/football/400021499?language=en https://api.fifa.com/api/v3/timelines/400021499?language=en https://api.fifa.com/api/v3/live/football/400021495?language=en https://api.fifa.com/api/v3/timelines/400021495?language=en,2026-06-29,
Jordan,JOR,ALI AZAIZEH,Forward,119,1,3,FIFA API live/football and timelines,https://api.fifa.com/api/v3/live/football/400021498?language=en https://api.fifa.com/api/v3/timelines/400021498?language=en https://api.fifa.com/api/v3/live/football/400021499?language=en https://api.fifa.com/api/v3/timelines/400021499?language=en https://api.fifa.com/api/v3/live/football/400021495?language=en https://api.fifa.com/api/v3/timelines/400021495?language=en,2026-06-29,
Jordan,JOR,MAHMOUD ALMARDI,Forward,104,1,3,FIFA API live/football and timelines,https://api.fifa.com/api/v3/live/football/400021498?language=en https://api.fifa.com/api/v3/timelines/400021498?language=en https://api.fifa.com/api/v3/live/football/400021499?language=en https://api.fifa.com/api/v3/timelines/400021499?language=en https://api.fifa.com/api/v3/live/football/400021495?language=en https://api.fifa.com/api/v3/timelines/400021495?language=en,2026-06-29,
Jordan,JOR,MOHAMMAD ABUALNADI,Defender,72,1,1,FIFA API live/football and timelines,https://api.fifa.com/api/v3/live/football/400021498?language=en https://api.fifa.com/api/v3/timelines/400021498?language=en,2026-06-29,
Jordan,JOR,SALEEM OBAID,Defender,45,0,3,FIFA API live/football and timelines,https://api.fifa.com/api/v3/live/football/400021498?language=en https://api.fifa.com/api/v3/timelines/400021498?language=en https://api.fifa.com/api/v3/live/football/400021499?language=en https://api.fifa.com/api/v3/timelines/400021499?language=en https://api.fifa.com/api/v3/live/football/400021495?language=en https://api.fifa.com/api/v3/timelines/400021495?language=en,2026-06-29,
Jordan,JOR,SAED ALROSAN,Defender,22,0,1,FIFA API live/football and timelines,https://api.fifa.com/api/v3/live/football/400021498?language=en https://api.fifa.com/api/v3/timelines/400021498?language=en,2026-06-29,
Jordan,JOR,AMER JAMOUS,Midfielder,20,0,1,FIFA API live/football and timelines,https://api.fifa.com/api/v3/live/football/400021495?language=en https://api.fifa.com/api/v3/timelines/400021495?language=en,2026-06-29,
Jordan,JOR,MOHAMMAD ALDAOUD,Midfielder,15,0,1,FIFA API live/football and timelines,https://api.fifa.com/api/v3/live/football/400021498?language=en https://api.fifa.com/api/v3/timelines/400021498?language=en,2026-06-29,
Jordan,JOR,MOHAMMAD ABUHASHEESH,Defender,14,0,1,FIFA API live/football and timelines,https://api.fifa.com/api/v3/live/football/400021499?language=en https://api.fifa.com/api/v3/timelines/400021499?language=en,2026-06-29,
Jordan,JOR,MOHAMMAD ABUZRAIQ,Forward,14,0,2,FIFA API live/football and timelines,https://api.fifa.com/api/v3/live/football/400021499?language=en https://api.fifa.com/api/v3/timelines/400021499?language=en https://api.fifa.com/api/v3/live/football/400021495?language=en https://api.fifa.com/api/v3/timelines/400021495?language=en,2026-06-29,
Korea Republic,KOR,KIM Seunggyu,Goalkeeper,291,3,3,FIFA API live/football and timelines,https://api.fifa.com/api/v3/live/football/400021441?language=en https://api.fifa.com/api/v3/timelines/400021441?language=en https://api.fifa.com/api/v3/live/football/400021442?language=en https://api.fifa.com/api/v3/timelines/400021442?language=en https://api.fifa.com/api/v3/live/football/400021445?language=en https://api.fifa.com/api/v3/timelines/400021445?language=en,2026-06-29,
Korea Republic,KOR,LEE Gihyuk,Midfielder,291,3,3,FIFA API live/football and timelines,https://api.fifa.com/api/v3/live/football/400021441?language=en https://api.fifa.com/api/v3/timelines/400021441?language=en https://api.fifa.com/api/v3/live/football/400021442?language=en https://api.fifa.com/api/v3/timelines/400021442?language=en https://api.fifa.com/api/v3/live/football/400021445?language=en https://api.fifa.com/api/v3/timelines/400021445?language=en,2026-06-29,
Korea Republic,KOR,LEE Hanbeom,Defender,291,3,3,FIFA API live/football and timelines,https://api.fifa.com/api/v3/live/football/400021441?language=en https://api.fifa.com/api/v3/timelines/400021441?language=en https://api.fifa.com/api/v3/live/football/400021442?language=en https://api.fifa.com/api/v3/timelines/400021442?language=en https://api.fifa.com/api/v3/live/football/400021445?language=en https://api.fifa.com/api/v3/timelines/400021445?language=en,2026-06-29,
Korea Republic,KOR,LEE Kangin,Midfielder,291,3,3,FIFA API live/football and timelines,https://api.fifa.com/api/v3/live/football/400021441?language=en https://api.fifa.com/api/v3/timelines/400021441?language=en https://api.fifa.com/api/v3/live/football/400021442?language=en https://api.fifa.com/api/v3/timelines/400021442?language=en https://api.fifa.com/api/v3/live/football/400021445?language=en https://api.fifa.com/api/v3/timelines/400021445?language=en,2026-06-29,
Korea Republic,KOR,HWANG Inbeom,Midfielder,278,3,3,FIFA API live/football and timelines,https://api.fifa.com/api/v3/live/football/400021441?language=en https://api.fifa.com/api/v3/timelines/400021441?language=en https://api.fifa.com/api/v3/live/football/400021442?language=en https://api.fifa.com/api/v3/timelines/400021442?language=en https://api.fifa.com/api/v3/live/football/400021445?language=en https://api.fifa.com/api/v3/timelines/400021445?language=en,2026-06-29,
Korea Republic,KOR,SEOL Youngwoo,Defender,265,3,3,FIFA API live/football and timelines,https://api.fifa.com/api/v3/live/football/400021441?language=en https://api.fifa.com/api/v3/timelines/400021441?language=en https://api.fifa.com/api/v3/live/football/400021442?language=en https://api.fifa.com/api/v3/timelines/400021442?language=en https://api.fifa.com/api/v3/live/football/400021445?language=en https://api.fifa.com/api/v3/timelines/400021445?language=en,2026-06-29,
Korea Republic,KOR,KIM Minjae,Defender,259,3,3,FIFA API live/football and timelines,https://api.fifa.com/api/v3/live/football/400021441?language=en https://api.fifa.com/api/v3/timelines/400021441?language=en https://api.fifa.com/api/v3/live/football/400021442?language=en https://api.fifa.com/api/v3/timelines/400021442?language=en https://api.fifa.com/api/v3/live/football/400021445?language=en https://api.fifa.com/api/v3/timelines/400021445?language=en,2026-06-29,
Korea Republic,KOR,PAIK Seungho,Midfielder,251,3,3,FIFA API live/football and timelines,https://api.fifa.com/api/v3/live/football/400021441?language=en https://api.fifa.com/api/v3/timelines/400021441?language=en https://api.fifa.com/api/v3/live/football/400021442?language=en https://api.fifa.com/api/v3/timelines/400021442?language=en https://api.fifa.com/api/v3/live/football/400021445?language=en https://api.fifa.com/api/v3/timelines/400021445?language=en,2026-06-29,
Korea Republic,KOR,HWANG Heechan,Midfielder,165,1,3,FIFA API live/football and timelines,https://api.fifa.com/api/v3/live/football/400021441?language=en https://api.fifa.com/api/v3/timelines/400021441?language=en https://api.fifa.com/api/v3/live/football/400021442?language=en https://api.fifa.com/api/v3/timelines/400021442?language=en https://api.fifa.com/api/v3/live/football/400021445?language=en https://api.fifa.com/api/v3/timelines/400021445?language=en,2026-06-29,
Korea Republic,KOR,LEE Taeseok,Defender,159,2,2,FIFA API live/football and timelines,https://api.fifa.com/api/v3/live/football/400021441?language=en https://api.fifa.com/api/v3/timelines/400021441?language=en https://api.fifa.com/api/v3/live/football/400021445?language=en https://api.fifa.com/api/v3/timelines/400021445?language=en,2026-06-29,
Korea Republic,KOR,OH Hyeongyu,Forward,142,1,3,FIFA API live/football and timelines,https://api.fifa.com/api/v3/live/football/400021441?language=en https://api.fifa.com/api/v3/timelines/400021441?language=en https://api.fifa.com/api/v3/live/football/400021442?language=en https://api.fifa.com/api/v3/timelines/400021442?language=en https://api.fifa.com/api/v3/live/football/400021445?language=en https://api.fifa.com/api/v3/timelines/400021445?language=en,2026-06-29,
Korea Republic,KOR,SON Heungmin,Forward,133,2,3,FIFA API live/football and timelines,https://api.fifa.com/api/v3/live/football/400021441?language=en https://api.fifa.com/api/v3/timelines/400021441?language=en https://api.fifa.com/api/v3/live/football/400021442?language=en https://api.fifa.com/api/v3/timelines/400021442?language=en https://api.fifa.com/api/v3/live/football/400021445?language=en https://api.fifa.com/api/v3/timelines/400021445?language=en,2026-06-29,
Korea Republic,KOR,LEE Jaesung,Midfielder,119,2,2,FIFA API live/football and timelines,https://api.fifa.com/api/v3/live/football/400021441?language=en https://api.fifa.com/api/v3/timelines/400021441?language=en https://api.fifa.com/api/v3/live/football/400021442?language=en https://api.fifa.com/api/v3/timelines/400021442?language=en,2026-06-29,
Korea Republic,KOR,KIM Moonhwan ,Defender,71,1,1,FIFA API live/football and timelines,https://api.fifa.com/api/v3/live/football/400021442?language=en https://api.fifa.com/api/v3/timelines/400021442?language=en,2026-06-29,
Korea Republic,KOR,EOM Jisung,Midfielder,54,0,2,FIFA API live/football and timelines,https://api.fifa.com/api/v3/live/football/400021441?language=en https://api.fifa.com/api/v3/timelines/400021441?language=en https://api.fifa.com/api/v3/live/football/400021442?language=en https://api.fifa.com/api/v3/timelines/400021442?language=en,2026-06-29,
Korea Republic,KOR,PARK Jinseob,Defender,45,0,2,FIFA API live/football and timelines,https://api.fifa.com/api/v3/live/football/400021441?language=en https://api.fifa.com/api/v3/timelines/400021441?language=en https://api.fifa.com/api/v3/live/football/400021445?language=en https://api.fifa.com/api/v3/timelines/400021445?language=en,2026-06-29,
Korea Republic,KOR,CHO Guesung,Forward,43,0,2,FIFA API live/football and timelines,https://api.fifa.com/api/v3/live/football/400021442?language=en https://api.fifa.com/api/v3/timelines/400021442?language=en https://api.fifa.com/api/v3/live/football/400021445?language=en https://api.fifa.com/api/v3/timelines/400021445?language=en,2026-06-29,
Korea Republic,KOR,YANG Hyunjun ,Midfielder,26,0,1,FIFA API live/football and timelines,https://api.fifa.com/api/v3/live/football/400021442?language=en https://api.fifa.com/api/v3/timelines/400021442?language=en,2026-06-29,
Korea Republic,KOR,KIM Jingyu,Midfielder,20,0,2,FIFA API live/football and timelines,https://api.fifa.com/api/v3/live/football/400021441?language=en https://api.fifa.com/api/v3/timelines/400021441?language=en https://api.fifa.com/api/v3/live/football/400021445?language=en https://api.fifa.com/api/v3/timelines/400021445?language=en,2026-06-29,
Korea Republic,KOR,CASTROP Jens,Defender,7,0,1,FIFA API live/football and timelines,https://api.fifa.com/api/v3/live/football/400021445?language=en https://api.fifa.com/api/v3/timelines/400021445?language=en,2026-06-29,
Mexico,MEX,Roberto ALVARADO,Forward,275,3,3,FIFA API live/football and timelines,https://api.fifa.com/api/v3/live/football/400021443?language=en https://api.fifa.com/api/v3/timelines/400021443?language=en https://api.fifa.com/api/v3/live/football/400021442?language=en https://api.fifa.com/api/v3/timelines/400021442?language=en https://api.fifa.com/api/v3/live/football/400021444?language=en https://api.fifa.com/api/v3/timelines/400021444?language=en,2026-06-29,
Mexico,MEX,Raul RANGEL,Goalkeeper,273,3,3,FIFA API live/football and timelines,https://api.fifa.com/api/v3/live/football/400021443?language=en https://api.fifa.com/api/v3/timelines/400021443?language=en https://api.fifa.com/api/v3/live/football/400021442?language=en https://api.fifa.com/api/v3/timelines/400021442?language=en https://api.fifa.com/api/v3/live/football/400021444?language=en https://api.fifa.com/api/v3/timelines/400021444?language=en,2026-06-29,
Mexico,MEX,Julian QUINONES,Forward,260,3,3,FIFA API live/football and timelines,https://api.fifa.com/api/v3/live/football/400021443?language=en https://api.fifa.com/api/v3/timelines/400021443?language=en https://api.fifa.com/api/v3/live/football/400021442?language=en https://api.fifa.com/api/v3/timelines/400021442?language=en https://api.fifa.com/api/v3/live/football/400021444?language=en https://api.fifa.com/api/v3/timelines/400021444?language=en,2026-06-29,
Mexico,MEX,Edson ALVAREZ,Defender,216,2,3,FIFA API live/football and timelines,https://api.fifa.com/api/v3/live/football/400021443?language=en https://api.fifa.com/api/v3/timelines/400021443?language=en https://api.fifa.com/api/v3/live/football/400021442?language=en https://api.fifa.com/api/v3/timelines/400021442?language=en https://api.fifa.com/api/v3/live/football/400021444?language=en https://api.fifa.com/api/v3/timelines/400021444?language=en,2026-06-29,
Mexico,MEX,Jesus GALLARDO,Defender,214,2,3,FIFA API live/football and timelines,https://api.fifa.com/api/v3/live/football/400021443?language=en https://api.fifa.com/api/v3/timelines/400021443?language=en https://api.fifa.com/api/v3/live/football/400021442?language=en https://api.fifa.com/api/v3/timelines/400021442?language=en https://api.fifa.com/api/v3/live/football/400021444?language=en https://api.fifa.com/api/v3/timelines/400021444?language=en,2026-06-29,
Mexico,MEX,Israel REYES,Defender,212,2,3,FIFA API live/football and timelines,https://api.fifa.com/api/v3/live/football/400021443?language=en https://api.fifa.com/api/v3/timelines/400021443?language=en https://api.fifa.com/api/v3/live/football/400021442?language=en https://api.fifa.com/api/v3/timelines/400021442?language=en https://api.fifa.com/api/v3/live/football/400021444?language=en https://api.fifa.com/api/v3/timelines/400021444?language=en,2026-06-29,
Mexico,MEX,Cesar MONTES,Defender,195,2,2,FIFA API live/football and timelines,https://api.fifa.com/api/v3/live/football/400021443?language=en https://api.fifa.com/api/v3/timelines/400021443?language=en https://api.fifa.com/api/v3/live/football/400021444?language=en https://api.fifa.com/api/v3/timelines/400021444?language=en,2026-06-29,
Mexico,MEX,Johan VASQUEZ,Defender,195,2,2,FIFA API live/football and timelines,https://api.fifa.com/api/v3/live/football/400021443?language=en https://api.fifa.com/api/v3/timelines/400021443?language=en https://api.fifa.com/api/v3/live/football/400021442?language=en https://api.fifa.com/api/v3/timelines/400021442?language=en,2026-06-29,
Mexico,MEX,Jorge SANCHEZ,Defender,194,2,2,FIFA API live/football and timelines,https://api.fifa.com/api/v3/live/football/400021442?language=en https://api.fifa.com/api/v3/timelines/400021442?language=en https://api.fifa.com/api/v3/live/football/400021444?language=en https://api.fifa.com/api/v3/timelines/400021444?language=en,2026-06-29,
Mexico,MEX,Erik LIRA,Midfielder,173,2,2,FIFA API live/football and timelines,https://api.fifa.com/api/v3/live/football/400021443?language=en https://api.fifa.com/api/v3/timelines/400021443?language=en https://api.fifa.com/api/v3/live/football/400021442?language=en https://api.fifa.com/api/v3/timelines/400021442?language=en,2026-06-29,
Mexico,MEX,Raul JIMENEZ,Forward,156,2,2,FIFA API live/football and timelines,https://api.fifa.com/api/v3/live/football/400021443?language=en https://api.fifa.com/api/v3/timelines/400021443?language=en https://api.fifa.com/api/v3/live/football/400021442?language=en https://api.fifa.com/api/v3/timelines/400021442?language=en,2026-06-29,
Mexico,MEX,Brian GUTIERREZ,Midfielder,137,2,2,FIFA API live/football and timelines,https://api.fifa.com/api/v3/live/football/400021443?language=en https://api.fifa.com/api/v3/timelines/400021443?language=en https://api.fifa.com/api/v3/live/football/400021442?language=en https://api.fifa.com/api/v3/timelines/400021442?language=en,2026-06-29,
Mexico,MEX,Luis ROMO,Midfielder,134,2,2,FIFA API live/football and timelines,https://api.fifa.com/api/v3/live/football/400021442?language=en https://api.fifa.com/api/v3/timelines/400021442?language=en https://api.fifa.com/api/v3/live/football/400021444?language=en https://api.fifa.com/api/v3/timelines/400021444?language=en,2026-06-29,
Mexico,MEX,Gilberto MORA,Midfielder,104,1,2,FIFA API live/football and timelines,https://api.fifa.com/api/v3/live/football/400021443?language=en https://api.fifa.com/api/v3/timelines/400021443?language=en https://api.fifa.com/api/v3/live/football/400021444?language=en https://api.fifa.com/api/v3/timelines/400021444?language=en,2026-06-29,
Mexico,MEX,Alvaro FIDALGO,Midfielder,91,1,2,FIFA API live/football and timelines,https://api.fifa.com/api/v3/live/football/400021443?language=en https://api.fifa.com/api/v3/timelines/400021443?language=en https://api.fifa.com/api/v3/live/football/400021444?language=en https://api.fifa.com/api/v3/timelines/400021444?language=en,2026-06-29,
Mexico,MEX,Mateo CHAVEZ,Defender,78,1,1,FIFA API live/football and timelines,https://api.fifa.com/api/v3/live/football/400021444?language=en https://api.fifa.com/api/v3/timelines/400021444?language=en,2026-06-29,
Mexico,MEX,Guillermo MARTINEZ,Forward,63,1,1,FIFA API live/football and timelines,https://api.fifa.com/api/v3/live/football/400021444?language=en https://api.fifa.com/api/v3/timelines/400021444?language=en,2026-06-29,
Mexico,MEX,Obed VARGAS,Midfielder,60,0,2,FIFA API live/football and timelines,https://api.fifa.com/api/v3/live/football/400021442?language=en https://api.fifa.com/api/v3/timelines/400021442?language=en https://api.fifa.com/api/v3/live/football/400021444?language=en https://api.fifa.com/api/v3/timelines/400021444?language=en,2026-06-29,
Mexico,MEX,Santiago GIMENEZ,Forward,51,0,2,FIFA API live/football and timelines,https://api.fifa.com/api/v3/live/football/400021442?language=en https://api.fifa.com/api/v3/timelines/400021442?language=en https://api.fifa.com/api/v3/live/football/400021444?language=en https://api.fifa.com/api/v3/timelines/400021444?language=en,2026-06-29,
Mexico,MEX,Luis CHAVEZ,Midfielder,32,0,1,FIFA API live/football and timelines,https://api.fifa.com/api/v3/live/football/400021443?language=en https://api.fifa.com/api/v3/timelines/400021443?language=en,2026-06-29,
Mexico,MEX,Orbelin PINEDA,Midfielder,26,0,1,FIFA API live/football and timelines,https://api.fifa.com/api/v3/live/football/400021442?language=en https://api.fifa.com/api/v3/timelines/400021442?language=en,2026-06-29,
Mexico,MEX,Armando GONZALEZ,Forward,22,0,1,FIFA API live/football and timelines,https://api.fifa.com/api/v3/live/football/400021443?language=en https://api.fifa.com/api/v3/timelines/400021443?language=en,2026-06-29,
Mexico,MEX,Alexis VEGA,Forward,19,0,1,FIFA API live/football and timelines,https://api.fifa.com/api/v3/live/football/400021443?language=en https://api.fifa.com/api/v3/timelines/400021443?language=en,2026-06-29,
Mexico,MEX,Guillermo OCHOA,Goalkeeper,19,0,1,FIFA API live/football and timelines,https://api.fifa.com/api/v3/live/football/400021444?language=en https://api.fifa.com/api/v3/timelines/400021444?language=en,2026-06-29,
Mexico,MEX,Cesar HUERTA,Forward,13,0,1,FIFA API live/football and timelines,https://api.fifa.com/api/v3/live/football/400021442?language=en https://api.fifa.com/api/v3/timelines/400021442?language=en,2026-06-29,
Morocco,MAR,Achraf HAKIMI,Defender,297,3,3,FIFA API live/football and timelines,https://api.fifa.com/api/v3/live/football/400021456?language=en https://api.fifa.com/api/v3/timelines/400021456?language=en https://api.fifa.com/api/v3/live/football/400021454?language=en https://api.fifa.com/api/v3/timelines/400021454?language=en https://api.fifa.com/api/v3/live/football/400021452?language=en https://api.fifa.com/api/v3/timelines/400021452?language=en,2026-06-29,
Morocco,MAR,Chadi RIAD,Defender,297,3,3,FIFA API live/football and timelines,https://api.fifa.com/api/v3/live/football/400021456?language=en https://api.fifa.com/api/v3/timelines/400021456?language=en https://api.fifa.com/api/v3/live/football/400021454?language=en https://api.fifa.com/api/v3/timelines/400021454?language=en https://api.fifa.com/api/v3/live/football/400021452?language=en https://api.fifa.com/api/v3/timelines/400021452?language=en,2026-06-29,
Morocco,MAR,Yassine BOUNOU,Goalkeeper,297,3,3,FIFA API live/football and timelines,https://api.fifa.com/api/v3/live/football/400021456?language=en https://api.fifa.com/api/v3/timelines/400021456?language=en https://api.fifa.com/api/v3/live/football/400021454?language=en https://api.fifa.com/api/v3/timelines/400021454?language=en https://api.fifa.com/api/v3/live/football/400021452?language=en https://api.fifa.com/api/v3/timelines/400021452?language=en,2026-06-29,
Morocco,MAR,Neil EL AYNAOUI,Midfielder,281,3,3,FIFA API live/football and timelines,https://api.fifa.com/api/v3/live/football/400021456?language=en https://api.fifa.com/api/v3/timelines/400021456?language=en https://api.fifa.com/api/v3/live/football/400021454?language=en https://api.fifa.com/api/v3/timelines/400021454?language=en https://api.fifa.com/api/v3/live/football/400021452?language=en https://api.fifa.com/api/v3/timelines/400021452?language=en,2026-06-29,
Morocco,MAR,Bilal EL KHANNOUSS,Midfielder,262,3,3,FIFA API live/football and timelines,https://api.fifa.com/api/v3/live/football/400021456?language=en https://api.fifa.com/api/v3/timelines/400021456?language=en https://api.fifa.com/api/v3/live/football/400021454?language=en https://api.fifa.com/api/v3/timelines/400021454?language=en https://api.fifa.com/api/v3/live/football/400021452?language=en https://api.fifa.com/api/v3/timelines/400021452?language=en,2026-06-29,
Morocco,MAR,Ismael SAIBARI,Midfielder,242,3,3,FIFA API live/football and timelines,https://api.fifa.com/api/v3/live/football/400021456?language=en https://api.fifa.com/api/v3/timelines/400021456?language=en https://api.fifa.com/api/v3/live/football/400021454?language=en https://api.fifa.com/api/v3/timelines/400021454?language=en https://api.fifa.com/api/v3/live/football/400021452?language=en https://api.fifa.com/api/v3/timelines/400021452?language=en,2026-06-29,
Morocco,MAR,Brahim DIAZ,Forward,217,3,3,FIFA API live/football and timelines,https://api.fifa.com/api/v3/live/football/400021456?language=en https://api.fifa.com/api/v3/timelines/400021456?language=en https://api.fifa.com/api/v3/live/football/400021454?language=en https://api.fifa.com/api/v3/timelines/400021454?language=en https://api.fifa.com/api/v3/live/football/400021452?language=en https://api.fifa.com/api/v3/timelines/400021452?language=en,2026-06-29,
Morocco,MAR,Ayyoub BOUADDI,Midfielder,198,2,2,FIFA API live/football and timelines,https://api.fifa.com/api/v3/live/football/400021456?language=en https://api.fifa.com/api/v3/timelines/400021456?language=en https://api.fifa.com/api/v3/live/football/400021454?language=en https://api.fifa.com/api/v3/timelines/400021454?language=en,2026-06-29,
Morocco,MAR,Issa Diop,Defender,198,2,2,FIFA API live/football and timelines,https://api.fifa.com/api/v3/live/football/400021456?language=en https://api.fifa.com/api/v3/timelines/400021456?language=en https://api.fifa.com/api/v3/live/football/400021454?language=en https://api.fifa.com/api/v3/timelines/400021454?language=en,2026-06-29,
Morocco,MAR,Noussair MAZRAOUI,Defender,193,2,3,FIFA API live/football and timelines,https://api.fifa.com/api/v3/live/football/400021456?language=en https://api.fifa.com/api/v3/timelines/400021456?language=en https://api.fifa.com/api/v3/live/football/400021454?language=en https://api.fifa.com/api/v3/timelines/400021454?language=en https://api.fifa.com/api/v3/live/football/400021452?language=en https://api.fifa.com/api/v3/timelines/400021452?language=en,2026-06-29,
Morocco,MAR,Azzedine OUNAHI,Midfielder,183,2,3,FIFA API live/football and timelines,https://api.fifa.com/api/v3/live/football/400021456?language=en https://api.fifa.com/api/v3/timelines/400021456?language=en https://api.fifa.com/api/v3/live/football/400021454?language=en https://api.fifa.com/api/v3/timelines/400021454?language=en https://api.fifa.com/api/v3/live/football/400021452?language=en https://api.fifa.com/api/v3/timelines/400021452?language=en,2026-06-29,
Morocco,MAR,Anass SALAH EDDINE,Defender,104,1,2,FIFA API live/football and timelines,https://api.fifa.com/api/v3/live/football/400021456?language=en https://api.fifa.com/api/v3/timelines/400021456?language=en https://api.fifa.com/api/v3/live/football/400021452?language=en https://api.fifa.com/api/v3/timelines/400021452?language=en,2026-06-29,
Morocco,MAR,Redouane HALHAL,Defender,99,1,1,FIFA API live/football and timelines,https://api.fifa.com/api/v3/live/football/400021452?language=en https://api.fifa.com/api/v3/timelines/400021452?language=en,2026-06-29,
Morocco,MAR,Sofyan AMRABAT,Midfielder,99,1,1,FIFA API live/football and timelines,https://api.fifa.com/api/v3/live/football/400021452?language=en https://api.fifa.com/api/v3/timelines/400021452?language=en,2026-06-29,
Morocco,MAR,Ayoub El Kaabi,Forward,70,1,1,FIFA API live/football and timelines,https://api.fifa.com/api/v3/live/football/400021452?language=en https://api.fifa.com/api/v3/timelines/400021452?language=en,2026-06-29,
Morocco,MAR,Samir EL MOURABET,Midfielder,60,0,3,FIFA API live/football and timelines,https://api.fifa.com/api/v3/live/football/400021456?language=en https://api.fifa.com/api/v3/timelines/400021456?language=en https://api.fifa.com/api/v3/live/football/400021454?language=en https://api.fifa.com/api/v3/timelines/400021454?language=en https://api.fifa.com/api/v3/live/football/400021452?language=en https://api.fifa.com/api/v3/timelines/400021452?language=en,2026-06-29,
Morocco,MAR,Soufiane RAHIMI,Forward,55,0,3,FIFA API live/football and timelines,https://api.fifa.com/api/v3/live/football/400021456?language=en https://api.fifa.com/api/v3/timelines/400021456?language=en https://api.fifa.com/api/v3/live/football/400021454?language=en https://api.fifa.com/api/v3/timelines/400021454?language=en https://api.fifa.com/api/v3/live/football/400021452?language=en https://api.fifa.com/api/v3/timelines/400021452?language=en,2026-06-29,
Morocco,MAR,Chemsdine TALBI,Midfielder,51,0,2,FIFA API live/football and timelines,https://api.fifa.com/api/v3/live/football/400021456?language=en https://api.fifa.com/api/v3/timelines/400021456?language=en https://api.fifa.com/api/v3/live/football/400021454?language=en https://api.fifa.com/api/v3/timelines/400021454?language=en,2026-06-29,
Morocco,MAR,Ayoube AMAIMOUNI,Forward,35,0,2,FIFA API live/football and timelines,https://api.fifa.com/api/v3/live/football/400021456?language=en https://api.fifa.com/api/v3/timelines/400021456?language=en https://api.fifa.com/api/v3/live/football/400021454?language=en https://api.fifa.com/api/v3/timelines/400021454?language=en,2026-06-29,
Morocco,MAR,Gessime YASSINE,Midfielder,29,0,1,FIFA API live/football and timelines,https://api.fifa.com/api/v3/live/football/400021452?language=en https://api.fifa.com/api/v3/timelines/400021452?language=en,2026-06-29,
Netherlands,NED,Bart Verbruggen,Goalkeeper,289,3,3,FIFA API live/football and timelines,https://api.fifa.com/api/v3/live/football/400021470?language=en https://api.fifa.com/api/v3/timelines/400021470?language=en https://api.fifa.com/api/v3/live/football/400021472?language=en https://api.fifa.com/api/v3/timelines/400021472?language=en https://api.fifa.com/api/v3/live/football/400021473?language=en https://api.fifa.com/api/v3/timelines/400021473?language=en,2026-06-29,
Netherlands,NED,Denzel DUMFRIES,Defender,289,3,3,FIFA API live/football and timelines,https://api.fifa.com/api/v3/live/football/400021470?language=en https://api.fifa.com/api/v3/timelines/400021470?language=en https://api.fifa.com/api/v3/live/football/400021472?language=en https://api.fifa.com/api/v3/timelines/400021472?language=en https://api.fifa.com/api/v3/live/football/400021473?language=en https://api.fifa.com/api/v3/timelines/400021473?language=en,2026-06-29,
Netherlands,NED,Jan Paul VAN HECKE,Defender,289,3,3,FIFA API live/football and timelines,https://api.fifa.com/api/v3/live/football/400021470?language=en https://api.fifa.com/api/v3/timelines/400021470?language=en https://api.fifa.com/api/v3/live/football/400021472?language=en https://api.fifa.com/api/v3/timelines/400021472?language=en https://api.fifa.com/api/v3/live/football/400021473?language=en https://api.fifa.com/api/v3/timelines/400021473?language=en,2026-06-29,
Netherlands,NED,Virgil VAN DIJK,Defender,289,3,3,FIFA API live/football and timelines,https://api.fifa.com/api/v3/live/football/400021470?language=en https://api.fifa.com/api/v3/timelines/400021470?language=en https://api.fifa.com/api/v3/live/football/400021472?language=en https://api.fifa.com/api/v3/timelines/400021472?language=en https://api.fifa.com/api/v3/live/football/400021473?language=en https://api.fifa.com/api/v3/timelines/400021473?language=en,2026-06-29,
Netherlands,NED,Ryan GRAVENBERCH,Midfielder,273,3,3,FIFA API live/football and timelines,https://api.fifa.com/api/v3/live/football/400021470?language=en https://api.fifa.com/api/v3/timelines/400021470?language=en https://api.fifa.com/api/v3/live/football/400021472?language=en https://api.fifa.com/api/v3/timelines/400021472?language=en https://api.fifa.com/api/v3/live/football/400021473?language=en https://api.fifa.com/api/v3/timelines/400021473?language=en,2026-06-29,
Netherlands,NED,Cody GAKPO,Forward,258,3,3,FIFA API live/football and timelines,https://api.fifa.com/api/v3/live/football/400021470?language=en https://api.fifa.com/api/v3/timelines/400021470?language=en https://api.fifa.com/api/v3/live/football/400021472?language=en https://api.fifa.com/api/v3/timelines/400021472?language=en https://api.fifa.com/api/v3/live/football/400021473?language=en https://api.fifa.com/api/v3/timelines/400021473?language=en,2026-06-29,
Netherlands,NED,Donyell Malen,Forward,232,3,3,FIFA API live/football and timelines,https://api.fifa.com/api/v3/live/football/400021470?language=en https://api.fifa.com/api/v3/timelines/400021470?language=en https://api.fifa.com/api/v3/live/football/400021472?language=en https://api.fifa.com/api/v3/timelines/400021472?language=en https://api.fifa.com/api/v3/live/football/400021473?language=en https://api.fifa.com/api/v3/timelines/400021473?language=en,2026-06-29,
Netherlands,NED,Frenkie DE JONG,Midfielder,228,3,3,FIFA API live/football and timelines,https://api.fifa.com/api/v3/live/football/400021470?language=en https://api.fifa.com/api/v3/timelines/400021470?language=en https://api.fifa.com/api/v3/live/football/400021472?language=en https://api.fifa.com/api/v3/timelines/400021472?language=en https://api.fifa.com/api/v3/live/football/400021473?language=en https://api.fifa.com/api/v3/timelines/400021473?language=en,2026-06-29,
Netherlands,NED,Tijjani REIJNDERS,Midfielder,201,3,3,FIFA API live/football and timelines,https://api.fifa.com/api/v3/live/football/400021470?language=en https://api.fifa.com/api/v3/timelines/400021470?language=en https://api.fifa.com/api/v3/live/football/400021472?language=en https://api.fifa.com/api/v3/timelines/400021472?language=en https://api.fifa.com/api/v3/live/football/400021473?language=en https://api.fifa.com/api/v3/timelines/400021473?language=en,2026-06-29,
Netherlands,NED,Micky VAN DE VEN,Defender,193,2,2,FIFA API live/football and timelines,https://api.fifa.com/api/v3/live/football/400021470?language=en https://api.fifa.com/api/v3/timelines/400021470?language=en https://api.fifa.com/api/v3/live/football/400021472?language=en https://api.fifa.com/api/v3/timelines/400021472?language=en,2026-06-29,
Netherlands,NED,Brian BROBBEY,Forward,162,2,3,FIFA API live/football and timelines,https://api.fifa.com/api/v3/live/football/400021470?language=en https://api.fifa.com/api/v3/timelines/400021470?language=en https://api.fifa.com/api/v3/live/football/400021472?language=en https://api.fifa.com/api/v3/timelines/400021472?language=en https://api.fifa.com/api/v3/live/football/400021473?language=en https://api.fifa.com/api/v3/timelines/400021473?language=en,2026-06-29,
Netherlands,NED,Nathan AKE,Defender,112,1,2,FIFA API live/football and timelines,https://api.fifa.com/api/v3/live/football/400021470?language=en https://api.fifa.com/api/v3/timelines/400021470?language=en https://api.fifa.com/api/v3/live/football/400021473?language=en https://api.fifa.com/api/v3/timelines/400021473?language=en,2026-06-29,
Netherlands,NED,Crysencio SUMMERVILLE,Forward,100,1,3,FIFA API live/football and timelines,https://api.fifa.com/api/v3/live/football/400021470?language=en https://api.fifa.com/api/v3/timelines/400021470?language=en https://api.fifa.com/api/v3/live/football/400021472?language=en https://api.fifa.com/api/v3/timelines/400021472?language=en https://api.fifa.com/api/v3/live/football/400021473?language=en https://api.fifa.com/api/v3/timelines/400021473?language=en,2026-06-29,
Netherlands,NED,Teun KOOPMEINERS,Midfielder,88,0,3,FIFA API live/football and timelines,https://api.fifa.com/api/v3/live/football/400021470?language=en https://api.fifa.com/api/v3/timelines/400021470?language=en https://api.fifa.com/api/v3/live/football/400021472?language=en https://api.fifa.com/api/v3/timelines/400021472?language=en https://api.fifa.com/api/v3/live/football/400021473?language=en https://api.fifa.com/api/v3/timelines/400021473?language=en,2026-06-29,
Netherlands,NED,Memphis DEPAY,Forward,70,0,3,FIFA API live/football and timelines,https://api.fifa.com/api/v3/live/football/400021470?language=en https://api.fifa.com/api/v3/timelines/400021470?language=en https://api.fifa.com/api/v3/live/football/400021472?language=en https://api.fifa.com/api/v3/timelines/400021472?language=en https://api.fifa.com/api/v3/live/football/400021473?language=en https://api.fifa.com/api/v3/timelines/400021473?language=en,2026-06-29,
Netherlands,NED,Guus TIL,Midfielder,37,0,1,FIFA API live/football and timelines,https://api.fifa.com/api/v3/live/football/400021472?language=en https://api.fifa.com/api/v3/timelines/400021472?language=en,2026-06-29,
Netherlands,NED,Quinten TIMBER,Midfielder,27,0,1,FIFA API live/football and timelines,https://api.fifa.com/api/v3/live/football/400021470?language=en https://api.fifa.com/api/v3/timelines/400021470?language=en,2026-06-29,
Netherlands,NED,Justin KLUIVERT,Midfielder,24,0,1,FIFA API live/football and timelines,https://api.fifa.com/api/v3/live/football/400021473?language=en https://api.fifa.com/api/v3/timelines/400021473?language=en,2026-06-29,
Netherlands,NED,Noa LANG,Forward,18,0,2,FIFA API live/football and timelines,https://api.fifa.com/api/v3/live/football/400021472?language=en https://api.fifa.com/api/v3/timelines/400021472?language=en https://api.fifa.com/api/v3/live/football/400021473?language=en https://api.fifa.com/api/v3/timelines/400021473?language=en,2026-06-29,
New Zealand,NZL,Chris WOOD,Forward,293,3,3,FIFA API live/football and timelines,https://api.fifa.com/api/v3/live/football/400021476?language=en https://api.fifa.com/api/v3/timelines/400021476?language=en https://api.fifa.com/api/v3/live/football/400021480?language=en https://api.fifa.com/api/v3/timelines/400021480?language=en https://api.fifa.com/api/v3/live/football/400021481?language=en https://api.fifa.com/api/v3/timelines/400021481?language=en,2026-06-29,
New Zealand,NZL,Finn SURMAN,Defender,293,3,3,FIFA API live/football and timelines,https://api.fifa.com/api/v3/live/football/400021476?language=en https://api.fifa.com/api/v3/timelines/400021476?language=en https://api.fifa.com/api/v3/live/football/400021480?language=en https://api.fifa.com/api/v3/timelines/400021480?language=en https://api.fifa.com/api/v3/live/football/400021481?language=en https://api.fifa.com/api/v3/timelines/400021481?language=en,2026-06-29,
New Zealand,NZL,Max CROCOMBE,Goalkeeper,293,3,3,FIFA API live/football and timelines,https://api.fifa.com/api/v3/live/football/400021476?language=en https://api.fifa.com/api/v3/timelines/400021476?language=en https://api.fifa.com/api/v3/live/football/400021480?language=en https://api.fifa.com/api/v3/timelines/400021480?language=en https://api.fifa.com/api/v3/live/football/400021481?language=en https://api.fifa.com/api/v3/timelines/400021481?language=en,2026-06-29,
New Zealand,NZL,Marko STAMENIC,Midfielder,287,3,3,FIFA API live/football and timelines,https://api.fifa.com/api/v3/live/football/400021476?language=en https://api.fifa.com/api/v3/timelines/400021476?language=en https://api.fifa.com/api/v3/live/football/400021480?language=en https://api.fifa.com/api/v3/timelines/400021480?language=en https://api.fifa.com/api/v3/live/football/400021481?language=en https://api.fifa.com/api/v3/timelines/400021481?language=en,2026-06-29,
New Zealand,NZL,Elijah JUST,Midfielder,277,3,3,FIFA API live/football and timelines,https://api.fifa.com/api/v3/live/football/400021476?language=en https://api.fifa.com/api/v3/timelines/400021476?language=en https://api.fifa.com/api/v3/live/football/400021480?language=en https://api.fifa.com/api/v3/timelines/400021480?language=en https://api.fifa.com/api/v3/live/football/400021481?language=en https://api.fifa.com/api/v3/timelines/400021481?language=en,2026-06-29,
New Zealand,NZL,Joe BELL,Midfielder,261,3,3,FIFA API live/football and timelines,https://api.fifa.com/api/v3/live/football/400021476?language=en https://api.fifa.com/api/v3/timelines/400021476?language=en https://api.fifa.com/api/v3/live/football/400021480?language=en https://api.fifa.com/api/v3/timelines/400021480?language=en https://api.fifa.com/api/v3/live/football/400021481?language=en https://api.fifa.com/api/v3/timelines/400021481?language=en,2026-06-29,
New Zealand,NZL,Sarpreet SINGH,Midfielder,256,3,3,FIFA API live/football and timelines,https://api.fifa.com/api/v3/live/football/400021476?language=en https://api.fifa.com/api/v3/timelines/400021476?language=en https://api.fifa.com/api/v3/live/football/400021480?language=en https://api.fifa.com/api/v3/timelines/400021480?language=en https://api.fifa.com/api/v3/live/football/400021481?language=en https://api.fifa.com/api/v3/timelines/400021481?language=en,2026-06-29,
New Zealand,NZL,Michael BOXALL,Defender,229,2,3,FIFA API live/football and timelines,https://api.fifa.com/api/v3/live/football/400021476?language=en https://api.fifa.com/api/v3/timelines/400021476?language=en https://api.fifa.com/api/v3/live/football/400021480?language=en https://api.fifa.com/api/v3/timelines/400021480?language=en https://api.fifa.com/api/v3/live/football/400021481?language=en https://api.fifa.com/api/v3/timelines/400021481?language=en,2026-06-29,
New Zealand,NZL,Tim PAYNE,Defender,226,3,3,FIFA API live/football and timelines,https://api.fifa.com/api/v3/live/football/400021476?language=en https://api.fifa.com/api/v3/timelines/400021476?language=en https://api.fifa.com/api/v3/live/football/400021480?language=en https://api.fifa.com/api/v3/timelines/400021480?language=en https://api.fifa.com/api/v3/live/football/400021481?language=en https://api.fifa.com/api/v3/timelines/400021481?language=en,2026-06-29,
New Zealand,NZL,Liberato CACACE,Defender,223,3,3,FIFA API live/football and timelines,https://api.fifa.com/api/v3/live/football/400021476?language=en https://api.fifa.com/api/v3/timelines/400021476?language=en https://api.fifa.com/api/v3/live/football/400021480?language=en https://api.fifa.com/api/v3/timelines/400021480?language=en https://api.fifa.com/api/v3/live/football/400021481?language=en https://api.fifa.com/api/v3/timelines/400021481?language=en,2026-06-29,
New Zealand,NZL,Callum McCOWATT,Midfielder,166,2,3,FIFA API live/football and timelines,https://api.fifa.com/api/v3/live/football/400021476?language=en https://api.fifa.com/api/v3/timelines/400021476?language=en https://api.fifa.com/api/v3/live/football/400021480?language=en https://api.fifa.com/api/v3/timelines/400021480?language=en https://api.fifa.com/api/v3/live/football/400021481?language=en https://api.fifa.com/api/v3/timelines/400021481?language=en,2026-06-29,
New Zealand,NZL,Ryan THOMAS,Midfielder,143,1,3,FIFA API live/football and timelines,https://api.fifa.com/api/v3/live/football/400021476?language=en https://api.fifa.com/api/v3/timelines/400021476?language=en https://api.fifa.com/api/v3/live/football/400021480?language=en https://api.fifa.com/api/v3/timelines/400021480?language=en https://api.fifa.com/api/v3/live/football/400021481?language=en https://api.fifa.com/api/v3/timelines/400021481?language=en,2026-06-29,
New Zealand,NZL,Tyler BINDON,Defender,118,1,3,FIFA API live/football and timelines,https://api.fifa.com/api/v3/live/football/400021476?language=en https://api.fifa.com/api/v3/timelines/400021476?language=en https://api.fifa.com/api/v3/live/football/400021480?language=en https://api.fifa.com/api/v3/timelines/400021480?language=en https://api.fifa.com/api/v3/live/football/400021481?language=en https://api.fifa.com/api/v3/timelines/400021481?language=en,2026-06-29,
New Zealand,NZL,Ben OLD,Midfielder,69,0,3,FIFA API live/football and timelines,https://api.fifa.com/api/v3/live/football/400021476?language=en https://api.fifa.com/api/v3/timelines/400021476?language=en https://api.fifa.com/api/v3/live/football/400021480?language=en https://api.fifa.com/api/v3/timelines/400021480?language=en https://api.fifa.com/api/v3/live/football/400021481?language=en https://api.fifa.com/api/v3/timelines/400021481?language=en,2026-06-29,
New Zealand,NZL,Jesse RANDALL,Forward,37,0,3,FIFA API live/football and timelines,https://api.fifa.com/api/v3/live/football/400021476?language=en https://api.fifa.com/api/v3/timelines/400021476?language=en https://api.fifa.com/api/v3/live/football/400021480?language=en https://api.fifa.com/api/v3/timelines/400021480?language=en https://api.fifa.com/api/v3/live/football/400021481?language=en https://api.fifa.com/api/v3/timelines/400021481?language=en,2026-06-29,
New Zealand,NZL,Francis DE VRIES,Defender,33,0,2,FIFA API live/football and timelines,https://api.fifa.com/api/v3/live/football/400021480?language=en https://api.fifa.com/api/v3/timelines/400021480?language=en https://api.fifa.com/api/v3/live/football/400021481?language=en https://api.fifa.com/api/v3/timelines/400021481?language=en,2026-06-29,
New Zealand,NZL,Callan ELLIOT,Defender,19,0,1,FIFA API live/football and timelines,https://api.fifa.com/api/v3/live/football/400021476?language=en https://api.fifa.com/api/v3/timelines/400021476?language=en,2026-06-29,
Norway,NOR,Fredrik AURSNES,Midfielder,259,3,3,FIFA API live/football and timelines,https://api.fifa.com/api/v3/live/football/400021488?language=en https://api.fifa.com/api/v3/timelines/400021488?language=en https://api.fifa.com/api/v3/live/football/400021491?language=en https://api.fifa.com/api/v3/timelines/400021491?language=en https://api.fifa.com/api/v3/live/football/400021489?language=en https://api.fifa.com/api/v3/timelines/400021489?language=en,2026-06-29,
Norway,NOR,Erling HAALAND,Forward,199,2,2,FIFA API live/football and timelines,https://api.fifa.com/api/v3/live/football/400021488?language=en https://api.fifa.com/api/v3/timelines/400021488?language=en https://api.fifa.com/api/v3/live/football/400021491?language=en https://api.fifa.com/api/v3/timelines/400021491?language=en,2026-06-29,
Norway,NOR,Kristoffer AJER,Defender,199,2,2,FIFA API live/football and timelines,https://api.fifa.com/api/v3/live/football/400021488?language=en https://api.fifa.com/api/v3/timelines/400021488?language=en https://api.fifa.com/api/v3/live/football/400021491?language=en https://api.fifa.com/api/v3/timelines/400021491?language=en,2026-06-29,
Norway,NOR,Orjan NYLAND,Goalkeeper,199,2,2,FIFA API live/football and timelines,https://api.fifa.com/api/v3/live/football/400021488?language=en https://api.fifa.com/api/v3/timelines/400021488?language=en https://api.fifa.com/api/v3/live/football/400021491?language=en https://api.fifa.com/api/v3/timelines/400021491?language=en,2026-06-29,
Norway,NOR,Sander BERGE,Midfielder,199,2,2,FIFA API live/football and timelines,https://api.fifa.com/api/v3/live/football/400021488?language=en https://api.fifa.com/api/v3/timelines/400021488?language=en https://api.fifa.com/api/v3/live/football/400021491?language=en https://api.fifa.com/api/v3/timelines/400021491?language=en,2026-06-29,
Norway,NOR,Martin ODEGAARD,Midfielder,182,2,2,FIFA API live/football and timelines,https://api.fifa.com/api/v3/live/football/400021488?language=en https://api.fifa.com/api/v3/timelines/400021488?language=en https://api.fifa.com/api/v3/live/football/400021491?language=en https://api.fifa.com/api/v3/timelines/400021491?language=en,2026-06-29,
Norway,NOR,Torbjorn HEGGEM,Defender,182,2,2,FIFA API live/football and timelines,https://api.fifa.com/api/v3/live/football/400021488?language=en https://api.fifa.com/api/v3/timelines/400021488?language=en https://api.fifa.com/api/v3/live/football/400021491?language=en https://api.fifa.com/api/v3/timelines/400021491?language=en,2026-06-29,
Norway,NOR,David MOLLER WOLFE,Defender,174,2,2,FIFA API live/football and timelines,https://api.fifa.com/api/v3/live/football/400021488?language=en https://api.fifa.com/api/v3/timelines/400021488?language=en https://api.fifa.com/api/v3/live/football/400021491?language=en https://api.fifa.com/api/v3/timelines/400021491?language=en,2026-06-29,
Norway,NOR,Alexander SORLOTH,Forward,157,2,2,FIFA API live/football and timelines,https://api.fifa.com/api/v3/live/football/400021488?language=en https://api.fifa.com/api/v3/timelines/400021488?language=en https://api.fifa.com/api/v3/live/football/400021491?language=en https://api.fifa.com/api/v3/timelines/400021491?language=en,2026-06-29,
Norway,NOR,Antonio NUSA,Forward,157,2,3,FIFA API live/football and timelines,https://api.fifa.com/api/v3/live/football/400021488?language=en https://api.fifa.com/api/v3/timelines/400021488?language=en https://api.fifa.com/api/v3/live/football/400021491?language=en https://api.fifa.com/api/v3/timelines/400021491?language=en https://api.fifa.com/api/v3/live/football/400021489?language=en https://api.fifa.com/api/v3/timelines/400021489?language=en,2026-06-29,
Norway,NOR,Andreas SCHJELDERUP,Midfielder,138,1,3,FIFA API live/football and timelines,https://api.fifa.com/api/v3/live/football/400021488?language=en https://api.fifa.com/api/v3/timelines/400021488?language=en https://api.fifa.com/api/v3/live/football/400021491?language=en https://api.fifa.com/api/v3/timelines/400021491?language=en https://api.fifa.com/api/v3/live/football/400021489?language=en https://api.fifa.com/api/v3/timelines/400021489?language=en,2026-06-29,
Norway,NOR,Leo OSTIGARD,Defender,138,1,3,FIFA API live/football and timelines,https://api.fifa.com/api/v3/live/football/400021488?language=en https://api.fifa.com/api/v3/timelines/400021488?language=en https://api.fifa.com/api/v3/live/football/400021491?language=en https://api.fifa.com/api/v3/timelines/400021491?language=en https://api.fifa.com/api/v3/live/football/400021489?language=en https://api.fifa.com/api/v3/timelines/400021489?language=en,2026-06-29,
Norway,NOR,Oscar BOBB,Midfielder,125,1,3,FIFA API live/football and timelines,https://api.fifa.com/api/v3/live/football/400021488?language=en https://api.fifa.com/api/v3/timelines/400021488?language=en https://api.fifa.com/api/v3/live/football/400021491?language=en https://api.fifa.com/api/v3/timelines/400021491?language=en https://api.fifa.com/api/v3/live/football/400021489?language=en https://api.fifa.com/api/v3/timelines/400021489?language=en,2026-06-29,
Norway,NOR,Patrick BERG,Midfielder,124,1,3,FIFA API live/football and timelines,https://api.fifa.com/api/v3/live/football/400021488?language=en https://api.fifa.com/api/v3/timelines/400021488?language=en https://api.fifa.com/api/v3/live/football/400021491?language=en https://api.fifa.com/api/v3/timelines/400021491?language=en https://api.fifa.com/api/v3/live/football/400021489?language=en https://api.fifa.com/api/v3/timelines/400021489?language=en,2026-06-29,
Norway,NOR,Kristian Thorstvedt,Midfielder,115,1,2,FIFA API live/football and timelines,https://api.fifa.com/api/v3/live/football/400021488?language=en https://api.fifa.com/api/v3/timelines/400021488?language=en https://api.fifa.com/api/v3/live/football/400021489?language=en https://api.fifa.com/api/v3/timelines/400021489?language=en,2026-06-29,
Norway,NOR,Julian RYERSON,Forward,111,2,2,FIFA API live/football and timelines,https://api.fifa.com/api/v3/live/football/400021488?language=en https://api.fifa.com/api/v3/timelines/400021488?language=en https://api.fifa.com/api/v3/live/football/400021491?language=en https://api.fifa.com/api/v3/timelines/400021491?language=en,2026-06-29,
Norway,NOR,Egil SELVIK,Goalkeeper,96,1,1,FIFA API live/football and timelines,https://api.fifa.com/api/v3/live/football/400021489?language=en https://api.fifa.com/api/v3/timelines/400021489?language=en,2026-06-29,
Norway,NOR,Jorgen STRAND LARSEN,Forward,96,1,1,FIFA API live/football and timelines,https://api.fifa.com/api/v3/live/football/400021489?language=en https://api.fifa.com/api/v3/timelines/400021489?language=en,2026-06-29,
Norway,NOR,Thelo AASGAARD,Midfielder,96,1,1,FIFA API live/football and timelines,https://api.fifa.com/api/v3/live/football/400021489?language=en https://api.fifa.com/api/v3/timelines/400021489?language=en,2026-06-29,
Norway,NOR,Marcus HOLMGREN PEDERSEN,Defender,94,0,2,FIFA API live/football and timelines,https://api.fifa.com/api/v3/live/football/400021491?language=en https://api.fifa.com/api/v3/timelines/400021491?language=en https://api.fifa.com/api/v3/live/football/400021489?language=en https://api.fifa.com/api/v3/timelines/400021489?language=en,2026-06-29,
Norway,NOR,Fredrik Andre BJORKAN,Defender,90,1,1,FIFA API live/football and timelines,https://api.fifa.com/api/v3/live/football/400021489?language=en https://api.fifa.com/api/v3/timelines/400021489?language=en,2026-06-29,
Norway,NOR,Henrik FALCHENER,Defender,66,1,1,FIFA API live/football and timelines,https://api.fifa.com/api/v3/live/football/400021489?language=en https://api.fifa.com/api/v3/timelines/400021489?language=en,2026-06-29,
Norway,NOR,Sondre LANGAS,Defender,30,0,1,FIFA API live/football and timelines,https://api.fifa.com/api/v3/live/football/400021489?language=en https://api.fifa.com/api/v3/timelines/400021489?language=en,2026-06-29,
Norway,NOR,Jens Petter HAUGE,Midfielder,13,0,1,FIFA API live/football and timelines,https://api.fifa.com/api/v3/live/football/400021489?language=en https://api.fifa.com/api/v3/timelines/400021489?language=en,2026-06-29,
Norway,NOR,Morten Thorsby,Midfielder,6,0,1,FIFA API live/football and timelines,https://api.fifa.com/api/v3/live/football/400021489?language=en https://api.fifa.com/api/v3/timelines/400021489?language=en,2026-06-29,
Panama,PAN,Amir MURILLO,Defender,296,3,3,FIFA API live/football and timelines,https://api.fifa.com/api/v3/live/football/400021510?language=en https://api.fifa.com/api/v3/timelines/400021510?language=en https://api.fifa.com/api/v3/live/football/400021511?language=en https://api.fifa.com/api/v3/timelines/400021511?language=en https://api.fifa.com/api/v3/live/football/400021508?language=en https://api.fifa.com/api/v3/timelines/400021508?language=en,2026-06-29,
Panama,PAN,Andres ANDRADE,Defender,296,3,3,FIFA API live/football and timelines,https://api.fifa.com/api/v3/live/football/400021510?language=en https://api.fifa.com/api/v3/timelines/400021510?language=en https://api.fifa.com/api/v3/live/football/400021511?language=en https://api.fifa.com/api/v3/timelines/400021511?language=en https://api.fifa.com/api/v3/live/football/400021508?language=en https://api.fifa.com/api/v3/timelines/400021508?language=en,2026-06-29,
Panama,PAN,Jose CORDOBA,Defender,296,3,3,FIFA API live/football and timelines,https://api.fifa.com/api/v3/live/football/400021510?language=en https://api.fifa.com/api/v3/timelines/400021510?language=en https://api.fifa.com/api/v3/live/football/400021511?language=en https://api.fifa.com/api/v3/timelines/400021511?language=en https://api.fifa.com/api/v3/live/football/400021508?language=en https://api.fifa.com/api/v3/timelines/400021508?language=en,2026-06-29,
Panama,PAN,Orlando MOSQUERA,Goalkeeper,296,3,3,FIFA API live/football and timelines,https://api.fifa.com/api/v3/live/football/400021510?language=en https://api.fifa.com/api/v3/timelines/400021510?language=en https://api.fifa.com/api/v3/live/football/400021511?language=en https://api.fifa.com/api/v3/timelines/400021511?language=en https://api.fifa.com/api/v3/live/football/400021508?language=en https://api.fifa.com/api/v3/timelines/400021508?language=en,2026-06-29,
Panama,PAN,Carlos HARVEY,Defender,286,3,3,FIFA API live/football and timelines,https://api.fifa.com/api/v3/live/football/400021510?language=en https://api.fifa.com/api/v3/timelines/400021510?language=en https://api.fifa.com/api/v3/live/football/400021511?language=en https://api.fifa.com/api/v3/timelines/400021511?language=en https://api.fifa.com/api/v3/live/football/400021508?language=en https://api.fifa.com/api/v3/timelines/400021508?language=en,2026-06-29,
Panama,PAN,Edgar Yoel BARCENAS,Midfielder,263,3,3,FIFA API live/football and timelines,https://api.fifa.com/api/v3/live/football/400021510?language=en https://api.fifa.com/api/v3/timelines/400021510?language=en https://api.fifa.com/api/v3/live/football/400021511?language=en https://api.fifa.com/api/v3/timelines/400021511?language=en https://api.fifa.com/api/v3/live/football/400021508?language=en https://api.fifa.com/api/v3/timelines/400021508?language=en,2026-06-29,
Panama,PAN,Cristian MARTINEZ,Midfielder,257,3,3,FIFA API live/football and timelines,https://api.fifa.com/api/v3/live/football/400021510?language=en https://api.fifa.com/api/v3/timelines/400021510?language=en https://api.fifa.com/api/v3/live/football/400021511?language=en https://api.fifa.com/api/v3/timelines/400021511?language=en https://api.fifa.com/api/v3/live/football/400021508?language=en https://api.fifa.com/api/v3/timelines/400021508?language=en,2026-06-29,
Panama,PAN,Jose Luis RODRIGUEZ,Midfielder,241,3,3,FIFA API live/football and timelines,https://api.fifa.com/api/v3/live/football/400021510?language=en https://api.fifa.com/api/v3/timelines/400021510?language=en https://api.fifa.com/api/v3/live/football/400021511?language=en https://api.fifa.com/api/v3/timelines/400021511?language=en https://api.fifa.com/api/v3/live/football/400021508?language=en https://api.fifa.com/api/v3/timelines/400021508?language=en,2026-06-29,
Panama,PAN,Cesar BLACKMAN,Defender,180,2,2,FIFA API live/football and timelines,https://api.fifa.com/api/v3/live/football/400021510?language=en https://api.fifa.com/api/v3/timelines/400021510?language=en https://api.fifa.com/api/v3/live/football/400021511?language=en https://api.fifa.com/api/v3/timelines/400021511?language=en,2026-06-29,
Panama,PAN,Jiovany RAMOS,Defender,179,2,2,FIFA API live/football and timelines,https://api.fifa.com/api/v3/live/football/400021510?language=en https://api.fifa.com/api/v3/timelines/400021510?language=en https://api.fifa.com/api/v3/live/football/400021511?language=en https://api.fifa.com/api/v3/timelines/400021511?language=en,2026-06-29,
Panama,PAN,Jose FAJARDO,Forward,130,1,3,FIFA API live/football and timelines,https://api.fifa.com/api/v3/live/football/400021510?language=en https://api.fifa.com/api/v3/timelines/400021510?language=en https://api.fifa.com/api/v3/live/football/400021511?language=en https://api.fifa.com/api/v3/timelines/400021511?language=en https://api.fifa.com/api/v3/live/football/400021508?language=en https://api.fifa.com/api/v3/timelines/400021508?language=en,2026-06-29,
Panama,PAN,Fidel ESCOBAR,Defender,98,1,1,FIFA API live/football and timelines,https://api.fifa.com/api/v3/live/football/400021508?language=en https://api.fifa.com/api/v3/timelines/400021508?language=en,2026-06-29,
Panama,PAN,Tomas RODRIGUEZ,Forward,96,1,2,FIFA API live/football and timelines,https://api.fifa.com/api/v3/live/football/400021511?language=en https://api.fifa.com/api/v3/timelines/400021511?language=en https://api.fifa.com/api/v3/live/football/400021508?language=en https://api.fifa.com/api/v3/timelines/400021508?language=en,2026-06-29,
Panama,PAN,Jorge GUTIERREZ,Defender,88,1,1,FIFA API live/football and timelines,https://api.fifa.com/api/v3/live/football/400021508?language=en https://api.fifa.com/api/v3/timelines/400021508?language=en,2026-06-29,
Panama,PAN,Cecilio Waterman,Forward,82,1,2,FIFA API live/football and timelines,https://api.fifa.com/api/v3/live/football/400021510?language=en https://api.fifa.com/api/v3/timelines/400021510?language=en https://api.fifa.com/api/v3/live/football/400021511?language=en https://api.fifa.com/api/v3/timelines/400021511?language=en,2026-06-29,
Panama,PAN,Azarias LONDONO,Forward,79,0,3,FIFA API live/football and timelines,https://api.fifa.com/api/v3/live/football/400021510?language=en https://api.fifa.com/api/v3/timelines/400021510?language=en https://api.fifa.com/api/v3/live/football/400021511?language=en https://api.fifa.com/api/v3/timelines/400021511?language=en https://api.fifa.com/api/v3/live/football/400021508?language=en https://api.fifa.com/api/v3/timelines/400021508?language=en,2026-06-29,
Panama,PAN,Ismael DIAZ,Midfielder,55,0,2,FIFA API live/football and timelines,https://api.fifa.com/api/v3/live/football/400021510?language=en https://api.fifa.com/api/v3/timelines/400021510?language=en https://api.fifa.com/api/v3/live/football/400021508?language=en https://api.fifa.com/api/v3/timelines/400021508?language=en,2026-06-29,
Panama,PAN,Eric DAVIS,Defender,16,0,2,FIFA API live/football and timelines,https://api.fifa.com/api/v3/live/football/400021511?language=en https://api.fifa.com/api/v3/timelines/400021511?language=en https://api.fifa.com/api/v3/live/football/400021508?language=en https://api.fifa.com/api/v3/timelines/400021508?language=en,2026-06-29,
Panama,PAN,Anibal GODOY,Midfielder,12,0,1,FIFA API live/football and timelines,https://api.fifa.com/api/v3/live/football/400021510?language=en https://api.fifa.com/api/v3/timelines/400021510?language=en,2026-06-29,
Panama,PAN,Alberto QUINTERO,Midfielder,10,0,1,FIFA API live/football and timelines,https://api.fifa.com/api/v3/live/football/400021508?language=en https://api.fifa.com/api/v3/timelines/400021508?language=en,2026-06-29,
Paraguay,PAR,Andres CUBAS,Midfielder,294,3,3,FIFA API live/football and timelines,https://api.fifa.com/api/v3/live/football/400021458?language=en https://api.fifa.com/api/v3/timelines/400021458?language=en https://api.fifa.com/api/v3/live/football/400021460?language=en https://api.fifa.com/api/v3/timelines/400021460?language=en https://api.fifa.com/api/v3/live/football/400021461?language=en https://api.fifa.com/api/v3/timelines/400021461?language=en,2026-06-29,
Paraguay,PAR,Gustavo GOMEZ,Defender,294,3,3,FIFA API live/football and timelines,https://api.fifa.com/api/v3/live/football/400021458?language=en https://api.fifa.com/api/v3/timelines/400021458?language=en https://api.fifa.com/api/v3/live/football/400021460?language=en https://api.fifa.com/api/v3/timelines/400021460?language=en https://api.fifa.com/api/v3/live/football/400021461?language=en https://api.fifa.com/api/v3/timelines/400021461?language=en,2026-06-29,
Paraguay,PAR,Orlando GILL,Goalkeeper,294,3,3,FIFA API live/football and timelines,https://api.fifa.com/api/v3/live/football/400021458?language=en https://api.fifa.com/api/v3/timelines/400021458?language=en https://api.fifa.com/api/v3/live/football/400021460?language=en https://api.fifa.com/api/v3/timelines/400021460?language=en https://api.fifa.com/api/v3/live/football/400021461?language=en https://api.fifa.com/api/v3/timelines/400021461?language=en,2026-06-29,
Paraguay,PAR,Julio ENCISO,Forward,285,3,3,FIFA API live/football and timelines,https://api.fifa.com/api/v3/live/football/400021458?language=en https://api.fifa.com/api/v3/timelines/400021458?language=en https://api.fifa.com/api/v3/live/football/400021460?language=en https://api.fifa.com/api/v3/timelines/400021460?language=en https://api.fifa.com/api/v3/live/football/400021461?language=en https://api.fifa.com/api/v3/timelines/400021461?language=en,2026-06-29,
Paraguay,PAR,Omar ALDERETE,Defender,282,3,3,FIFA API live/football and timelines,https://api.fifa.com/api/v3/live/football/400021458?language=en https://api.fifa.com/api/v3/timelines/400021458?language=en https://api.fifa.com/api/v3/live/football/400021460?language=en https://api.fifa.com/api/v3/timelines/400021460?language=en https://api.fifa.com/api/v3/live/football/400021461?language=en https://api.fifa.com/api/v3/timelines/400021461?language=en,2026-06-29,
Paraguay,PAR,Juan Jose CACERES,Defender,256,3,3,FIFA API live/football and timelines,https://api.fifa.com/api/v3/live/football/400021458?language=en https://api.fifa.com/api/v3/timelines/400021458?language=en https://api.fifa.com/api/v3/live/football/400021460?language=en https://api.fifa.com/api/v3/timelines/400021460?language=en https://api.fifa.com/api/v3/live/football/400021461?language=en https://api.fifa.com/api/v3/timelines/400021461?language=en,2026-06-29,
Paraguay,PAR,Diego GOMEZ,Midfielder,236,3,3,FIFA API live/football and timelines,https://api.fifa.com/api/v3/live/football/400021458?language=en https://api.fifa.com/api/v3/timelines/400021458?language=en https://api.fifa.com/api/v3/live/football/400021460?language=en https://api.fifa.com/api/v3/timelines/400021460?language=en https://api.fifa.com/api/v3/live/football/400021461?language=en https://api.fifa.com/api/v3/timelines/400021461?language=en,2026-06-29,
Paraguay,PAR,Junior ALONSO,Defender,204,2,3,FIFA API live/football and timelines,https://api.fifa.com/api/v3/live/football/400021458?language=en https://api.fifa.com/api/v3/timelines/400021458?language=en https://api.fifa.com/api/v3/live/football/400021460?language=en https://api.fifa.com/api/v3/timelines/400021460?language=en https://api.fifa.com/api/v3/live/football/400021461?language=en https://api.fifa.com/api/v3/timelines/400021461?language=en,2026-06-29,
Paraguay,PAR,Matias GALARZA,Midfielder,180,2,2,FIFA API live/football and timelines,https://api.fifa.com/api/v3/live/football/400021460?language=en https://api.fifa.com/api/v3/timelines/400021460?language=en https://api.fifa.com/api/v3/live/football/400021461?language=en https://api.fifa.com/api/v3/timelines/400021461?language=en,2026-06-29,
Paraguay,PAR,Miguel ALMIRON,Midfielder,178,2,2,FIFA API live/football and timelines,https://api.fifa.com/api/v3/live/football/400021458?language=en https://api.fifa.com/api/v3/timelines/400021458?language=en https://api.fifa.com/api/v3/live/football/400021460?language=en https://api.fifa.com/api/v3/timelines/400021460?language=en,2026-06-29,
Paraguay,PAR,Gustavo VELAZQUEZ,Defender,148,1,3,FIFA API live/football and timelines,https://api.fifa.com/api/v3/live/football/400021458?language=en https://api.fifa.com/api/v3/timelines/400021458?language=en https://api.fifa.com/api/v3/live/football/400021460?language=en https://api.fifa.com/api/v3/timelines/400021460?language=en https://api.fifa.com/api/v3/live/football/400021461?language=en https://api.fifa.com/api/v3/timelines/400021461?language=en,2026-06-29,
Paraguay,PAR,Alexandro MAIDANA,Defender,108,1,2,FIFA API live/football and timelines,https://api.fifa.com/api/v3/live/football/400021460?language=en https://api.fifa.com/api/v3/timelines/400021460?language=en https://api.fifa.com/api/v3/live/football/400021461?language=en https://api.fifa.com/api/v3/timelines/400021461?language=en,2026-06-29,
Paraguay,PAR,Damian BOBADILLA,Midfielder,105,1,3,FIFA API live/football and timelines,https://api.fifa.com/api/v3/live/football/400021458?language=en https://api.fifa.com/api/v3/timelines/400021458?language=en https://api.fifa.com/api/v3/live/football/400021460?language=en https://api.fifa.com/api/v3/timelines/400021460?language=en https://api.fifa.com/api/v3/live/football/400021461?language=en https://api.fifa.com/api/v3/timelines/400021461?language=en,2026-06-29,
Paraguay,PAR,Isidro PITTA,Forward,90,1,1,FIFA API live/football and timelines,https://api.fifa.com/api/v3/live/football/400021460?language=en https://api.fifa.com/api/v3/timelines/400021460?language=en,2026-06-29,
Paraguay,PAR,Gabriel AVALOS,Forward,76,1,2,FIFA API live/football and timelines,https://api.fifa.com/api/v3/live/football/400021460?language=en https://api.fifa.com/api/v3/timelines/400021460?language=en https://api.fifa.com/api/v3/live/football/400021461?language=en https://api.fifa.com/api/v3/timelines/400021461?language=en,2026-06-29,
Paraguay,PAR,Alex ARCE,Forward,66,0,2,FIFA API live/football and timelines,https://api.fifa.com/api/v3/live/football/400021458?language=en https://api.fifa.com/api/v3/timelines/400021458?language=en https://api.fifa.com/api/v3/live/football/400021461?language=en https://api.fifa.com/api/v3/timelines/400021461?language=en,2026-06-29,
Paraguay,PAR,Antonio SANABRIA,Forward,62,1,1,FIFA API live/football and timelines,https://api.fifa.com/api/v3/live/football/400021458?language=en https://api.fifa.com/api/v3/timelines/400021458?language=en,2026-06-29,
Paraguay,PAR,Jose CANALE,Defender,21,0,2,FIFA API live/football and timelines,https://api.fifa.com/api/v3/live/football/400021460?language=en https://api.fifa.com/api/v3/timelines/400021460?language=en https://api.fifa.com/api/v3/live/football/400021461?language=en https://api.fifa.com/api/v3/timelines/400021461?language=en,2026-06-29,
Paraguay,PAR,Alejandro ROMERO GAMARRA,Forward,20,0,1,FIFA API live/football and timelines,https://api.fifa.com/api/v3/live/football/400021458?language=en https://api.fifa.com/api/v3/timelines/400021458?language=en,2026-06-29,
Paraguay,PAR,Ramon SOSA,Midfielder,20,0,1,FIFA API live/football and timelines,https://api.fifa.com/api/v3/live/football/400021458?language=en https://api.fifa.com/api/v3/timelines/400021458?language=en,2026-06-29,
Paraguay,PAR,MAURICIO,Midfielder,15,0,2,FIFA API live/football and timelines,https://api.fifa.com/api/v3/live/football/400021458?language=en https://api.fifa.com/api/v3/timelines/400021458?language=en https://api.fifa.com/api/v3/live/football/400021461?language=en https://api.fifa.com/api/v3/timelines/400021461?language=en,2026-06-29,
Portugal,POR,BRUNO FERNANDES,Midfielder,287,3,3,FIFA API live/football and timelines,https://api.fifa.com/api/v3/live/football/400021502?language=en https://api.fifa.com/api/v3/timelines/400021502?language=en https://api.fifa.com/api/v3/live/football/400021503?language=en https://api.fifa.com/api/v3/timelines/400021503?language=en https://api.fifa.com/api/v3/live/football/400021505?language=en https://api.fifa.com/api/v3/timelines/400021505?language=en,2026-06-29,
Portugal,POR,CRISTIANO RONALDO,Forward,287,3,3,FIFA API live/football and timelines,https://api.fifa.com/api/v3/live/football/400021502?language=en https://api.fifa.com/api/v3/timelines/400021502?language=en https://api.fifa.com/api/v3/live/football/400021503?language=en https://api.fifa.com/api/v3/timelines/400021503?language=en https://api.fifa.com/api/v3/live/football/400021505?language=en https://api.fifa.com/api/v3/timelines/400021505?language=en,2026-06-29,
Portugal,POR,DIOGO COSTA,Goalkeeper,287,3,3,FIFA API live/football and timelines,https://api.fifa.com/api/v3/live/football/400021502?language=en https://api.fifa.com/api/v3/timelines/400021502?language=en https://api.fifa.com/api/v3/live/football/400021503?language=en https://api.fifa.com/api/v3/timelines/400021503?language=en https://api.fifa.com/api/v3/live/football/400021505?language=en https://api.fifa.com/api/v3/timelines/400021505?language=en,2026-06-29,
Portugal,POR,RENATO VEIGA,Defender,287,3,3,FIFA API live/football and timelines,https://api.fifa.com/api/v3/live/football/400021502?language=en https://api.fifa.com/api/v3/timelines/400021502?language=en https://api.fifa.com/api/v3/live/football/400021503?language=en https://api.fifa.com/api/v3/timelines/400021503?language=en https://api.fifa.com/api/v3/live/football/400021505?language=en https://api.fifa.com/api/v3/timelines/400021505?language=en,2026-06-29,
Portugal,POR,JOAO CANCELO,Defender,275,3,3,FIFA API live/football and timelines,https://api.fifa.com/api/v3/live/football/400021502?language=en https://api.fifa.com/api/v3/timelines/400021502?language=en https://api.fifa.com/api/v3/live/football/400021503?language=en https://api.fifa.com/api/v3/timelines/400021503?language=en https://api.fifa.com/api/v3/live/football/400021505?language=en https://api.fifa.com/api/v3/timelines/400021505?language=en,2026-06-29,
Portugal,POR,NUNO MENDES,Defender,258,3,3,FIFA API live/football and timelines,https://api.fifa.com/api/v3/live/football/400021502?language=en https://api.fifa.com/api/v3/timelines/400021502?language=en https://api.fifa.com/api/v3/live/football/400021503?language=en https://api.fifa.com/api/v3/timelines/400021503?language=en https://api.fifa.com/api/v3/live/football/400021505?language=en https://api.fifa.com/api/v3/timelines/400021505?language=en,2026-06-29,
Portugal,POR,PEDRO NETO,Forward,258,3,3,FIFA API live/football and timelines,https://api.fifa.com/api/v3/live/football/400021502?language=en https://api.fifa.com/api/v3/timelines/400021502?language=en https://api.fifa.com/api/v3/live/football/400021503?language=en https://api.fifa.com/api/v3/timelines/400021503?language=en https://api.fifa.com/api/v3/live/football/400021505?language=en https://api.fifa.com/api/v3/timelines/400021505?language=en,2026-06-29,
Portugal,POR,VITINHA,Midfielder,236,3,3,FIFA API live/football and timelines,https://api.fifa.com/api/v3/live/football/400021502?language=en https://api.fifa.com/api/v3/timelines/400021502?language=en https://api.fifa.com/api/v3/live/football/400021503?language=en https://api.fifa.com/api/v3/timelines/400021503?language=en https://api.fifa.com/api/v3/live/football/400021505?language=en https://api.fifa.com/api/v3/timelines/400021505?language=en,2026-06-29,
Portugal,POR,RUBEN DIAS,Defender,192,2,2,FIFA API live/football and timelines,https://api.fifa.com/api/v3/live/football/400021503?language=en https://api.fifa.com/api/v3/timelines/400021503?language=en https://api.fifa.com/api/v3/live/football/400021505?language=en https://api.fifa.com/api/v3/timelines/400021505?language=en,2026-06-29,
Portugal,POR,JOAO NEVES,Midfielder,177,2,3,FIFA API live/football and timelines,https://api.fifa.com/api/v3/live/football/400021502?language=en https://api.fifa.com/api/v3/timelines/400021502?language=en https://api.fifa.com/api/v3/live/football/400021503?language=en https://api.fifa.com/api/v3/timelines/400021503?language=en https://api.fifa.com/api/v3/live/football/400021505?language=en https://api.fifa.com/api/v3/timelines/400021505?language=en,2026-06-29,
Portugal,POR,JOAO FELIX,Forward,133,2,2,FIFA API live/football and timelines,https://api.fifa.com/api/v3/live/football/400021503?language=en https://api.fifa.com/api/v3/timelines/400021503?language=en https://api.fifa.com/api/v3/live/football/400021505?language=en https://api.fifa.com/api/v3/timelines/400021505?language=en,2026-06-29,
Portugal,POR,BERNARDO SILVA,Midfielder,110,1,2,FIFA API live/football and timelines,https://api.fifa.com/api/v3/live/football/400021502?language=en https://api.fifa.com/api/v3/timelines/400021502?language=en https://api.fifa.com/api/v3/live/football/400021503?language=en https://api.fifa.com/api/v3/timelines/400021503?language=en,2026-06-29,
Portugal,POR,TOMAS ARAUJO,Defender,95,1,1,FIFA API live/football and timelines,https://api.fifa.com/api/v3/live/football/400021502?language=en https://api.fifa.com/api/v3/timelines/400021502?language=en,2026-06-29,
Portugal,POR,RUBEN NEVES,Midfielder,90,1,1,FIFA API live/football and timelines,https://api.fifa.com/api/v3/live/football/400021505?language=en https://api.fifa.com/api/v3/timelines/400021505?language=en,2026-06-29,
Portugal,POR,RAFAEL LEAO,Forward,62,0,3,FIFA API live/football and timelines,https://api.fifa.com/api/v3/live/football/400021502?language=en https://api.fifa.com/api/v3/timelines/400021502?language=en https://api.fifa.com/api/v3/live/football/400021503?language=en https://api.fifa.com/api/v3/timelines/400021503?language=en https://api.fifa.com/api/v3/live/football/400021505?language=en https://api.fifa.com/api/v3/timelines/400021505?language=en,2026-06-29,
Portugal,POR,FRANCISCO TRINCAO,Forward,33,0,1,FIFA API live/football and timelines,https://api.fifa.com/api/v3/live/football/400021503?language=en https://api.fifa.com/api/v3/timelines/400021503?language=en,2026-06-29,
Portugal,POR,NELSON SEMEDO,Defender,29,0,2,FIFA API live/football and timelines,https://api.fifa.com/api/v3/live/football/400021502?language=en https://api.fifa.com/api/v3/timelines/400021502?language=en https://api.fifa.com/api/v3/live/football/400021503?language=en https://api.fifa.com/api/v3/timelines/400021503?language=en,2026-06-29,
Portugal,POR,SAMU COSTA,Defender,26,0,1,FIFA API live/football and timelines,https://api.fifa.com/api/v3/live/football/400021505?language=en https://api.fifa.com/api/v3/timelines/400021505?language=en,2026-06-29,
Portugal,POR,GONCALO RAMOS,Forward,12,0,1,FIFA API live/football and timelines,https://api.fifa.com/api/v3/live/football/400021502?language=en https://api.fifa.com/api/v3/timelines/400021502?language=en,2026-06-29,
Portugal,POR,FRANCISCO CONCEICAO,Forward,11,0,2,FIFA API live/football and timelines,https://api.fifa.com/api/v3/live/football/400021502?language=en https://api.fifa.com/api/v3/timelines/400021502?language=en https://api.fifa.com/api/v3/live/football/400021503?language=en https://api.fifa.com/api/v3/timelines/400021503?language=en,2026-06-29,
Portugal,POR,DIOGO DALOT,Defender,6,0,1,FIFA API live/football and timelines,https://api.fifa.com/api/v3/live/football/400021505?language=en https://api.fifa.com/api/v3/timelines/400021505?language=en,2026-06-29,
Portugal,POR,MATHEUS NUNES,Midfielder,6,0,1,FIFA API live/football and timelines,https://api.fifa.com/api/v3/live/football/400021505?language=en https://api.fifa.com/api/v3/timelines/400021505?language=en,2026-06-29,
Qatar,QAT,BOUALEM KHOUKHI,Defender,295,3,3,FIFA API live/football and timelines,https://api.fifa.com/api/v3/live/football/400021447?language=en https://api.fifa.com/api/v3/timelines/400021447?language=en https://api.fifa.com/api/v3/live/football/400021450?language=en https://api.fifa.com/api/v3/timelines/400021450?language=en https://api.fifa.com/api/v3/live/football/400021448?language=en https://api.fifa.com/api/v3/timelines/400021448?language=en,2026-06-29,
Qatar,QAT,ISSA LAYE,Defender,295,3,3,FIFA API live/football and timelines,https://api.fifa.com/api/v3/live/football/400021447?language=en https://api.fifa.com/api/v3/timelines/400021447?language=en https://api.fifa.com/api/v3/live/football/400021450?language=en https://api.fifa.com/api/v3/timelines/400021450?language=en https://api.fifa.com/api/v3/live/football/400021448?language=en https://api.fifa.com/api/v3/timelines/400021448?language=en,2026-06-29,
Qatar,QAT,MAHMOUD ABUNADA,Goalkeeper,295,3,3,FIFA API live/football and timelines,https://api.fifa.com/api/v3/live/football/400021447?language=en https://api.fifa.com/api/v3/timelines/400021447?language=en https://api.fifa.com/api/v3/live/football/400021450?language=en https://api.fifa.com/api/v3/timelines/400021450?language=en https://api.fifa.com/api/v3/live/football/400021448?language=en https://api.fifa.com/api/v3/timelines/400021448?language=en,2026-06-29,
Qatar,QAT,PEDRO MIGUEL,Defender,295,3,3,FIFA API live/football and timelines,https://api.fifa.com/api/v3/live/football/400021447?language=en https://api.fifa.com/api/v3/timelines/400021447?language=en https://api.fifa.com/api/v3/live/football/400021450?language=en https://api.fifa.com/api/v3/timelines/400021450?language=en https://api.fifa.com/api/v3/live/football/400021448?language=en https://api.fifa.com/api/v3/timelines/400021448?language=en,2026-06-29,
Qatar,QAT,EDMILSON JUNIOR,Forward,257,3,3,FIFA API live/football and timelines,https://api.fifa.com/api/v3/live/football/400021447?language=en https://api.fifa.com/api/v3/timelines/400021447?language=en https://api.fifa.com/api/v3/live/football/400021450?language=en https://api.fifa.com/api/v3/timelines/400021450?language=en https://api.fifa.com/api/v3/live/football/400021448?language=en https://api.fifa.com/api/v3/timelines/400021448?language=en,2026-06-29,
Qatar,QAT,AKRAM AFIF,Forward,254,3,3,FIFA API live/football and timelines,https://api.fifa.com/api/v3/live/football/400021447?language=en https://api.fifa.com/api/v3/timelines/400021447?language=en https://api.fifa.com/api/v3/live/football/400021450?language=en https://api.fifa.com/api/v3/timelines/400021450?language=en https://api.fifa.com/api/v3/live/football/400021448?language=en https://api.fifa.com/api/v3/timelines/400021448?language=en,2026-06-29,
Qatar,QAT,JASSEM GABER,Defender,240,3,3,FIFA API live/football and timelines,https://api.fifa.com/api/v3/live/football/400021447?language=en https://api.fifa.com/api/v3/timelines/400021447?language=en https://api.fifa.com/api/v3/live/football/400021450?language=en https://api.fifa.com/api/v3/timelines/400021450?language=en https://api.fifa.com/api/v3/live/football/400021448?language=en https://api.fifa.com/api/v3/timelines/400021448?language=en,2026-06-29,
Qatar,QAT,HOMAM AHMED,Defender,198,2,2,FIFA API live/football and timelines,https://api.fifa.com/api/v3/live/football/400021447?language=en https://api.fifa.com/api/v3/timelines/400021447?language=en https://api.fifa.com/api/v3/live/football/400021450?language=en https://api.fifa.com/api/v3/timelines/400021450?language=en,2026-06-29,
Qatar,QAT,ASSIM MADIBO,Midfielder,178,2,2,FIFA API live/football and timelines,https://api.fifa.com/api/v3/live/football/400021447?language=en https://api.fifa.com/api/v3/timelines/400021447?language=en https://api.fifa.com/api/v3/live/football/400021450?language=en https://api.fifa.com/api/v3/timelines/400021450?language=en,2026-06-29,
Qatar,QAT,AYOUB ALOUI,Defender,160,2,2,FIFA API live/football and timelines,https://api.fifa.com/api/v3/live/football/400021447?language=en https://api.fifa.com/api/v3/timelines/400021447?language=en https://api.fifa.com/api/v3/live/football/400021450?language=en https://api.fifa.com/api/v3/timelines/400021450?language=en,2026-06-29,
Qatar,QAT,SULTAN ALBRAKE,Defender,157,1,2,FIFA API live/football and timelines,https://api.fifa.com/api/v3/live/football/400021450?language=en https://api.fifa.com/api/v3/timelines/400021450?language=en https://api.fifa.com/api/v3/live/football/400021448?language=en https://api.fifa.com/api/v3/timelines/400021448?language=en,2026-06-29,
Qatar,QAT,AHMED FATHY,Midfielder,127,1,3,FIFA API live/football and timelines,https://api.fifa.com/api/v3/live/football/400021447?language=en https://api.fifa.com/api/v3/timelines/400021447?language=en https://api.fifa.com/api/v3/live/football/400021450?language=en https://api.fifa.com/api/v3/timelines/400021450?language=en https://api.fifa.com/api/v3/live/football/400021448?language=en https://api.fifa.com/api/v3/timelines/400021448?language=en,2026-06-29,
Qatar,QAT,KARIM BOUDIAF,Midfielder,110,1,2,FIFA API live/football and timelines,https://api.fifa.com/api/v3/live/football/400021447?language=en https://api.fifa.com/api/v3/timelines/400021447?language=en https://api.fifa.com/api/v3/live/football/400021448?language=en https://api.fifa.com/api/v3/timelines/400021448?language=en,2026-06-29,
Qatar,QAT,YUSUF ABDURISAG,Forward,100,2,2,FIFA API live/football and timelines,https://api.fifa.com/api/v3/live/football/400021447?language=en https://api.fifa.com/api/v3/timelines/400021447?language=en https://api.fifa.com/api/v3/live/football/400021450?language=en https://api.fifa.com/api/v3/timelines/400021450?language=en,2026-06-29,
Qatar,QAT,HASSAN ALHAYDOS,Forward,65,1,2,FIFA API live/football and timelines,https://api.fifa.com/api/v3/live/football/400021447?language=en https://api.fifa.com/api/v3/timelines/400021447?language=en https://api.fifa.com/api/v3/live/football/400021448?language=en https://api.fifa.com/api/v3/timelines/400021448?language=en,2026-06-29,
Qatar,QAT,AHMED ALAAELDIN,Forward,56,0,2,FIFA API live/football and timelines,https://api.fifa.com/api/v3/live/football/400021447?language=en https://api.fifa.com/api/v3/timelines/400021447?language=en https://api.fifa.com/api/v3/live/football/400021448?language=en https://api.fifa.com/api/v3/timelines/400021448?language=en,2026-06-29,
Qatar,QAT,MOHAMED MANAI,Forward,48,0,3,FIFA API live/football and timelines,https://api.fifa.com/api/v3/live/football/400021447?language=en https://api.fifa.com/api/v3/timelines/400021447?language=en https://api.fifa.com/api/v3/live/football/400021450?language=en https://api.fifa.com/api/v3/timelines/400021450?language=en https://api.fifa.com/api/v3/live/football/400021448?language=en https://api.fifa.com/api/v3/timelines/400021448?language=en,2026-06-29,
Qatar,QAT,AHMED ALGANEHI,Midfielder,42,0,1,FIFA API live/football and timelines,https://api.fifa.com/api/v3/live/football/400021448?language=en https://api.fifa.com/api/v3/timelines/400021448?language=en,2026-06-29,
Qatar,QAT,ALHASHMI ALHUSSEIN,Defender,41,0,1,FIFA API live/football and timelines,https://api.fifa.com/api/v3/live/football/400021450?language=en https://api.fifa.com/api/v3/timelines/400021450?language=en,2026-06-29,
Qatar,QAT,ALMOEZ ALI,Forward,25,0,1,FIFA API live/football and timelines,https://api.fifa.com/api/v3/live/football/400021448?language=en https://api.fifa.com/api/v3/timelines/400021448?language=en,2026-06-29,
Qatar,QAT,LUCAS MENDES,Defender,13,0,1,FIFA API live/football and timelines,https://api.fifa.com/api/v3/live/football/400021450?language=en https://api.fifa.com/api/v3/timelines/400021450?language=en,2026-06-29,
Qatar,QAT,ABDULAZIZ HATEM,Midfielder,7,0,1,FIFA API live/football and timelines,https://api.fifa.com/api/v3/live/football/400021448?language=en https://api.fifa.com/api/v3/timelines/400021448?language=en,2026-06-29,
Saudi Arabia,KSA,MOHAMMED ALOWAIS,Goalkeeper,294,3,3,FIFA API live/football and timelines,https://api.fifa.com/api/v3/live/football/400021486?language=en https://api.fifa.com/api/v3/timelines/400021486?language=en https://api.fifa.com/api/v3/live/football/400021483?language=en https://api.fifa.com/api/v3/timelines/400021483?language=en https://api.fifa.com/api/v3/live/football/400021485?language=en https://api.fifa.com/api/v3/timelines/400021485?language=en,2026-06-29,
Saudi Arabia,KSA,SAUD ABDULHAMID,Defender,285,3,3,FIFA API live/football and timelines,https://api.fifa.com/api/v3/live/football/400021486?language=en https://api.fifa.com/api/v3/timelines/400021486?language=en https://api.fifa.com/api/v3/live/football/400021483?language=en https://api.fifa.com/api/v3/timelines/400021483?language=en https://api.fifa.com/api/v3/live/football/400021485?language=en https://api.fifa.com/api/v3/timelines/400021485?language=en,2026-06-29,
Saudi Arabia,KSA,ABDULLAH ALKHAIBARI,Midfielder,279,3,3,FIFA API live/football and timelines,https://api.fifa.com/api/v3/live/football/400021486?language=en https://api.fifa.com/api/v3/timelines/400021486?language=en https://api.fifa.com/api/v3/live/football/400021483?language=en https://api.fifa.com/api/v3/timelines/400021483?language=en https://api.fifa.com/api/v3/live/football/400021485?language=en https://api.fifa.com/api/v3/timelines/400021485?language=en,2026-06-29,
Saudi Arabia,KSA,SALEM ALDAWSARI,Forward,263,3,3,FIFA API live/football and timelines,https://api.fifa.com/api/v3/live/football/400021486?language=en https://api.fifa.com/api/v3/timelines/400021486?language=en https://api.fifa.com/api/v3/live/football/400021483?language=en https://api.fifa.com/api/v3/timelines/400021483?language=en https://api.fifa.com/api/v3/live/football/400021485?language=en https://api.fifa.com/api/v3/timelines/400021485?language=en,2026-06-29,
Saudi Arabia,KSA,Abdulelah ALAMRI,Defender,255,3,3,FIFA API live/football and timelines,https://api.fifa.com/api/v3/live/football/400021486?language=en https://api.fifa.com/api/v3/timelines/400021486?language=en https://api.fifa.com/api/v3/live/football/400021483?language=en https://api.fifa.com/api/v3/timelines/400021483?language=en https://api.fifa.com/api/v3/live/football/400021485?language=en https://api.fifa.com/api/v3/timelines/400021485?language=en,2026-06-29,
Saudi Arabia,KSA,FERAS ALBRIKAN,Forward,246,3,3,FIFA API live/football and timelines,https://api.fifa.com/api/v3/live/football/400021486?language=en https://api.fifa.com/api/v3/timelines/400021486?language=en https://api.fifa.com/api/v3/live/football/400021483?language=en https://api.fifa.com/api/v3/timelines/400021483?language=en https://api.fifa.com/api/v3/live/football/400021485?language=en https://api.fifa.com/api/v3/timelines/400021485?language=en,2026-06-29,
Saudi Arabia,KSA,HASSAN ALTAMBAKTI,Defender,231,3,3,FIFA API live/football and timelines,https://api.fifa.com/api/v3/live/football/400021486?language=en https://api.fifa.com/api/v3/timelines/400021486?language=en https://api.fifa.com/api/v3/live/football/400021483?language=en https://api.fifa.com/api/v3/timelines/400021483?language=en https://api.fifa.com/api/v3/live/football/400021485?language=en https://api.fifa.com/api/v3/timelines/400021485?language=en,2026-06-29,
Saudi Arabia,KSA,NASSER ALDAWSARI,Midfielder,222,2,3,FIFA API live/football and timelines,https://api.fifa.com/api/v3/live/football/400021486?language=en https://api.fifa.com/api/v3/timelines/400021486?language=en https://api.fifa.com/api/v3/live/football/400021483?language=en https://api.fifa.com/api/v3/timelines/400021483?language=en https://api.fifa.com/api/v3/live/football/400021485?language=en https://api.fifa.com/api/v3/timelines/400021485?language=en,2026-06-29,
Saudi Arabia,KSA,MOHAMED KANNO,Midfielder,204,2,3,FIFA API live/football and timelines,https://api.fifa.com/api/v3/live/football/400021486?language=en https://api.fifa.com/api/v3/timelines/400021486?language=en https://api.fifa.com/api/v3/live/football/400021483?language=en https://api.fifa.com/api/v3/timelines/400021483?language=en https://api.fifa.com/api/v3/live/football/400021485?language=en https://api.fifa.com/api/v3/timelines/400021485?language=en,2026-06-29,
Saudi Arabia,KSA,MOTEB ALHARBI,Defender,203,2,3,FIFA API live/football and timelines,https://api.fifa.com/api/v3/live/football/400021486?language=en https://api.fifa.com/api/v3/timelines/400021486?language=en https://api.fifa.com/api/v3/live/football/400021483?language=en https://api.fifa.com/api/v3/timelines/400021483?language=en https://api.fifa.com/api/v3/live/football/400021485?language=en https://api.fifa.com/api/v3/timelines/400021485?language=en,2026-06-29,
Saudi Arabia,KSA,ALI LAJAMI,Defender,171,1,3,FIFA API live/football and timelines,https://api.fifa.com/api/v3/live/football/400021486?language=en https://api.fifa.com/api/v3/timelines/400021486?language=en https://api.fifa.com/api/v3/live/football/400021483?language=en https://api.fifa.com/api/v3/timelines/400021483?language=en https://api.fifa.com/api/v3/live/football/400021485?language=en https://api.fifa.com/api/v3/timelines/400021485?language=en,2026-06-29,
Saudi Arabia,KSA,MUSAB ALJUWAYR,Midfielder,159,2,3,FIFA API live/football and timelines,https://api.fifa.com/api/v3/live/football/400021486?language=en https://api.fifa.com/api/v3/timelines/400021486?language=en https://api.fifa.com/api/v3/live/football/400021483?language=en https://api.fifa.com/api/v3/timelines/400021483?language=en https://api.fifa.com/api/v3/live/football/400021485?language=en https://api.fifa.com/api/v3/timelines/400021485?language=en,2026-06-29,
Saudi Arabia,KSA,MOHAMMED ABU ALSHAMAT,Defender,151,1,3,FIFA API live/football and timelines,https://api.fifa.com/api/v3/live/football/400021486?language=en https://api.fifa.com/api/v3/timelines/400021486?language=en https://api.fifa.com/api/v3/live/football/400021483?language=en https://api.fifa.com/api/v3/timelines/400021483?language=en https://api.fifa.com/api/v3/live/football/400021485?language=en https://api.fifa.com/api/v3/timelines/400021485?language=en,2026-06-29,
Saudi Arabia,KSA,NAWAF BU WASHL,Defender,100,1,2,FIFA API live/football and timelines,https://api.fifa.com/api/v3/live/football/400021486?language=en https://api.fifa.com/api/v3/timelines/400021486?language=en https://api.fifa.com/api/v3/live/football/400021485?language=en https://api.fifa.com/api/v3/timelines/400021485?language=en,2026-06-29,
Saudi Arabia,KSA,SULTAN MANDASH,Forward,65,1,1,FIFA API live/football and timelines,https://api.fifa.com/api/v3/live/football/400021485?language=en https://api.fifa.com/api/v3/timelines/400021485?language=en,2026-06-29,
Saudi Arabia,KSA,ABDULLAH ALHAMDDAN,Forward,49,0,3,FIFA API live/football and timelines,https://api.fifa.com/api/v3/live/football/400021486?language=en https://api.fifa.com/api/v3/timelines/400021486?language=en https://api.fifa.com/api/v3/live/football/400021483?language=en https://api.fifa.com/api/v3/timelines/400021483?language=en https://api.fifa.com/api/v3/live/football/400021485?language=en https://api.fifa.com/api/v3/timelines/400021485?language=en,2026-06-29,
Saudi Arabia,KSA,ALA ALHAJJI,Midfielder,48,0,2,FIFA API live/football and timelines,https://api.fifa.com/api/v3/live/football/400021486?language=en https://api.fifa.com/api/v3/timelines/400021486?language=en https://api.fifa.com/api/v3/live/football/400021483?language=en https://api.fifa.com/api/v3/timelines/400021483?language=en,2026-06-29,
Saudi Arabia,KSA,KHALID ALGHANNAM,Forward,9,0,1,FIFA API live/football and timelines,https://api.fifa.com/api/v3/live/football/400021483?language=en https://api.fifa.com/api/v3/timelines/400021483?language=en,2026-06-29,
Scotland,SCO,Angus Gunn,Goalkeeper,293,3,3,FIFA API live/football and timelines,https://api.fifa.com/api/v3/live/football/400021453?language=en https://api.fifa.com/api/v3/timelines/400021453?language=en https://api.fifa.com/api/v3/live/football/400021454?language=en https://api.fifa.com/api/v3/timelines/400021454?language=en https://api.fifa.com/api/v3/live/football/400021455?language=en https://api.fifa.com/api/v3/timelines/400021455?language=en,2026-06-29,
Scotland,SCO,Jack Hendry,Defender,293,3,3,FIFA API live/football and timelines,https://api.fifa.com/api/v3/live/football/400021453?language=en https://api.fifa.com/api/v3/timelines/400021453?language=en https://api.fifa.com/api/v3/live/football/400021454?language=en https://api.fifa.com/api/v3/timelines/400021454?language=en https://api.fifa.com/api/v3/live/football/400021455?language=en https://api.fifa.com/api/v3/timelines/400021455?language=en,2026-06-29,
Scotland,SCO,Lewis FERGUSON,Midfielder,293,3,3,FIFA API live/football and timelines,https://api.fifa.com/api/v3/live/football/400021453?language=en https://api.fifa.com/api/v3/timelines/400021453?language=en https://api.fifa.com/api/v3/live/football/400021454?language=en https://api.fifa.com/api/v3/timelines/400021454?language=en https://api.fifa.com/api/v3/live/football/400021455?language=en https://api.fifa.com/api/v3/timelines/400021455?language=en,2026-06-29,
Scotland,SCO,Scott McTominay,Midfielder,293,3,3,FIFA API live/football and timelines,https://api.fifa.com/api/v3/live/football/400021453?language=en https://api.fifa.com/api/v3/timelines/400021453?language=en https://api.fifa.com/api/v3/live/football/400021454?language=en https://api.fifa.com/api/v3/timelines/400021454?language=en https://api.fifa.com/api/v3/live/football/400021455?language=en https://api.fifa.com/api/v3/timelines/400021455?language=en,2026-06-29,
Scotland,SCO,Andy ROBERTSON,Defender,286,3,3,FIFA API live/football and timelines,https://api.fifa.com/api/v3/live/football/400021453?language=en https://api.fifa.com/api/v3/timelines/400021453?language=en https://api.fifa.com/api/v3/live/football/400021454?language=en https://api.fifa.com/api/v3/timelines/400021454?language=en https://api.fifa.com/api/v3/live/football/400021455?language=en https://api.fifa.com/api/v3/timelines/400021455?language=en,2026-06-29,
Scotland,SCO,John McGinn,Midfielder,260,3,3,FIFA API live/football and timelines,https://api.fifa.com/api/v3/live/football/400021453?language=en https://api.fifa.com/api/v3/timelines/400021453?language=en https://api.fifa.com/api/v3/live/football/400021454?language=en https://api.fifa.com/api/v3/timelines/400021454?language=en https://api.fifa.com/api/v3/live/football/400021455?language=en https://api.fifa.com/api/v3/timelines/400021455?language=en,2026-06-29,
Scotland,SCO,Grant Hanley,Defender,196,2,2,FIFA API live/football and timelines,https://api.fifa.com/api/v3/live/football/400021453?language=en https://api.fifa.com/api/v3/timelines/400021453?language=en https://api.fifa.com/api/v3/live/football/400021454?language=en https://api.fifa.com/api/v3/timelines/400021454?language=en,2026-06-29,
Scotland,SCO,Ben GANNON-DOAK,Forward,193,2,3,FIFA API live/football and timelines,https://api.fifa.com/api/v3/live/football/400021453?language=en https://api.fifa.com/api/v3/timelines/400021453?language=en https://api.fifa.com/api/v3/live/football/400021454?language=en https://api.fifa.com/api/v3/timelines/400021454?language=en https://api.fifa.com/api/v3/live/football/400021455?language=en https://api.fifa.com/api/v3/timelines/400021455?language=en,2026-06-29,
Scotland,SCO,Nathan PATTERSON,Defender,193,2,3,FIFA API live/football and timelines,https://api.fifa.com/api/v3/live/football/400021453?language=en https://api.fifa.com/api/v3/timelines/400021453?language=en https://api.fifa.com/api/v3/live/football/400021454?language=en https://api.fifa.com/api/v3/timelines/400021454?language=en https://api.fifa.com/api/v3/live/football/400021455?language=en https://api.fifa.com/api/v3/timelines/400021455?language=en,2026-06-29,
Scotland,SCO,Lawrence SHANKLAND,Forward,172,2,2,FIFA API live/football and timelines,https://api.fifa.com/api/v3/live/football/400021453?language=en https://api.fifa.com/api/v3/timelines/400021453?language=en https://api.fifa.com/api/v3/live/football/400021455?language=en https://api.fifa.com/api/v3/timelines/400021455?language=en,2026-06-29,
Scotland,SCO,Che Adams,Forward,153,2,3,FIFA API live/football and timelines,https://api.fifa.com/api/v3/live/football/400021453?language=en https://api.fifa.com/api/v3/timelines/400021453?language=en https://api.fifa.com/api/v3/live/football/400021454?language=en https://api.fifa.com/api/v3/timelines/400021454?language=en https://api.fifa.com/api/v3/live/football/400021455?language=en https://api.fifa.com/api/v3/timelines/400021455?language=en,2026-06-29,
Scotland,SCO,Kenny McLEAN,Midfielder,140,1,3,FIFA API live/football and timelines,https://api.fifa.com/api/v3/live/football/400021453?language=en https://api.fifa.com/api/v3/timelines/400021453?language=en https://api.fifa.com/api/v3/live/football/400021454?language=en https://api.fifa.com/api/v3/timelines/400021454?language=en https://api.fifa.com/api/v3/live/football/400021455?language=en https://api.fifa.com/api/v3/timelines/400021455?language=en,2026-06-29,
Scotland,SCO,Ryan Christie,Midfielder,111,1,3,FIFA API live/football and timelines,https://api.fifa.com/api/v3/live/football/400021453?language=en https://api.fifa.com/api/v3/timelines/400021453?language=en https://api.fifa.com/api/v3/live/football/400021454?language=en https://api.fifa.com/api/v3/timelines/400021454?language=en https://api.fifa.com/api/v3/live/football/400021455?language=en https://api.fifa.com/api/v3/timelines/400021455?language=en,2026-06-29,
Scotland,SCO,Scott MCKENNA,Defender,97,1,1,FIFA API live/football and timelines,https://api.fifa.com/api/v3/live/football/400021455?language=en https://api.fifa.com/api/v3/timelines/400021455?language=en,2026-06-29,
Scotland,SCO,Aaron HICKEY,Defender,75,1,1,FIFA API live/football and timelines,https://api.fifa.com/api/v3/live/football/400021453?language=en https://api.fifa.com/api/v3/timelines/400021453?language=en,2026-06-29,
Scotland,SCO,Kieran Tierney,Defender,67,1,2,FIFA API live/football and timelines,https://api.fifa.com/api/v3/live/football/400021454?language=en https://api.fifa.com/api/v3/timelines/400021454?language=en https://api.fifa.com/api/v3/live/football/400021455?language=en https://api.fifa.com/api/v3/timelines/400021455?language=en,2026-06-29,
Scotland,SCO,Lyndon DYKES,Forward,50,0,2,FIFA API live/football and timelines,https://api.fifa.com/api/v3/live/football/400021453?language=en https://api.fifa.com/api/v3/timelines/400021453?language=en https://api.fifa.com/api/v3/live/football/400021454?language=en https://api.fifa.com/api/v3/timelines/400021454?language=en,2026-06-29,
Scotland,SCO,Anthony RALSTON,Defender,25,0,2,FIFA API live/football and timelines,https://api.fifa.com/api/v3/live/football/400021454?language=en https://api.fifa.com/api/v3/timelines/400021454?language=en https://api.fifa.com/api/v3/live/football/400021455?language=en https://api.fifa.com/api/v3/timelines/400021455?language=en,2026-06-29,
Scotland,SCO,Findlay CURTIS,Forward,24,0,2,FIFA API live/football and timelines,https://api.fifa.com/api/v3/live/football/400021453?language=en https://api.fifa.com/api/v3/timelines/400021453?language=en https://api.fifa.com/api/v3/live/football/400021455?language=en https://api.fifa.com/api/v3/timelines/400021455?language=en,2026-06-29,
Scotland,SCO,Ross STEWART,Forward,9,0,1,FIFA API live/football and timelines,https://api.fifa.com/api/v3/live/football/400021454?language=en https://api.fifa.com/api/v3/timelines/400021454?language=en,2026-06-29,
Senegal,SEN,Krepin DIATTA,Defender,298,3,3,FIFA API live/football and timelines,https://api.fifa.com/api/v3/live/football/400021490?language=en https://api.fifa.com/api/v3/timelines/400021490?language=en https://api.fifa.com/api/v3/live/football/400021491?language=en https://api.fifa.com/api/v3/timelines/400021491?language=en https://api.fifa.com/api/v3/live/football/400021493?language=en https://api.fifa.com/api/v3/timelines/400021493?language=en,2026-06-29,
Senegal,SEN,Moussa Niakhate,Defender,298,3,3,FIFA API live/football and timelines,https://api.fifa.com/api/v3/live/football/400021490?language=en https://api.fifa.com/api/v3/timelines/400021490?language=en https://api.fifa.com/api/v3/live/football/400021491?language=en https://api.fifa.com/api/v3/timelines/400021491?language=en https://api.fifa.com/api/v3/live/football/400021493?language=en https://api.fifa.com/api/v3/timelines/400021493?language=en,2026-06-29,
Senegal,SEN,Sadio MANE,Forward,298,3,3,FIFA API live/football and timelines,https://api.fifa.com/api/v3/live/football/400021490?language=en https://api.fifa.com/api/v3/timelines/400021490?language=en https://api.fifa.com/api/v3/live/football/400021491?language=en https://api.fifa.com/api/v3/timelines/400021491?language=en https://api.fifa.com/api/v3/live/football/400021493?language=en https://api.fifa.com/api/v3/timelines/400021493?language=en,2026-06-29,
Senegal,SEN,Idrissa Gana GUEYE,Midfielder,286,3,3,FIFA API live/football and timelines,https://api.fifa.com/api/v3/live/football/400021490?language=en https://api.fifa.com/api/v3/timelines/400021490?language=en https://api.fifa.com/api/v3/live/football/400021491?language=en https://api.fifa.com/api/v3/timelines/400021491?language=en https://api.fifa.com/api/v3/live/football/400021493?language=en https://api.fifa.com/api/v3/timelines/400021493?language=en,2026-06-29,
Senegal,SEN,Ismaila SARR,Forward,257,3,3,FIFA API live/football and timelines,https://api.fifa.com/api/v3/live/football/400021490?language=en https://api.fifa.com/api/v3/timelines/400021490?language=en https://api.fifa.com/api/v3/live/football/400021491?language=en https://api.fifa.com/api/v3/timelines/400021491?language=en https://api.fifa.com/api/v3/live/football/400021493?language=en https://api.fifa.com/api/v3/timelines/400021493?language=en,2026-06-29,
Senegal,SEN,Nicolas JACKSON,Forward,225,2,3,FIFA API live/football and timelines,https://api.fifa.com/api/v3/live/football/400021490?language=en https://api.fifa.com/api/v3/timelines/400021490?language=en https://api.fifa.com/api/v3/live/football/400021491?language=en https://api.fifa.com/api/v3/timelines/400021491?language=en https://api.fifa.com/api/v3/live/football/400021493?language=en https://api.fifa.com/api/v3/timelines/400021493?language=en,2026-06-29,
Senegal,SEN,Lamine CAMARA,Midfielder,194,3,3,FIFA API live/football and timelines,https://api.fifa.com/api/v3/live/football/400021490?language=en https://api.fifa.com/api/v3/timelines/400021490?language=en https://api.fifa.com/api/v3/live/football/400021491?language=en https://api.fifa.com/api/v3/timelines/400021491?language=en https://api.fifa.com/api/v3/live/football/400021493?language=en https://api.fifa.com/api/v3/timelines/400021493?language=en,2026-06-29,
Senegal,SEN,Pape GUEYE,Midfielder,178,2,3,FIFA API live/football and timelines,https://api.fifa.com/api/v3/live/football/400021490?language=en https://api.fifa.com/api/v3/timelines/400021490?language=en https://api.fifa.com/api/v3/live/football/400021491?language=en https://api.fifa.com/api/v3/timelines/400021491?language=en https://api.fifa.com/api/v3/live/football/400021493?language=en https://api.fifa.com/api/v3/timelines/400021493?language=en,2026-06-29,
Senegal,SEN,Kalidou KOULIBALY,Defender,172,2,2,FIFA API live/football and timelines,https://api.fifa.com/api/v3/live/football/400021490?language=en https://api.fifa.com/api/v3/timelines/400021490?language=en https://api.fifa.com/api/v3/live/football/400021491?language=en https://api.fifa.com/api/v3/timelines/400021491?language=en,2026-06-29,
Senegal,SEN,Edouard MENDY,Goalkeeper,163,2,2,FIFA API live/football and timelines,https://api.fifa.com/api/v3/live/football/400021490?language=en https://api.fifa.com/api/v3/timelines/400021490?language=en https://api.fifa.com/api/v3/live/football/400021491?language=en https://api.fifa.com/api/v3/timelines/400021491?language=en,2026-06-29,
Senegal,SEN,El Hadji Malick DIOUF,Defender,154,2,2,FIFA API live/football and timelines,https://api.fifa.com/api/v3/live/football/400021490?language=en https://api.fifa.com/api/v3/timelines/400021490?language=en https://api.fifa.com/api/v3/live/football/400021491?language=en https://api.fifa.com/api/v3/timelines/400021491?language=en,2026-06-29,
Senegal,SEN,Ismail JAKOBS,Defender,144,1,2,FIFA API live/football and timelines,https://api.fifa.com/api/v3/live/football/400021491?language=en https://api.fifa.com/api/v3/timelines/400021491?language=en https://api.fifa.com/api/v3/live/football/400021493?language=en https://api.fifa.com/api/v3/timelines/400021493?language=en,2026-06-29,
Senegal,SEN,Mory DIAW,Goalkeeper,135,1,2,FIFA API live/football and timelines,https://api.fifa.com/api/v3/live/football/400021491?language=en https://api.fifa.com/api/v3/timelines/400021491?language=en https://api.fifa.com/api/v3/live/football/400021493?language=en https://api.fifa.com/api/v3/timelines/400021493?language=en,2026-06-29,
Senegal,SEN,Ibrahim MBAYE,Forward,128,1,3,FIFA API live/football and timelines,https://api.fifa.com/api/v3/live/football/400021490?language=en https://api.fifa.com/api/v3/timelines/400021490?language=en https://api.fifa.com/api/v3/live/football/400021491?language=en https://api.fifa.com/api/v3/timelines/400021491?language=en https://api.fifa.com/api/v3/live/football/400021493?language=en https://api.fifa.com/api/v3/timelines/400021493?language=en,2026-06-29,
Senegal,SEN,Pathe CISS,Midfielder,89,0,3,FIFA API live/football and timelines,https://api.fifa.com/api/v3/live/football/400021490?language=en https://api.fifa.com/api/v3/timelines/400021490?language=en https://api.fifa.com/api/v3/live/football/400021491?language=en https://api.fifa.com/api/v3/timelines/400021491?language=en https://api.fifa.com/api/v3/live/football/400021493?language=en https://api.fifa.com/api/v3/timelines/400021493?language=en,2026-06-29,
Senegal,SEN,Habib DIARRA,Midfielder,81,1,2,FIFA API live/football and timelines,https://api.fifa.com/api/v3/live/football/400021490?language=en https://api.fifa.com/api/v3/timelines/400021490?language=en https://api.fifa.com/api/v3/live/football/400021493?language=en https://api.fifa.com/api/v3/timelines/400021493?language=en,2026-06-29,
Senegal,SEN,Abdoulaye Seck,Defender,58,1,1,FIFA API live/football and timelines,https://api.fifa.com/api/v3/live/football/400021493?language=en https://api.fifa.com/api/v3/timelines/400021493?language=en,2026-06-29,
Senegal,SEN,Iliman NDIAYE,Forward,58,0,2,FIFA API live/football and timelines,https://api.fifa.com/api/v3/live/football/400021490?language=en https://api.fifa.com/api/v3/timelines/400021490?language=en https://api.fifa.com/api/v3/live/football/400021493?language=en https://api.fifa.com/api/v3/timelines/400021493?language=en,2026-06-29,
Senegal,SEN,Pape Matar SARR,Midfielder,29,0,1,FIFA API live/football and timelines,https://api.fifa.com/api/v3/live/football/400021491?language=en https://api.fifa.com/api/v3/timelines/400021491?language=en,2026-06-29,
Senegal,SEN,Bamba DIENG,Forward,17,0,1,FIFA API live/football and timelines,https://api.fifa.com/api/v3/live/football/400021490?language=en https://api.fifa.com/api/v3/timelines/400021490?language=en,2026-06-29,
Senegal,SEN,Assane DIAO,Forward,16,0,1,FIFA API live/football and timelines,https://api.fifa.com/api/v3/live/football/400021493?language=en https://api.fifa.com/api/v3/timelines/400021493?language=en,2026-06-29,
South Africa,RSA,Ime OKON,Defender,293,3,3,FIFA API live/football and timelines,https://api.fifa.com/api/v3/live/football/400021443?language=en https://api.fifa.com/api/v3/timelines/400021443?language=en https://api.fifa.com/api/v3/live/football/400021440?language=en https://api.fifa.com/api/v3/timelines/400021440?language=en https://api.fifa.com/api/v3/live/football/400021445?language=en https://api.fifa.com/api/v3/timelines/400021445?language=en,2026-06-29,
South Africa,RSA,Khuliso MUDAU,Defender,293,3,3,FIFA API live/football and timelines,https://api.fifa.com/api/v3/live/football/400021443?language=en https://api.fifa.com/api/v3/timelines/400021443?language=en https://api.fifa.com/api/v3/live/football/400021440?language=en https://api.fifa.com/api/v3/timelines/400021440?language=en https://api.fifa.com/api/v3/live/football/400021445?language=en https://api.fifa.com/api/v3/timelines/400021445?language=en,2026-06-29,
South Africa,RSA,Mbekezeli MBOKAZI,Defender,293,3,3,FIFA API live/football and timelines,https://api.fifa.com/api/v3/live/football/400021443?language=en https://api.fifa.com/api/v3/timelines/400021443?language=en https://api.fifa.com/api/v3/live/football/400021440?language=en https://api.fifa.com/api/v3/timelines/400021440?language=en https://api.fifa.com/api/v3/live/football/400021445?language=en https://api.fifa.com/api/v3/timelines/400021445?language=en,2026-06-29,
South Africa,RSA,Ronwen WILLIAMS,Goalkeeper,293,3,3,FIFA API live/football and timelines,https://api.fifa.com/api/v3/live/football/400021443?language=en https://api.fifa.com/api/v3/timelines/400021443?language=en https://api.fifa.com/api/v3/live/football/400021440?language=en https://api.fifa.com/api/v3/timelines/400021440?language=en https://api.fifa.com/api/v3/live/football/400021445?language=en https://api.fifa.com/api/v3/timelines/400021445?language=en,2026-06-29,
South Africa,RSA,Aubrey MODIBA,Defender,271,3,3,FIFA API live/football and timelines,https://api.fifa.com/api/v3/live/football/400021443?language=en https://api.fifa.com/api/v3/timelines/400021443?language=en https://api.fifa.com/api/v3/live/football/400021440?language=en https://api.fifa.com/api/v3/timelines/400021440?language=en https://api.fifa.com/api/v3/live/football/400021445?language=en https://api.fifa.com/api/v3/timelines/400021445?language=en,2026-06-29,
South Africa,RSA,Thalente MBATHA,Midfielder,237,2,3,FIFA API live/football and timelines,https://api.fifa.com/api/v3/live/football/400021443?language=en https://api.fifa.com/api/v3/timelines/400021443?language=en https://api.fifa.com/api/v3/live/football/400021440?language=en https://api.fifa.com/api/v3/timelines/400021440?language=en https://api.fifa.com/api/v3/live/football/400021445?language=en https://api.fifa.com/api/v3/timelines/400021445?language=en,2026-06-29,
South Africa,RSA,Teboho MOKOENA,Midfielder,196,2,2,FIFA API live/football and timelines,https://api.fifa.com/api/v3/live/football/400021443?language=en https://api.fifa.com/api/v3/timelines/400021443?language=en https://api.fifa.com/api/v3/live/football/400021440?language=en https://api.fifa.com/api/v3/timelines/400021440?language=en,2026-06-29,
South Africa,RSA,Sphephelo SITHOLE,Midfielder,195,2,2,FIFA API live/football and timelines,https://api.fifa.com/api/v3/live/football/400021443?language=en https://api.fifa.com/api/v3/timelines/400021443?language=en https://api.fifa.com/api/v3/live/football/400021445?language=en https://api.fifa.com/api/v3/timelines/400021445?language=en,2026-06-29,
South Africa,RSA,Oswin APPOLLIS,Forward,182,2,3,FIFA API live/football and timelines,https://api.fifa.com/api/v3/live/football/400021443?language=en https://api.fifa.com/api/v3/timelines/400021443?language=en https://api.fifa.com/api/v3/live/football/400021440?language=en https://api.fifa.com/api/v3/timelines/400021440?language=en https://api.fifa.com/api/v3/live/football/400021445?language=en https://api.fifa.com/api/v3/timelines/400021445?language=en,2026-06-29,
South Africa,RSA,Jayden ADAMS,Midfielder,168,2,3,FIFA API live/football and timelines,https://api.fifa.com/api/v3/live/football/400021443?language=en https://api.fifa.com/api/v3/timelines/400021443?language=en https://api.fifa.com/api/v3/live/football/400021440?language=en https://api.fifa.com/api/v3/timelines/400021440?language=en https://api.fifa.com/api/v3/live/football/400021445?language=en https://api.fifa.com/api/v3/timelines/400021445?language=en,2026-06-29,
South Africa,RSA,Iqraam RAYNERS,Forward,164,2,3,FIFA API live/football and timelines,https://api.fifa.com/api/v3/live/football/400021443?language=en https://api.fifa.com/api/v3/timelines/400021443?language=en https://api.fifa.com/api/v3/live/football/400021440?language=en https://api.fifa.com/api/v3/timelines/400021440?language=en https://api.fifa.com/api/v3/live/football/400021445?language=en https://api.fifa.com/api/v3/timelines/400021445?language=en,2026-06-29,
South Africa,RSA,Thapelo MASEKO,Forward,159,2,2,FIFA API live/football and timelines,https://api.fifa.com/api/v3/live/football/400021440?language=en https://api.fifa.com/api/v3/timelines/400021440?language=en https://api.fifa.com/api/v3/live/football/400021445?language=en https://api.fifa.com/api/v3/timelines/400021445?language=en,2026-06-29,
South Africa,RSA,Evidence MAKGOPA,Forward,151,1,3,FIFA API live/football and timelines,https://api.fifa.com/api/v3/live/football/400021443?language=en https://api.fifa.com/api/v3/timelines/400021443?language=en https://api.fifa.com/api/v3/live/football/400021440?language=en https://api.fifa.com/api/v3/timelines/400021440?language=en https://api.fifa.com/api/v3/live/football/400021445?language=en https://api.fifa.com/api/v3/timelines/400021445?language=en,2026-06-29,
South Africa,RSA,Nkosinathi SIBISI,Defender,98,1,1,FIFA API live/football and timelines,https://api.fifa.com/api/v3/live/football/400021443?language=en https://api.fifa.com/api/v3/timelines/400021443?language=en,2026-06-29,
South Africa,RSA,Relebohile MOFOKENG,Forward,88,1,2,FIFA API live/football and timelines,https://api.fifa.com/api/v3/live/football/400021440?language=en https://api.fifa.com/api/v3/timelines/400021440?language=en https://api.fifa.com/api/v3/live/football/400021445?language=en https://api.fifa.com/api/v3/timelines/400021445?language=en,2026-06-29,
South Africa,RSA,Lyle FOSTER,Forward,56,1,1,FIFA API live/football and timelines,https://api.fifa.com/api/v3/live/football/400021443?language=en https://api.fifa.com/api/v3/timelines/400021443?language=en,2026-06-29,
South Africa,RSA,Themba ZWANE,Midfielder,37,0,1,FIFA API live/football and timelines,https://api.fifa.com/api/v3/live/football/400021443?language=en https://api.fifa.com/api/v3/timelines/400021443?language=en,2026-06-29,
South Africa,RSA,Tshepang MOREMI,Forward,35,0,1,FIFA API live/football and timelines,https://api.fifa.com/api/v3/live/football/400021445?language=en https://api.fifa.com/api/v3/timelines/400021445?language=en,2026-06-29,
South Africa,RSA,Kamogelo SEBELEBELE,Forward,14,0,1,FIFA API live/football and timelines,https://api.fifa.com/api/v3/live/football/400021440?language=en https://api.fifa.com/api/v3/timelines/400021440?language=en,2026-06-29,
Spain,ESP,Aymeric LAPORTE,Defender,292,3,3,FIFA API live/football and timelines,https://api.fifa.com/api/v3/live/football/400021482?language=en https://api.fifa.com/api/v3/timelines/400021482?language=en https://api.fifa.com/api/v3/live/football/400021483?language=en https://api.fifa.com/api/v3/timelines/400021483?language=en https://api.fifa.com/api/v3/live/football/400021484?language=en https://api.fifa.com/api/v3/timelines/400021484?language=en,2026-06-29,
Spain,ESP,Marc CUCURELLA,Defender,292,3,3,FIFA API live/football and timelines,https://api.fifa.com/api/v3/live/football/400021482?language=en https://api.fifa.com/api/v3/timelines/400021482?language=en https://api.fifa.com/api/v3/live/football/400021483?language=en https://api.fifa.com/api/v3/timelines/400021483?language=en https://api.fifa.com/api/v3/live/football/400021484?language=en https://api.fifa.com/api/v3/timelines/400021484?language=en,2026-06-29,
Spain,ESP,Pau CUBARSI,Defender,292,3,3,FIFA API live/football and timelines,https://api.fifa.com/api/v3/live/football/400021482?language=en https://api.fifa.com/api/v3/timelines/400021482?language=en https://api.fifa.com/api/v3/live/football/400021483?language=en https://api.fifa.com/api/v3/timelines/400021483?language=en https://api.fifa.com/api/v3/live/football/400021484?language=en https://api.fifa.com/api/v3/timelines/400021484?language=en,2026-06-29,
Spain,ESP,Unai SIMON,Goalkeeper,292,3,3,FIFA API live/football and timelines,https://api.fifa.com/api/v3/live/football/400021482?language=en https://api.fifa.com/api/v3/timelines/400021482?language=en https://api.fifa.com/api/v3/live/football/400021483?language=en https://api.fifa.com/api/v3/timelines/400021483?language=en https://api.fifa.com/api/v3/live/football/400021484?language=en https://api.fifa.com/api/v3/timelines/400021484?language=en,2026-06-29,
Spain,ESP,RODRI,Midfielder,283,3,3,FIFA API live/football and timelines,https://api.fifa.com/api/v3/live/football/400021482?language=en https://api.fifa.com/api/v3/timelines/400021482?language=en https://api.fifa.com/api/v3/live/football/400021483?language=en https://api.fifa.com/api/v3/timelines/400021483?language=en https://api.fifa.com/api/v3/live/football/400021484?language=en https://api.fifa.com/api/v3/timelines/400021484?language=en,2026-06-29,
Spain,ESP,Mikel OYARZABAL,Forward,262,3,3,FIFA API live/football and timelines,https://api.fifa.com/api/v3/live/football/400021482?language=en https://api.fifa.com/api/v3/timelines/400021482?language=en https://api.fifa.com/api/v3/live/football/400021483?language=en https://api.fifa.com/api/v3/timelines/400021483?language=en https://api.fifa.com/api/v3/live/football/400021484?language=en https://api.fifa.com/api/v3/timelines/400021484?language=en,2026-06-29,
Spain,ESP,PEDRI,Midfielder,226,3,3,FIFA API live/football and timelines,https://api.fifa.com/api/v3/live/football/400021482?language=en https://api.fifa.com/api/v3/timelines/400021482?language=en https://api.fifa.com/api/v3/live/football/400021483?language=en https://api.fifa.com/api/v3/timelines/400021483?language=en https://api.fifa.com/api/v3/live/football/400021484?language=en https://api.fifa.com/api/v3/timelines/400021484?language=en,2026-06-29,
Spain,ESP,Marcos LLORENTE,Defender,193,2,2,FIFA API live/football and timelines,https://api.fifa.com/api/v3/live/football/400021482?language=en https://api.fifa.com/api/v3/timelines/400021482?language=en https://api.fifa.com/api/v3/live/football/400021484?language=en https://api.fifa.com/api/v3/timelines/400021484?language=en,2026-06-29,
Spain,ESP,Lamine YAMAL,Forward,191,2,3,FIFA API live/football and timelines,https://api.fifa.com/api/v3/live/football/400021482?language=en https://api.fifa.com/api/v3/timelines/400021482?language=en https://api.fifa.com/api/v3/live/football/400021483?language=en https://api.fifa.com/api/v3/timelines/400021483?language=en https://api.fifa.com/api/v3/live/football/400021484?language=en https://api.fifa.com/api/v3/timelines/400021484?language=en,2026-06-29,
Spain,ESP,Fabian RUIZ,Midfielder,137,1,3,FIFA API live/football and timelines,https://api.fifa.com/api/v3/live/football/400021482?language=en https://api.fifa.com/api/v3/timelines/400021482?language=en https://api.fifa.com/api/v3/live/football/400021483?language=en https://api.fifa.com/api/v3/timelines/400021483?language=en https://api.fifa.com/api/v3/live/football/400021484?language=en https://api.fifa.com/api/v3/timelines/400021484?language=en,2026-06-29,
Spain,ESP,Alex BAENA,Midfielder,127,2,2,FIFA API live/football and timelines,https://api.fifa.com/api/v3/live/football/400021483?language=en https://api.fifa.com/api/v3/timelines/400021483?language=en https://api.fifa.com/api/v3/live/football/400021484?language=en https://api.fifa.com/api/v3/timelines/400021484?language=en,2026-06-29,
Spain,ESP,Mikel MERINO,Midfielder,123,1,3,FIFA API live/football and timelines,https://api.fifa.com/api/v3/live/football/400021482?language=en https://api.fifa.com/api/v3/timelines/400021482?language=en https://api.fifa.com/api/v3/live/football/400021483?language=en https://api.fifa.com/api/v3/timelines/400021483?language=en https://api.fifa.com/api/v3/live/football/400021484?language=en https://api.fifa.com/api/v3/timelines/400021484?language=en,2026-06-29,
Spain,ESP,Dani OLMO,Forward,113,1,3,FIFA API live/football and timelines,https://api.fifa.com/api/v3/live/football/400021482?language=en https://api.fifa.com/api/v3/timelines/400021482?language=en https://api.fifa.com/api/v3/live/football/400021483?language=en https://api.fifa.com/api/v3/timelines/400021483?language=en https://api.fifa.com/api/v3/live/football/400021484?language=en https://api.fifa.com/api/v3/timelines/400021484?language=en,2026-06-29,
Spain,ESP,Ferran TORRES,Forward,111,1,3,FIFA API live/football and timelines,https://api.fifa.com/api/v3/live/football/400021482?language=en https://api.fifa.com/api/v3/timelines/400021482?language=en https://api.fifa.com/api/v3/live/football/400021483?language=en https://api.fifa.com/api/v3/timelines/400021483?language=en https://api.fifa.com/api/v3/live/football/400021484?language=en https://api.fifa.com/api/v3/timelines/400021484?language=en,2026-06-29,
Spain,ESP,Pedro PORRO,Defender,99,1,1,FIFA API live/football and timelines,https://api.fifa.com/api/v3/live/football/400021483?language=en https://api.fifa.com/api/v3/timelines/400021483?language=en,2026-06-29,
Spain,ESP,GAVI,Midfielder,71,1,1,FIFA API live/football and timelines,https://api.fifa.com/api/v3/live/football/400021482?language=en https://api.fifa.com/api/v3/timelines/400021482?language=en,2026-06-29,
Spain,ESP,Nico WILLIAMS,Forward,68,0,3,FIFA API live/football and timelines,https://api.fifa.com/api/v3/live/football/400021482?language=en https://api.fifa.com/api/v3/timelines/400021482?language=en https://api.fifa.com/api/v3/live/football/400021483?language=en https://api.fifa.com/api/v3/timelines/400021483?language=en https://api.fifa.com/api/v3/live/football/400021484?language=en https://api.fifa.com/api/v3/timelines/400021484?language=en,2026-06-29,
Spain,ESP,Yeremy PINO,Forward,40,0,2,FIFA API live/football and timelines,https://api.fifa.com/api/v3/live/football/400021483?language=en https://api.fifa.com/api/v3/timelines/400021483?language=en https://api.fifa.com/api/v3/live/football/400021484?language=en https://api.fifa.com/api/v3/timelines/400021484?language=en,2026-06-29,
Sweden,SWE,Gustaf LAGERBIELKE,Defender,291,3,3,FIFA API live/football and timelines,https://api.fifa.com/api/v3/live/football/400021474?language=en https://api.fifa.com/api/v3/timelines/400021474?language=en https://api.fifa.com/api/v3/live/football/400021472?language=en https://api.fifa.com/api/v3/timelines/400021472?language=en https://api.fifa.com/api/v3/live/football/400021471?language=en https://api.fifa.com/api/v3/timelines/400021471?language=en,2026-06-29,
Sweden,SWE,Viktor GYOKERES,Forward,291,3,3,FIFA API live/football and timelines,https://api.fifa.com/api/v3/live/football/400021474?language=en https://api.fifa.com/api/v3/timelines/400021474?language=en https://api.fifa.com/api/v3/live/football/400021472?language=en https://api.fifa.com/api/v3/timelines/400021472?language=en https://api.fifa.com/api/v3/live/football/400021471?language=en https://api.fifa.com/api/v3/timelines/400021471?language=en,2026-06-29,
Sweden,SWE,Alexander Isak,Forward,284,3,3,FIFA API live/football and timelines,https://api.fifa.com/api/v3/live/football/400021474?language=en https://api.fifa.com/api/v3/timelines/400021474?language=en https://api.fifa.com/api/v3/live/football/400021472?language=en https://api.fifa.com/api/v3/timelines/400021472?language=en https://api.fifa.com/api/v3/live/football/400021471?language=en https://api.fifa.com/api/v3/timelines/400021471?language=en,2026-06-29,
Sweden,SWE,Victor LINDELOF,Defender,280,3,3,FIFA API live/football and timelines,https://api.fifa.com/api/v3/live/football/400021474?language=en https://api.fifa.com/api/v3/timelines/400021474?language=en https://api.fifa.com/api/v3/live/football/400021472?language=en https://api.fifa.com/api/v3/timelines/400021472?language=en https://api.fifa.com/api/v3/live/football/400021471?language=en https://api.fifa.com/api/v3/timelines/400021471?language=en,2026-06-29,
Sweden,SWE,Yasin AYARI,Midfielder,274,3,3,FIFA API live/football and timelines,https://api.fifa.com/api/v3/live/football/400021474?language=en https://api.fifa.com/api/v3/timelines/400021474?language=en https://api.fifa.com/api/v3/live/football/400021472?language=en https://api.fifa.com/api/v3/timelines/400021472?language=en https://api.fifa.com/api/v3/live/football/400021471?language=en https://api.fifa.com/api/v3/timelines/400021471?language=en,2026-06-29,
Sweden,SWE,Gabriel GUDMUNDSSON,Defender,241,3,3,FIFA API live/football and timelines,https://api.fifa.com/api/v3/live/football/400021474?language=en https://api.fifa.com/api/v3/timelines/400021474?language=en https://api.fifa.com/api/v3/live/football/400021472?language=en https://api.fifa.com/api/v3/timelines/400021472?language=en https://api.fifa.com/api/v3/live/football/400021471?language=en https://api.fifa.com/api/v3/timelines/400021471?language=en,2026-06-29,
Sweden,SWE,Isak HIEN,Defender,230,3,3,FIFA API live/football and timelines,https://api.fifa.com/api/v3/live/football/400021474?language=en https://api.fifa.com/api/v3/timelines/400021474?language=en https://api.fifa.com/api/v3/live/football/400021472?language=en https://api.fifa.com/api/v3/timelines/400021472?language=en https://api.fifa.com/api/v3/live/football/400021471?language=en https://api.fifa.com/api/v3/timelines/400021471?language=en,2026-06-29,
Sweden,SWE,Alexander BERNHARDSSON,Defender,220,3,3,FIFA API live/football and timelines,https://api.fifa.com/api/v3/live/football/400021474?language=en https://api.fifa.com/api/v3/timelines/400021474?language=en https://api.fifa.com/api/v3/live/football/400021472?language=en https://api.fifa.com/api/v3/timelines/400021472?language=en https://api.fifa.com/api/v3/live/football/400021471?language=en https://api.fifa.com/api/v3/timelines/400021471?language=en,2026-06-29,
Sweden,SWE,Kristoffer NORDFELDT,Goalkeeper,193,2,2,FIFA API live/football and timelines,https://api.fifa.com/api/v3/live/football/400021474?language=en https://api.fifa.com/api/v3/timelines/400021474?language=en https://api.fifa.com/api/v3/live/football/400021472?language=en https://api.fifa.com/api/v3/timelines/400021472?language=en,2026-06-29,
Sweden,SWE,Anthony ELANGA,Forward,146,1,3,FIFA API live/football and timelines,https://api.fifa.com/api/v3/live/football/400021474?language=en https://api.fifa.com/api/v3/timelines/400021474?language=en https://api.fifa.com/api/v3/live/football/400021472?language=en https://api.fifa.com/api/v3/timelines/400021472?language=en https://api.fifa.com/api/v3/live/football/400021471?language=en https://api.fifa.com/api/v3/timelines/400021471?language=en,2026-06-29,
Sweden,SWE,Jesper KARLSTROM,Midfielder,139,2,2,FIFA API live/football and timelines,https://api.fifa.com/api/v3/live/football/400021474?language=en https://api.fifa.com/api/v3/timelines/400021474?language=en https://api.fifa.com/api/v3/live/football/400021472?language=en https://api.fifa.com/api/v3/timelines/400021472?language=en,2026-06-29,
Sweden,SWE,Lucas BERGVALL,Midfielder,135,0,3,FIFA API live/football and timelines,https://api.fifa.com/api/v3/live/football/400021474?language=en https://api.fifa.com/api/v3/timelines/400021474?language=en https://api.fifa.com/api/v3/live/football/400021472?language=en https://api.fifa.com/api/v3/timelines/400021472?language=en https://api.fifa.com/api/v3/live/football/400021471?language=en https://api.fifa.com/api/v3/timelines/400021471?language=en,2026-06-29,
Sweden,SWE,Benjamin NYGREN,Midfielder,130,2,3,FIFA API live/football and timelines,https://api.fifa.com/api/v3/live/football/400021474?language=en https://api.fifa.com/api/v3/timelines/400021474?language=en https://api.fifa.com/api/v3/live/football/400021472?language=en https://api.fifa.com/api/v3/timelines/400021472?language=en https://api.fifa.com/api/v3/live/football/400021471?language=en https://api.fifa.com/api/v3/timelines/400021471?language=en,2026-06-29,
Sweden,SWE,Elliot STROUD,Defender,114,1,3,FIFA API live/football and timelines,https://api.fifa.com/api/v3/live/football/400021474?language=en https://api.fifa.com/api/v3/timelines/400021474?language=en https://api.fifa.com/api/v3/live/football/400021472?language=en https://api.fifa.com/api/v3/timelines/400021472?language=en https://api.fifa.com/api/v3/live/football/400021471?language=en https://api.fifa.com/api/v3/timelines/400021471?language=en,2026-06-29,
Sweden,SWE,Jacob WIDELL ZETTERSTROM,Goalkeeper,98,1,1,FIFA API live/football and timelines,https://api.fifa.com/api/v3/live/football/400021471?language=en https://api.fifa.com/api/v3/timelines/400021471?language=en,2026-06-29,
Sweden,SWE,Besfort ZENELI,Midfielder,41,0,1,FIFA API live/football and timelines,https://api.fifa.com/api/v3/live/football/400021472?language=en https://api.fifa.com/api/v3/timelines/400021472?language=en,2026-06-29,
Sweden,SWE,Daniel SVENSSON,Defender,30,0,2,FIFA API live/football and timelines,https://api.fifa.com/api/v3/live/football/400021474?language=en https://api.fifa.com/api/v3/timelines/400021474?language=en https://api.fifa.com/api/v3/live/football/400021471?language=en https://api.fifa.com/api/v3/timelines/400021471?language=en,2026-06-29,
Sweden,SWE,Ken SEMA,Midfielder,23,0,1,FIFA API live/football and timelines,https://api.fifa.com/api/v3/live/football/400021471?language=en https://api.fifa.com/api/v3/timelines/400021471?language=en,2026-06-29,
Sweden,SWE,Taha ALI,Forward,17,0,1,FIFA API live/football and timelines,https://api.fifa.com/api/v3/live/football/400021472?language=en https://api.fifa.com/api/v3/timelines/400021472?language=en,2026-06-29,
Sweden,SWE,Mattias SVANBERG,Midfielder,13,0,1,FIFA API live/football and timelines,https://api.fifa.com/api/v3/live/football/400021474?language=en https://api.fifa.com/api/v3/timelines/400021474?language=en,2026-06-29,
Sweden,SWE,Carl STARFELT,Defender,11,0,1,FIFA API live/football and timelines,https://api.fifa.com/api/v3/live/football/400021471?language=en https://api.fifa.com/api/v3/timelines/400021471?language=en,2026-06-29,
Switzerland,SUI,Granit XHAKA,Midfielder,293,3,3,FIFA API live/football and timelines,https://api.fifa.com/api/v3/live/football/400021447?language=en https://api.fifa.com/api/v3/timelines/400021447?language=en https://api.fifa.com/api/v3/live/football/400021446?language=en https://api.fifa.com/api/v3/timelines/400021446?language=en https://api.fifa.com/api/v3/live/football/400021451?language=en https://api.fifa.com/api/v3/timelines/400021451?language=en,2026-06-29,
Switzerland,SUI,Gregor KOBEL,Goalkeeper,293,3,3,FIFA API live/football and timelines,https://api.fifa.com/api/v3/live/football/400021447?language=en https://api.fifa.com/api/v3/timelines/400021447?language=en https://api.fifa.com/api/v3/live/football/400021446?language=en https://api.fifa.com/api/v3/timelines/400021446?language=en https://api.fifa.com/api/v3/live/football/400021451?language=en https://api.fifa.com/api/v3/timelines/400021451?language=en,2026-06-29,
Switzerland,SUI,Manuel AKANJI,Defender,293,3,3,FIFA API live/football and timelines,https://api.fifa.com/api/v3/live/football/400021447?language=en https://api.fifa.com/api/v3/timelines/400021447?language=en https://api.fifa.com/api/v3/live/football/400021446?language=en https://api.fifa.com/api/v3/timelines/400021446?language=en https://api.fifa.com/api/v3/live/football/400021451?language=en https://api.fifa.com/api/v3/timelines/400021451?language=en,2026-06-29,
Switzerland,SUI,Nico ELVEDI,Defender,293,3,3,FIFA API live/football and timelines,https://api.fifa.com/api/v3/live/football/400021447?language=en https://api.fifa.com/api/v3/timelines/400021447?language=en https://api.fifa.com/api/v3/live/football/400021446?language=en https://api.fifa.com/api/v3/timelines/400021446?language=en https://api.fifa.com/api/v3/live/football/400021451?language=en https://api.fifa.com/api/v3/timelines/400021451?language=en,2026-06-29,
Switzerland,SUI,Remo FREULER,Midfielder,284,3,3,FIFA API live/football and timelines,https://api.fifa.com/api/v3/live/football/400021447?language=en https://api.fifa.com/api/v3/timelines/400021447?language=en https://api.fifa.com/api/v3/live/football/400021446?language=en https://api.fifa.com/api/v3/timelines/400021446?language=en https://api.fifa.com/api/v3/live/football/400021451?language=en https://api.fifa.com/api/v3/timelines/400021451?language=en,2026-06-29,
Switzerland,SUI,Ricardo RODRIGUEZ,Defender,284,3,3,FIFA API live/football and timelines,https://api.fifa.com/api/v3/live/football/400021447?language=en https://api.fifa.com/api/v3/timelines/400021447?language=en https://api.fifa.com/api/v3/live/football/400021446?language=en https://api.fifa.com/api/v3/timelines/400021446?language=en https://api.fifa.com/api/v3/live/football/400021451?language=en https://api.fifa.com/api/v3/timelines/400021451?language=en,2026-06-29,
Switzerland,SUI,Breel EMBOLO,Forward,272,3,3,FIFA API live/football and timelines,https://api.fifa.com/api/v3/live/football/400021447?language=en https://api.fifa.com/api/v3/timelines/400021447?language=en https://api.fifa.com/api/v3/live/football/400021446?language=en https://api.fifa.com/api/v3/timelines/400021446?language=en https://api.fifa.com/api/v3/live/football/400021451?language=en https://api.fifa.com/api/v3/timelines/400021451?language=en,2026-06-29,
Switzerland,SUI,Ruben VARGAS,Forward,185,2,3,FIFA API live/football and timelines,https://api.fifa.com/api/v3/live/football/400021447?language=en https://api.fifa.com/api/v3/timelines/400021447?language=en https://api.fifa.com/api/v3/live/football/400021446?language=en https://api.fifa.com/api/v3/timelines/400021446?language=en https://api.fifa.com/api/v3/live/football/400021451?language=en https://api.fifa.com/api/v3/timelines/400021451?language=en,2026-06-29,
Switzerland,SUI,Michel AEBISCHER,Midfielder,160,2,3,FIFA API live/football and timelines,https://api.fifa.com/api/v3/live/football/400021447?language=en https://api.fifa.com/api/v3/timelines/400021447?language=en https://api.fifa.com/api/v3/live/football/400021446?language=en https://api.fifa.com/api/v3/timelines/400021446?language=en https://api.fifa.com/api/v3/live/football/400021451?language=en https://api.fifa.com/api/v3/timelines/400021451?language=en,2026-06-29,
Switzerland,SUI,Dan NDOYE,Forward,154,2,3,FIFA API live/football and timelines,https://api.fifa.com/api/v3/live/football/400021447?language=en https://api.fifa.com/api/v3/timelines/400021447?language=en https://api.fifa.com/api/v3/live/football/400021446?language=en https://api.fifa.com/api/v3/timelines/400021446?language=en https://api.fifa.com/api/v3/live/football/400021451?language=en https://api.fifa.com/api/v3/timelines/400021451?language=en,2026-06-29,
Switzerland,SUI,Johan MANZAMBI,Midfielder,144,1,3,FIFA API live/football and timelines,https://api.fifa.com/api/v3/live/football/400021447?language=en https://api.fifa.com/api/v3/timelines/400021447?language=en https://api.fifa.com/api/v3/live/football/400021446?language=en https://api.fifa.com/api/v3/timelines/400021446?language=en https://api.fifa.com/api/v3/live/football/400021451?language=en https://api.fifa.com/api/v3/timelines/400021451?language=en,2026-06-29,
Switzerland,SUI,Silvan WIDMER,Defender,109,1,2,FIFA API live/football and timelines,https://api.fifa.com/api/v3/live/football/400021446?language=en https://api.fifa.com/api/v3/timelines/400021446?language=en https://api.fifa.com/api/v3/live/football/400021451?language=en https://api.fifa.com/api/v3/timelines/400021451?language=en,2026-06-29,
Switzerland,SUI,Fabian RIEDER,Midfielder,105,1,2,FIFA API live/football and timelines,https://api.fifa.com/api/v3/live/football/400021447?language=en https://api.fifa.com/api/v3/timelines/400021447?language=en https://api.fifa.com/api/v3/live/football/400021446?language=en https://api.fifa.com/api/v3/timelines/400021446?language=en,2026-06-29,
Switzerland,SUI,Djibril SOW,Midfielder,100,1,2,FIFA API live/football and timelines,https://api.fifa.com/api/v3/live/football/400021446?language=en https://api.fifa.com/api/v3/timelines/400021446?language=en https://api.fifa.com/api/v3/live/football/400021451?language=en https://api.fifa.com/api/v3/timelines/400021451?language=en,2026-06-29,
Switzerland,SUI,Denis ZAKARIA,Midfielder,98,1,1,FIFA API live/football and timelines,https://api.fifa.com/api/v3/live/football/400021447?language=en https://api.fifa.com/api/v3/timelines/400021447?language=en,2026-06-29,
Switzerland,SUI,Luca JAQUEZ,Defender,86,1,2,FIFA API live/football and timelines,https://api.fifa.com/api/v3/live/football/400021446?language=en https://api.fifa.com/api/v3/timelines/400021446?language=en https://api.fifa.com/api/v3/live/football/400021451?language=en https://api.fifa.com/api/v3/timelines/400021451?language=en,2026-06-29,
Switzerland,SUI,Cedric ITTEN,Forward,21,0,2,FIFA API live/football and timelines,https://api.fifa.com/api/v3/live/football/400021446?language=en https://api.fifa.com/api/v3/timelines/400021446?language=en https://api.fifa.com/api/v3/live/football/400021451?language=en https://api.fifa.com/api/v3/timelines/400021451?language=en,2026-06-29,
Switzerland,SUI,Zeki AMDOUNI,Forward,19,0,1,FIFA API live/football and timelines,https://api.fifa.com/api/v3/live/football/400021447?language=en https://api.fifa.com/api/v3/timelines/400021447?language=en,2026-06-29,
Switzerland,SUI,Christian FASSNACHT,Forward,12,0,1,FIFA API live/football and timelines,https://api.fifa.com/api/v3/live/football/400021451?language=en https://api.fifa.com/api/v3/timelines/400021451?language=en,2026-06-29,
Switzerland,SUI,Ardon JASHARI,Midfielder,9,0,1,FIFA API live/football and timelines,https://api.fifa.com/api/v3/live/football/400021447?language=en https://api.fifa.com/api/v3/timelines/400021447?language=en,2026-06-29,
Switzerland,SUI,Miro MUHEIM,Defender,9,0,1,FIFA API live/football and timelines,https://api.fifa.com/api/v3/live/football/400021447?language=en https://api.fifa.com/api/v3/timelines/400021447?language=en,2026-06-29,
Tunisia,TUN,Hannibal MEJBRI,Midfielder,290,3,3,FIFA API live/football and timelines,https://api.fifa.com/api/v3/live/football/400021474?language=en https://api.fifa.com/api/v3/timelines/400021474?language=en https://api.fifa.com/api/v3/live/football/400021475?language=en https://api.fifa.com/api/v3/timelines/400021475?language=en https://api.fifa.com/api/v3/live/football/400021473?language=en https://api.fifa.com/api/v3/timelines/400021473?language=en,2026-06-29,
Tunisia,TUN,Montassar TALBI,Defender,290,3,3,FIFA API live/football and timelines,https://api.fifa.com/api/v3/live/football/400021474?language=en https://api.fifa.com/api/v3/timelines/400021474?language=en https://api.fifa.com/api/v3/live/football/400021475?language=en https://api.fifa.com/api/v3/timelines/400021475?language=en https://api.fifa.com/api/v3/live/football/400021473?language=en https://api.fifa.com/api/v3/timelines/400021473?language=en,2026-06-29,
Tunisia,TUN,Ali ABDI,Defender,283,3,3,FIFA API live/football and timelines,https://api.fifa.com/api/v3/live/football/400021474?language=en https://api.fifa.com/api/v3/timelines/400021474?language=en https://api.fifa.com/api/v3/live/football/400021475?language=en https://api.fifa.com/api/v3/timelines/400021475?language=en https://api.fifa.com/api/v3/live/football/400021473?language=en https://api.fifa.com/api/v3/timelines/400021473?language=en,2026-06-29,
Tunisia,TUN,Yan Valery,Defender,265,3,3,FIFA API live/football and timelines,https://api.fifa.com/api/v3/live/football/400021474?language=en https://api.fifa.com/api/v3/timelines/400021474?language=en https://api.fifa.com/api/v3/live/football/400021475?language=en https://api.fifa.com/api/v3/timelines/400021475?language=en https://api.fifa.com/api/v3/live/football/400021473?language=en https://api.fifa.com/api/v3/timelines/400021473?language=en,2026-06-29,
Tunisia,TUN,Ellyes SKHIRI,Midfielder,258,3,3,FIFA API live/football and timelines,https://api.fifa.com/api/v3/live/football/400021474?language=en https://api.fifa.com/api/v3/timelines/400021474?language=en https://api.fifa.com/api/v3/live/football/400021475?language=en https://api.fifa.com/api/v3/timelines/400021475?language=en https://api.fifa.com/api/v3/live/football/400021473?language=en https://api.fifa.com/api/v3/timelines/400021473?language=en,2026-06-29,
Tunisia,TUN,Anis SLIMANE,Midfielder,248,3,3,FIFA API live/football and timelines,https://api.fifa.com/api/v3/live/football/400021474?language=en https://api.fifa.com/api/v3/timelines/400021474?language=en https://api.fifa.com/api/v3/live/football/400021475?language=en https://api.fifa.com/api/v3/timelines/400021475?language=en https://api.fifa.com/api/v3/live/football/400021473?language=en https://api.fifa.com/api/v3/timelines/400021473?language=en,2026-06-29,
Tunisia,TUN,Omar Rekik,Defender,194,2,2,FIFA API live/football and timelines,https://api.fifa.com/api/v3/live/football/400021474?language=en https://api.fifa.com/api/v3/timelines/400021474?language=en https://api.fifa.com/api/v3/live/football/400021475?language=en https://api.fifa.com/api/v3/timelines/400021475?language=en,2026-06-29,
Tunisia,TUN,Aymen DAHMEN,Goalkeeper,193,2,2,FIFA API live/football and timelines,https://api.fifa.com/api/v3/live/football/400021475?language=en https://api.fifa.com/api/v3/timelines/400021475?language=en https://api.fifa.com/api/v3/live/football/400021473?language=en https://api.fifa.com/api/v3/timelines/400021473?language=en,2026-06-29,
Tunisia,TUN,Mohamed Amine BEN HMIDA,Defender,171,2,3,FIFA API live/football and timelines,https://api.fifa.com/api/v3/live/football/400021474?language=en https://api.fifa.com/api/v3/timelines/400021474?language=en https://api.fifa.com/api/v3/live/football/400021475?language=en https://api.fifa.com/api/v3/timelines/400021475?language=en https://api.fifa.com/api/v3/live/football/400021473?language=en https://api.fifa.com/api/v3/timelines/400021473?language=en,2026-06-29,
Tunisia,TUN,Elias SAAD,Forward,162,2,2,FIFA API live/football and timelines,https://api.fifa.com/api/v3/live/football/400021474?language=en https://api.fifa.com/api/v3/timelines/400021474?language=en https://api.fifa.com/api/v3/live/football/400021475?language=en https://api.fifa.com/api/v3/timelines/400021475?language=en,2026-06-29,
Tunisia,TUN,Rani Khedira,Midfielder,158,2,3,FIFA API live/football and timelines,https://api.fifa.com/api/v3/live/football/400021474?language=en https://api.fifa.com/api/v3/timelines/400021474?language=en https://api.fifa.com/api/v3/live/football/400021475?language=en https://api.fifa.com/api/v3/timelines/400021475?language=en https://api.fifa.com/api/v3/live/football/400021473?language=en https://api.fifa.com/api/v3/timelines/400021473?language=en,2026-06-29,
Tunisia,TUN,Mouhib CHAMAKH,Goalkeeper,97,1,1,FIFA API live/football and timelines,https://api.fifa.com/api/v3/live/football/400021474?language=en https://api.fifa.com/api/v3/timelines/400021474?language=en,2026-06-29,
Tunisia,TUN,Ismael GHARBI,Midfielder,95,1,3,FIFA API live/football and timelines,https://api.fifa.com/api/v3/live/football/400021474?language=en https://api.fifa.com/api/v3/timelines/400021474?language=en https://api.fifa.com/api/v3/live/football/400021475?language=en https://api.fifa.com/api/v3/timelines/400021475?language=en https://api.fifa.com/api/v3/live/football/400021473?language=en https://api.fifa.com/api/v3/timelines/400021473?language=en,2026-06-29,
Tunisia,TUN,Sebastian TOUNEKTI,Midfielder,95,1,3,FIFA API live/football and timelines,https://api.fifa.com/api/v3/live/football/400021474?language=en https://api.fifa.com/api/v3/timelines/400021474?language=en https://api.fifa.com/api/v3/live/football/400021475?language=en https://api.fifa.com/api/v3/timelines/400021475?language=en https://api.fifa.com/api/v3/live/football/400021473?language=en https://api.fifa.com/api/v3/timelines/400021473?language=en,2026-06-29,
Tunisia,TUN,Dylan BRONN,Defender,90,1,1,FIFA API live/football and timelines,https://api.fifa.com/api/v3/live/football/400021475?language=en https://api.fifa.com/api/v3/timelines/400021475?language=en,2026-06-29,
Tunisia,TUN,Hazem MASTOURI,Forward,90,1,1,FIFA API live/football and timelines,https://api.fifa.com/api/v3/live/football/400021473?language=en https://api.fifa.com/api/v3/timelines/400021473?language=en,2026-06-29,
Tunisia,TUN,Firas CHAOUAT,Forward,67,0,3,FIFA API live/football and timelines,https://api.fifa.com/api/v3/live/football/400021474?language=en https://api.fifa.com/api/v3/timelines/400021474?language=en https://api.fifa.com/api/v3/live/football/400021475?language=en https://api.fifa.com/api/v3/timelines/400021475?language=en https://api.fifa.com/api/v3/live/football/400021473?language=en https://api.fifa.com/api/v3/timelines/400021473?language=en,2026-06-29,
Tunisia,TUN,Elias ACHOURI,Forward,61,0,3,FIFA API live/football and timelines,https://api.fifa.com/api/v3/live/football/400021474?language=en https://api.fifa.com/api/v3/timelines/400021474?language=en https://api.fifa.com/api/v3/live/football/400021475?language=en https://api.fifa.com/api/v3/timelines/400021475?language=en https://api.fifa.com/api/v3/live/football/400021473?language=en https://api.fifa.com/api/v3/timelines/400021473?language=en,2026-06-29,
Tunisia,TUN,Mohamed HADJ MAHMOUD,Midfielder,54,0,2,FIFA API live/football and timelines,https://api.fifa.com/api/v3/live/football/400021474?language=en https://api.fifa.com/api/v3/timelines/400021474?language=en https://api.fifa.com/api/v3/live/football/400021473?language=en https://api.fifa.com/api/v3/timelines/400021473?language=en,2026-06-29,
Tunisia,TUN,Mortadha BEN OUANES,Defender,29,0,1,FIFA API live/football and timelines,https://api.fifa.com/api/v3/live/football/400021473?language=en https://api.fifa.com/api/v3/timelines/400021473?language=en,2026-06-29,
Türkiye,TUR,Arda GULER,Forward,295,3,3,FIFA API live/football and timelines,https://api.fifa.com/api/v3/live/football/400021463?language=en https://api.fifa.com/api/v3/timelines/400021463?language=en https://api.fifa.com/api/v3/live/football/400021460?language=en https://api.fifa.com/api/v3/timelines/400021460?language=en https://api.fifa.com/api/v3/live/football/400021459?language=en https://api.fifa.com/api/v3/timelines/400021459?language=en,2026-06-29,
Türkiye,TUR,Ugurcan CAKIR,Goalkeeper,295,3,3,FIFA API live/football and timelines,https://api.fifa.com/api/v3/live/football/400021463?language=en https://api.fifa.com/api/v3/timelines/400021463?language=en https://api.fifa.com/api/v3/live/football/400021460?language=en https://api.fifa.com/api/v3/timelines/400021460?language=en https://api.fifa.com/api/v3/live/football/400021459?language=en https://api.fifa.com/api/v3/timelines/400021459?language=en,2026-06-29,
Türkiye,TUR,Abdulkerim BARDAKCI,Defender,282,3,3,FIFA API live/football and timelines,https://api.fifa.com/api/v3/live/football/400021463?language=en https://api.fifa.com/api/v3/timelines/400021463?language=en https://api.fifa.com/api/v3/live/football/400021460?language=en https://api.fifa.com/api/v3/timelines/400021460?language=en https://api.fifa.com/api/v3/live/football/400021459?language=en https://api.fifa.com/api/v3/timelines/400021459?language=en,2026-06-29,
Türkiye,TUR,Hakan CALHANOGLU,Midfielder,196,2,2,FIFA API live/football and timelines,https://api.fifa.com/api/v3/live/football/400021463?language=en https://api.fifa.com/api/v3/timelines/400021463?language=en https://api.fifa.com/api/v3/live/football/400021460?language=en https://api.fifa.com/api/v3/timelines/400021460?language=en,2026-06-29,
Türkiye,TUR,Merih DEMIRAL,Defender,196,2,2,FIFA API live/football and timelines,https://api.fifa.com/api/v3/live/football/400021463?language=en https://api.fifa.com/api/v3/timelines/400021463?language=en https://api.fifa.com/api/v3/live/football/400021460?language=en https://api.fifa.com/api/v3/timelines/400021460?language=en,2026-06-29,
Türkiye,TUR,Kenan YILDIZ,Forward,190,2,3,FIFA API live/football and timelines,https://api.fifa.com/api/v3/live/football/400021463?language=en https://api.fifa.com/api/v3/timelines/400021463?language=en https://api.fifa.com/api/v3/live/football/400021460?language=en https://api.fifa.com/api/v3/timelines/400021460?language=en https://api.fifa.com/api/v3/live/football/400021459?language=en https://api.fifa.com/api/v3/timelines/400021459?language=en,2026-06-29,
Türkiye,TUR,Baris Alper YILMAZ,Forward,189,2,3,FIFA API live/football and timelines,https://api.fifa.com/api/v3/live/football/400021463?language=en https://api.fifa.com/api/v3/timelines/400021463?language=en https://api.fifa.com/api/v3/live/football/400021460?language=en https://api.fifa.com/api/v3/timelines/400021460?language=en https://api.fifa.com/api/v3/live/football/400021459?language=en https://api.fifa.com/api/v3/timelines/400021459?language=en,2026-06-29,
Türkiye,TUR,Kerem AKTURKOGLU,Forward,175,2,2,FIFA API live/football and timelines,https://api.fifa.com/api/v3/live/football/400021463?language=en https://api.fifa.com/api/v3/timelines/400021463?language=en https://api.fifa.com/api/v3/live/football/400021460?language=en https://api.fifa.com/api/v3/timelines/400021460?language=en,2026-06-29,
Türkiye,TUR,Ferdi KADIOGLU,Defender,168,2,2,FIFA API live/football and timelines,https://api.fifa.com/api/v3/live/football/400021463?language=en https://api.fifa.com/api/v3/timelines/400021463?language=en https://api.fifa.com/api/v3/live/football/400021460?language=en https://api.fifa.com/api/v3/timelines/400021460?language=en,2026-06-29,
Türkiye,TUR,Zeki CELIK,Defender,164,2,2,FIFA API live/football and timelines,https://api.fifa.com/api/v3/live/football/400021463?language=en https://api.fifa.com/api/v3/timelines/400021463?language=en https://api.fifa.com/api/v3/live/football/400021459?language=en https://api.fifa.com/api/v3/timelines/400021459?language=en,2026-06-29,
Türkiye,TUR,Orkun KOKCU,Midfielder,163,2,3,FIFA API live/football and timelines,https://api.fifa.com/api/v3/live/football/400021463?language=en https://api.fifa.com/api/v3/timelines/400021463?language=en https://api.fifa.com/api/v3/live/football/400021460?language=en https://api.fifa.com/api/v3/timelines/400021460?language=en https://api.fifa.com/api/v3/live/football/400021459?language=en https://api.fifa.com/api/v3/timelines/400021459?language=en,2026-06-29,
Türkiye,TUR,Ismail YUKSEK,Midfielder,140,2,2,FIFA API live/football and timelines,https://api.fifa.com/api/v3/live/football/400021463?language=en https://api.fifa.com/api/v3/timelines/400021463?language=en https://api.fifa.com/api/v3/live/football/400021460?language=en https://api.fifa.com/api/v3/timelines/400021460?language=en,2026-06-29,
Türkiye,TUR,Eren ELMALI,Defender,127,1,2,FIFA API live/football and timelines,https://api.fifa.com/api/v3/live/football/400021460?language=en https://api.fifa.com/api/v3/timelines/400021460?language=en https://api.fifa.com/api/v3/live/football/400021459?language=en https://api.fifa.com/api/v3/timelines/400021459?language=en,2026-06-29,
Türkiye,TUR,Mert MULDUR,Defender,125,1,3,FIFA API live/football and timelines,https://api.fifa.com/api/v3/live/football/400021463?language=en https://api.fifa.com/api/v3/timelines/400021463?language=en https://api.fifa.com/api/v3/live/football/400021460?language=en https://api.fifa.com/api/v3/timelines/400021460?language=en https://api.fifa.com/api/v3/live/football/400021459?language=en https://api.fifa.com/api/v3/timelines/400021459?language=en,2026-06-29,
Türkiye,TUR,Salih OZCAN,Midfielder,116,1,2,FIFA API live/football and timelines,https://api.fifa.com/api/v3/live/football/400021463?language=en https://api.fifa.com/api/v3/timelines/400021463?language=en https://api.fifa.com/api/v3/live/football/400021459?language=en https://api.fifa.com/api/v3/timelines/400021459?language=en,2026-06-29,
Türkiye,TUR,Ozan KABAK,Defender,99,1,1,FIFA API live/football and timelines,https://api.fifa.com/api/v3/live/football/400021459?language=en https://api.fifa.com/api/v3/timelines/400021459?language=en,2026-06-29,
Türkiye,TUR,Yunus AKGUN,Forward,95,1,2,FIFA API live/football and timelines,https://api.fifa.com/api/v3/live/football/400021463?language=en https://api.fifa.com/api/v3/timelines/400021463?language=en https://api.fifa.com/api/v3/live/football/400021460?language=en https://api.fifa.com/api/v3/timelines/400021460?language=en,2026-06-29,
Türkiye,TUR,Oguz AYDIN,Forward,90,1,1,FIFA API live/football and timelines,https://api.fifa.com/api/v3/live/football/400021459?language=en https://api.fifa.com/api/v3/timelines/400021459?language=en,2026-06-29,
Türkiye,TUR,Can UZUN,Forward,54,0,2,FIFA API live/football and timelines,https://api.fifa.com/api/v3/live/football/400021460?language=en https://api.fifa.com/api/v3/timelines/400021460?language=en https://api.fifa.com/api/v3/live/football/400021459?language=en https://api.fifa.com/api/v3/timelines/400021459?language=en,2026-06-29,
Türkiye,TUR,Deniz GUL,Forward,51,0,2,FIFA API live/football and timelines,https://api.fifa.com/api/v3/live/football/400021463?language=en https://api.fifa.com/api/v3/timelines/400021463?language=en https://api.fifa.com/api/v3/live/football/400021460?language=en https://api.fifa.com/api/v3/timelines/400021460?language=en,2026-06-29,
Türkiye,TUR,Caglar SOYUNCU,Defender,15,0,1,FIFA API live/football and timelines,https://api.fifa.com/api/v3/live/football/400021459?language=en https://api.fifa.com/api/v3/timelines/400021459?language=en,2026-06-29,
Türkiye,TUR,Kaan Ayhan,Midfielder,11,0,1,FIFA API live/football and timelines,https://api.fifa.com/api/v3/live/football/400021459?language=en https://api.fifa.com/api/v3/timelines/400021459?language=en,2026-06-29,
Türkiye,TUR,Irfan Can KAHVECI,Forward,9,0,1,FIFA API live/football and timelines,https://api.fifa.com/api/v3/live/football/400021459?language=en https://api.fifa.com/api/v3/timelines/400021459?language=en,2026-06-29,
USA,USA,Weston McKENNIE,Midfielder,275,3,3,FIFA API live/football and timelines,https://api.fifa.com/api/v3/live/football/400021458?language=en https://api.fifa.com/api/v3/timelines/400021458?language=en https://api.fifa.com/api/v3/live/football/400021462?language=en https://api.fifa.com/api/v3/timelines/400021462?language=en https://api.fifa.com/api/v3/live/football/400021459?language=en https://api.fifa.com/api/v3/timelines/400021459?language=en,2026-06-29,
USA,USA,Alex FREEMAN,Defender,221,2,3,FIFA API live/football and timelines,https://api.fifa.com/api/v3/live/football/400021458?language=en https://api.fifa.com/api/v3/timelines/400021458?language=en https://api.fifa.com/api/v3/live/football/400021462?language=en https://api.fifa.com/api/v3/timelines/400021462?language=en https://api.fifa.com/api/v3/live/football/400021459?language=en https://api.fifa.com/api/v3/timelines/400021459?language=en,2026-06-29,
USA,USA,Ricardo PEPI,Forward,200,2,3,FIFA API live/football and timelines,https://api.fifa.com/api/v3/live/football/400021458?language=en https://api.fifa.com/api/v3/timelines/400021458?language=en https://api.fifa.com/api/v3/live/football/400021462?language=en https://api.fifa.com/api/v3/timelines/400021462?language=en https://api.fifa.com/api/v3/live/football/400021459?language=en https://api.fifa.com/api/v3/timelines/400021459?language=en,2026-06-29,
USA,USA,Chris RICHARDS,Defender,198,2,2,FIFA API live/football and timelines,https://api.fifa.com/api/v3/live/football/400021458?language=en https://api.fifa.com/api/v3/timelines/400021458?language=en https://api.fifa.com/api/v3/live/football/400021462?language=en https://api.fifa.com/api/v3/timelines/400021462?language=en,2026-06-29,
USA,USA,Matt FREESE,Goalkeeper,198,2,2,FIFA API live/football and timelines,https://api.fifa.com/api/v3/live/football/400021458?language=en https://api.fifa.com/api/v3/timelines/400021458?language=en https://api.fifa.com/api/v3/live/football/400021462?language=en https://api.fifa.com/api/v3/timelines/400021462?language=en,2026-06-29,
USA,USA,Tim REAM,Defender,198,2,2,FIFA API live/football and timelines,https://api.fifa.com/api/v3/live/football/400021458?language=en https://api.fifa.com/api/v3/timelines/400021458?language=en https://api.fifa.com/api/v3/live/football/400021462?language=en https://api.fifa.com/api/v3/timelines/400021462?language=en,2026-06-29,
USA,USA,Tyler ADAMS,Midfielder,198,2,2,FIFA API live/football and timelines,https://api.fifa.com/api/v3/live/football/400021458?language=en https://api.fifa.com/api/v3/timelines/400021458?language=en https://api.fifa.com/api/v3/live/football/400021462?language=en https://api.fifa.com/api/v3/timelines/400021462?language=en,2026-06-29,
USA,USA,Malik TILLMAN,Midfielder,194,2,3,FIFA API live/football and timelines,https://api.fifa.com/api/v3/live/football/400021458?language=en https://api.fifa.com/api/v3/timelines/400021458?language=en https://api.fifa.com/api/v3/live/football/400021462?language=en https://api.fifa.com/api/v3/timelines/400021462?language=en https://api.fifa.com/api/v3/live/football/400021459?language=en https://api.fifa.com/api/v3/timelines/400021459?language=en,2026-06-29,
USA,USA,Antonee ROBINSON,Defender,179,2,2,FIFA API live/football and timelines,https://api.fifa.com/api/v3/live/football/400021458?language=en https://api.fifa.com/api/v3/timelines/400021458?language=en https://api.fifa.com/api/v3/live/football/400021462?language=en https://api.fifa.com/api/v3/timelines/400021462?language=en,2026-06-29,
USA,USA,Sergino DEST,Defender,175,2,3,FIFA API live/football and timelines,https://api.fifa.com/api/v3/live/football/400021458?language=en https://api.fifa.com/api/v3/timelines/400021458?language=en https://api.fifa.com/api/v3/live/football/400021462?language=en https://api.fifa.com/api/v3/timelines/400021462?language=en https://api.fifa.com/api/v3/live/football/400021459?language=en https://api.fifa.com/api/v3/timelines/400021459?language=en,2026-06-29,
USA,USA,Folarin BALOGUN,Forward,162,2,2,FIFA API live/football and timelines,https://api.fifa.com/api/v3/live/football/400021458?language=en https://api.fifa.com/api/v3/timelines/400021458?language=en https://api.fifa.com/api/v3/live/football/400021462?language=en https://api.fifa.com/api/v3/timelines/400021462?language=en,2026-06-29,
USA,USA,Sebastian BERHALTER,Midfielder,133,1,3,FIFA API live/football and timelines,https://api.fifa.com/api/v3/live/football/400021458?language=en https://api.fifa.com/api/v3/timelines/400021458?language=en https://api.fifa.com/api/v3/live/football/400021462?language=en https://api.fifa.com/api/v3/timelines/400021462?language=en https://api.fifa.com/api/v3/live/football/400021459?language=en https://api.fifa.com/api/v3/timelines/400021459?language=en,2026-06-29,
USA,USA,Christian PULISIC,Forward,131,1,2,FIFA API live/football and timelines,https://api.fifa.com/api/v3/live/football/400021458?language=en https://api.fifa.com/api/v3/timelines/400021458?language=en https://api.fifa.com/api/v3/live/football/400021459?language=en https://api.fifa.com/api/v3/timelines/400021459?language=en,2026-06-29,
USA,USA,Auston TRUSTY,Defender,118,1,2,FIFA API live/football and timelines,https://api.fifa.com/api/v3/live/football/400021462?language=en https://api.fifa.com/api/v3/timelines/400021462?language=en https://api.fifa.com/api/v3/live/football/400021459?language=en https://api.fifa.com/api/v3/timelines/400021459?language=en,2026-06-29,
USA,USA,Giovanni REYNA,Midfielder,102,1,3,FIFA API live/football and timelines,https://api.fifa.com/api/v3/live/football/400021458?language=en https://api.fifa.com/api/v3/timelines/400021458?language=en https://api.fifa.com/api/v3/live/football/400021462?language=en https://api.fifa.com/api/v3/timelines/400021462?language=en https://api.fifa.com/api/v3/live/football/400021459?language=en https://api.fifa.com/api/v3/timelines/400021459?language=en,2026-06-29,
USA,USA,Mark McKENZIE,Defender,99,1,1,FIFA API live/football and timelines,https://api.fifa.com/api/v3/live/football/400021459?language=en https://api.fifa.com/api/v3/timelines/400021459?language=en,2026-06-29,
USA,USA,Matt TURNER,Goalkeeper,99,1,1,FIFA API live/football and timelines,https://api.fifa.com/api/v3/live/football/400021459?language=en https://api.fifa.com/api/v3/timelines/400021459?language=en,2026-06-29,
USA,USA,Miles ROBINSON,Defender,99,1,1,FIFA API live/football and timelines,https://api.fifa.com/api/v3/live/football/400021459?language=en https://api.fifa.com/api/v3/timelines/400021459?language=en,2026-06-29,
USA,USA,Joe SCALLY,Defender,95,1,2,FIFA API live/football and timelines,https://api.fifa.com/api/v3/live/football/400021462?language=en https://api.fifa.com/api/v3/timelines/400021462?language=en https://api.fifa.com/api/v3/live/football/400021459?language=en https://api.fifa.com/api/v3/timelines/400021459?language=en,2026-06-29,
USA,USA,Timothy WEAH,Forward,85,1,2,FIFA API live/football and timelines,https://api.fifa.com/api/v3/live/football/400021458?language=en https://api.fifa.com/api/v3/timelines/400021458?language=en https://api.fifa.com/api/v3/live/football/400021459?language=en https://api.fifa.com/api/v3/timelines/400021459?language=en,2026-06-29,
USA,USA,Brenden AARONSON,Forward,76,1,1,FIFA API live/football and timelines,https://api.fifa.com/api/v3/live/football/400021459?language=en https://api.fifa.com/api/v3/timelines/400021459?language=en,2026-06-29,
USA,USA,Alex ZENDEJAS,Forward,23,0,1,FIFA API live/football and timelines,https://api.fifa.com/api/v3/live/football/400021459?language=en https://api.fifa.com/api/v3/timelines/400021459?language=en,2026-06-29,
USA,USA,Haji WRIGHT,Forward,9,0,1,FIFA API live/football and timelines,https://api.fifa.com/api/v3/live/football/400021462?language=en https://api.fifa.com/api/v3/timelines/400021462?language=en,2026-06-29,
Uruguay,URU,Guillermo VARELA,Defender,295,3,3,FIFA API live/football and timelines,https://api.fifa.com/api/v3/live/football/400021486?language=en https://api.fifa.com/api/v3/timelines/400021486?language=en https://api.fifa.com/api/v3/live/football/400021487?language=en https://api.fifa.com/api/v3/timelines/400021487?language=en https://api.fifa.com/api/v3/live/football/400021484?language=en https://api.fifa.com/api/v3/timelines/400021484?language=en,2026-06-29,
Uruguay,URU,Mathias OLIVERA,Defender,295,3,3,FIFA API live/football and timelines,https://api.fifa.com/api/v3/live/football/400021486?language=en https://api.fifa.com/api/v3/timelines/400021486?language=en https://api.fifa.com/api/v3/live/football/400021487?language=en https://api.fifa.com/api/v3/timelines/400021487?language=en https://api.fifa.com/api/v3/live/football/400021484?language=en https://api.fifa.com/api/v3/timelines/400021484?language=en,2026-06-29,
Uruguay,URU,Rodrigo BENTANCUR,Midfielder,295,3,3,FIFA API live/football and timelines,https://api.fifa.com/api/v3/live/football/400021486?language=en https://api.fifa.com/api/v3/timelines/400021486?language=en https://api.fifa.com/api/v3/live/football/400021487?language=en https://api.fifa.com/api/v3/timelines/400021487?language=en https://api.fifa.com/api/v3/live/football/400021484?language=en https://api.fifa.com/api/v3/timelines/400021484?language=en,2026-06-29,
Uruguay,URU,Sebastian CACERES,Defender,295,3,3,FIFA API live/football and timelines,https://api.fifa.com/api/v3/live/football/400021486?language=en https://api.fifa.com/api/v3/timelines/400021486?language=en https://api.fifa.com/api/v3/live/football/400021487?language=en https://api.fifa.com/api/v3/timelines/400021487?language=en https://api.fifa.com/api/v3/live/football/400021484?language=en https://api.fifa.com/api/v3/timelines/400021484?language=en,2026-06-29,
Uruguay,URU,Fernando MUSLERA,Goalkeeper,288,3,3,FIFA API live/football and timelines,https://api.fifa.com/api/v3/live/football/400021486?language=en https://api.fifa.com/api/v3/timelines/400021486?language=en https://api.fifa.com/api/v3/live/football/400021487?language=en https://api.fifa.com/api/v3/timelines/400021487?language=en https://api.fifa.com/api/v3/live/football/400021484?language=en https://api.fifa.com/api/v3/timelines/400021484?language=en,2026-06-29,
Uruguay,URU,Maxi ARAUJO,Midfielder,259,3,3,FIFA API live/football and timelines,https://api.fifa.com/api/v3/live/football/400021486?language=en https://api.fifa.com/api/v3/timelines/400021486?language=en https://api.fifa.com/api/v3/live/football/400021487?language=en https://api.fifa.com/api/v3/timelines/400021487?language=en https://api.fifa.com/api/v3/live/football/400021484?language=en https://api.fifa.com/api/v3/timelines/400021484?language=en,2026-06-29,
Uruguay,URU,Federico VALVERDE,Midfielder,254,3,3,FIFA API live/football and timelines,https://api.fifa.com/api/v3/live/football/400021486?language=en https://api.fifa.com/api/v3/timelines/400021486?language=en https://api.fifa.com/api/v3/live/football/400021487?language=en https://api.fifa.com/api/v3/timelines/400021487?language=en https://api.fifa.com/api/v3/live/football/400021484?language=en https://api.fifa.com/api/v3/timelines/400021484?language=en,2026-06-29,
Uruguay,URU,Darwin NUNEZ,Forward,216,2,3,FIFA API live/football and timelines,https://api.fifa.com/api/v3/live/football/400021486?language=en https://api.fifa.com/api/v3/timelines/400021486?language=en https://api.fifa.com/api/v3/live/football/400021487?language=en https://api.fifa.com/api/v3/timelines/400021487?language=en https://api.fifa.com/api/v3/live/football/400021484?language=en https://api.fifa.com/api/v3/timelines/400021484?language=en,2026-06-29,
Uruguay,URU,Agustin CANOBBIO,Midfielder,205,2,3,FIFA API live/football and timelines,https://api.fifa.com/api/v3/live/football/400021486?language=en https://api.fifa.com/api/v3/timelines/400021486?language=en https://api.fifa.com/api/v3/live/football/400021487?language=en https://api.fifa.com/api/v3/timelines/400021487?language=en https://api.fifa.com/api/v3/live/football/400021484?language=en https://api.fifa.com/api/v3/timelines/400021484?language=en,2026-06-29,
Uruguay,URU,Federico VINAS,Forward,201,2,3,FIFA API live/football and timelines,https://api.fifa.com/api/v3/live/football/400021486?language=en https://api.fifa.com/api/v3/timelines/400021486?language=en https://api.fifa.com/api/v3/live/football/400021487?language=en https://api.fifa.com/api/v3/timelines/400021487?language=en https://api.fifa.com/api/v3/live/football/400021484?language=en https://api.fifa.com/api/v3/timelines/400021484?language=en,2026-06-29,
Uruguay,URU,Manuel UGARTE,Midfielder,187,3,3,FIFA API live/football and timelines,https://api.fifa.com/api/v3/live/football/400021486?language=en https://api.fifa.com/api/v3/timelines/400021486?language=en https://api.fifa.com/api/v3/live/football/400021487?language=en https://api.fifa.com/api/v3/timelines/400021487?language=en https://api.fifa.com/api/v3/live/football/400021484?language=en https://api.fifa.com/api/v3/timelines/400021484?language=en,2026-06-29,
Uruguay,URU,Juan Manuel SANABRIA,Midfielder,178,2,3,FIFA API live/football and timelines,https://api.fifa.com/api/v3/live/football/400021486?language=en https://api.fifa.com/api/v3/timelines/400021486?language=en https://api.fifa.com/api/v3/live/football/400021487?language=en https://api.fifa.com/api/v3/timelines/400021487?language=en https://api.fifa.com/api/v3/live/football/400021484?language=en https://api.fifa.com/api/v3/timelines/400021484?language=en,2026-06-29,
Uruguay,URU,Nicolas DE LA CRUZ,Midfielder,108,0,3,FIFA API live/football and timelines,https://api.fifa.com/api/v3/live/football/400021486?language=en https://api.fifa.com/api/v3/timelines/400021486?language=en https://api.fifa.com/api/v3/live/football/400021487?language=en https://api.fifa.com/api/v3/timelines/400021487?language=en https://api.fifa.com/api/v3/live/football/400021484?language=en https://api.fifa.com/api/v3/timelines/400021484?language=en,2026-06-29,
Uruguay,URU,Matias VINA,Defender,90,1,1,FIFA API live/football and timelines,https://api.fifa.com/api/v3/live/football/400021486?language=en https://api.fifa.com/api/v3/timelines/400021486?language=en,2026-06-29,
Uruguay,URU,Brian RODRIGUEZ,Forward,63,0,3,FIFA API live/football and timelines,https://api.fifa.com/api/v3/live/football/400021486?language=en https://api.fifa.com/api/v3/timelines/400021486?language=en https://api.fifa.com/api/v3/live/football/400021487?language=en https://api.fifa.com/api/v3/timelines/400021487?language=en https://api.fifa.com/api/v3/live/football/400021484?language=en https://api.fifa.com/api/v3/timelines/400021484?language=en,2026-06-29,
Uruguay,URU,Rodrigo AGUIRRE,Forward,9,0,1,FIFA API live/football and timelines,https://api.fifa.com/api/v3/live/football/400021486?language=en https://api.fifa.com/api/v3/timelines/400021486?language=en,2026-06-29,
Uruguay,URU,Sergio ROCHET,Goalkeeper,7,0,1,FIFA API live/football and timelines,https://api.fifa.com/api/v3/live/football/400021484?language=en https://api.fifa.com/api/v3/timelines/400021484?language=en,2026-06-29,
Uzbekistan,UZB,Abdukodir KHUSANOV,Defender,296,3,3,FIFA API live/football and timelines,https://api.fifa.com/api/v3/live/football/400021504?language=en https://api.fifa.com/api/v3/timelines/400021504?language=en https://api.fifa.com/api/v3/live/football/400021503?language=en https://api.fifa.com/api/v3/timelines/400021503?language=en https://api.fifa.com/api/v3/live/football/400021500?language=en https://api.fifa.com/api/v3/timelines/400021500?language=en,2026-06-29,
Uzbekistan,UZB,Eldor SHOMURODOV,Forward,285,3,3,FIFA API live/football and timelines,https://api.fifa.com/api/v3/live/football/400021504?language=en https://api.fifa.com/api/v3/timelines/400021504?language=en https://api.fifa.com/api/v3/live/football/400021503?language=en https://api.fifa.com/api/v3/timelines/400021503?language=en https://api.fifa.com/api/v3/live/football/400021500?language=en https://api.fifa.com/api/v3/timelines/400021500?language=en,2026-06-29,
Uzbekistan,UZB,Sherzod NASRULLAEV,Defender,279,3,3,FIFA API live/football and timelines,https://api.fifa.com/api/v3/live/football/400021504?language=en https://api.fifa.com/api/v3/timelines/400021504?language=en https://api.fifa.com/api/v3/live/football/400021503?language=en https://api.fifa.com/api/v3/timelines/400021503?language=en https://api.fifa.com/api/v3/live/football/400021500?language=en https://api.fifa.com/api/v3/timelines/400021500?language=en,2026-06-29,
Uzbekistan,UZB,Rustam ASHURMATOV,Defender,272,3,3,FIFA API live/football and timelines,https://api.fifa.com/api/v3/live/football/400021504?language=en https://api.fifa.com/api/v3/timelines/400021504?language=en https://api.fifa.com/api/v3/live/football/400021503?language=en https://api.fifa.com/api/v3/timelines/400021503?language=en https://api.fifa.com/api/v3/live/football/400021500?language=en https://api.fifa.com/api/v3/timelines/400021500?language=en,2026-06-29,
Uzbekistan,UZB,Otabek Shukurov,Midfielder,249,3,3,FIFA API live/football and timelines,https://api.fifa.com/api/v3/live/football/400021504?language=en https://api.fifa.com/api/v3/timelines/400021504?language=en https://api.fifa.com/api/v3/live/football/400021503?language=en https://api.fifa.com/api/v3/timelines/400021503?language=en https://api.fifa.com/api/v3/live/football/400021500?language=en https://api.fifa.com/api/v3/timelines/400021500?language=en,2026-06-29,
Uzbekistan,UZB,Abbosbek FAYZULLAEV,Midfielder,223,3,3,FIFA API live/football and timelines,https://api.fifa.com/api/v3/live/football/400021504?language=en https://api.fifa.com/api/v3/timelines/400021504?language=en https://api.fifa.com/api/v3/live/football/400021503?language=en https://api.fifa.com/api/v3/timelines/400021503?language=en https://api.fifa.com/api/v3/live/football/400021500?language=en https://api.fifa.com/api/v3/timelines/400021500?language=en,2026-06-29,
Uzbekistan,UZB,Abdulla ABDULLAEV,Defender,197,2,2,FIFA API live/football and timelines,https://api.fifa.com/api/v3/live/football/400021504?language=en https://api.fifa.com/api/v3/timelines/400021504?language=en https://api.fifa.com/api/v3/live/football/400021503?language=en https://api.fifa.com/api/v3/timelines/400021503?language=en,2026-06-29,
Uzbekistan,UZB,Abduvohid NEMATOV,Goalkeeper,195,2,2,FIFA API live/football and timelines,https://api.fifa.com/api/v3/live/football/400021503?language=en https://api.fifa.com/api/v3/timelines/400021503?language=en https://api.fifa.com/api/v3/live/football/400021500?language=en https://api.fifa.com/api/v3/timelines/400021500?language=en,2026-06-29,
Uzbekistan,UZB,Behruzjon KARIMOV,Defender,191,2,2,FIFA API live/football and timelines,https://api.fifa.com/api/v3/live/football/400021504?language=en https://api.fifa.com/api/v3/timelines/400021504?language=en https://api.fifa.com/api/v3/live/football/400021503?language=en https://api.fifa.com/api/v3/timelines/400021503?language=en,2026-06-29,
Uzbekistan,UZB,Akmal MOZGOVOY,Midfielder,189,2,3,FIFA API live/football and timelines,https://api.fifa.com/api/v3/live/football/400021504?language=en https://api.fifa.com/api/v3/timelines/400021504?language=en https://api.fifa.com/api/v3/live/football/400021503?language=en https://api.fifa.com/api/v3/timelines/400021503?language=en https://api.fifa.com/api/v3/live/football/400021500?language=en https://api.fifa.com/api/v3/timelines/400021500?language=en,2026-06-29,
Uzbekistan,UZB,Azizjon GANIEV,Midfielder,137,1,2,FIFA API live/football and timelines,https://api.fifa.com/api/v3/live/football/400021503?language=en https://api.fifa.com/api/v3/timelines/400021503?language=en https://api.fifa.com/api/v3/live/football/400021500?language=en https://api.fifa.com/api/v3/timelines/400021500?language=en,2026-06-29,
Uzbekistan,UZB,Odiljon XAMROBEKOV,Midfielder,131,1,2,FIFA API live/football and timelines,https://api.fifa.com/api/v3/live/football/400021503?language=en https://api.fifa.com/api/v3/timelines/400021503?language=en https://api.fifa.com/api/v3/live/football/400021500?language=en https://api.fifa.com/api/v3/timelines/400021500?language=en,2026-06-29,
Uzbekistan,UZB,Oston URUNOV,Midfielder,116,1,2,FIFA API live/football and timelines,https://api.fifa.com/api/v3/live/football/400021504?language=en https://api.fifa.com/api/v3/timelines/400021504?language=en https://api.fifa.com/api/v3/live/football/400021500?language=en https://api.fifa.com/api/v3/timelines/400021500?language=en,2026-06-29,
Uzbekistan,UZB,Jakhongir UROZOV,Defender,106,1,2,FIFA API live/football and timelines,https://api.fifa.com/api/v3/live/football/400021504?language=en https://api.fifa.com/api/v3/timelines/400021504?language=en https://api.fifa.com/api/v3/live/football/400021500?language=en https://api.fifa.com/api/v3/timelines/400021500?language=en,2026-06-29,
Uzbekistan,UZB,Khojiakbar ALIJONOV,Defender,105,1,2,FIFA API live/football and timelines,https://api.fifa.com/api/v3/live/football/400021503?language=en https://api.fifa.com/api/v3/timelines/400021503?language=en https://api.fifa.com/api/v3/live/football/400021500?language=en https://api.fifa.com/api/v3/timelines/400021500?language=en,2026-06-29,
Uzbekistan,UZB,Utkir YUSUPOV,Goalkeeper,101,1,1,FIFA API live/football and timelines,https://api.fifa.com/api/v3/live/football/400021504?language=en https://api.fifa.com/api/v3/timelines/400021504?language=en,2026-06-29,
Uzbekistan,UZB,Dostonbek Khamdamov,Midfielder,69,1,2,FIFA API live/football and timelines,https://api.fifa.com/api/v3/live/football/400021504?language=en https://api.fifa.com/api/v3/timelines/400021504?language=en https://api.fifa.com/api/v3/live/football/400021500?language=en https://api.fifa.com/api/v3/timelines/400021500?language=en,2026-06-29,
Uzbekistan,UZB,Igor Sergeev,Forward,51,0,3,FIFA API live/football and timelines,https://api.fifa.com/api/v3/live/football/400021504?language=en https://api.fifa.com/api/v3/timelines/400021504?language=en https://api.fifa.com/api/v3/live/football/400021503?language=en https://api.fifa.com/api/v3/timelines/400021503?language=en https://api.fifa.com/api/v3/live/football/400021500?language=en https://api.fifa.com/api/v3/timelines/400021500?language=en,2026-06-29,
Uzbekistan,UZB,Azizbek AMONOV,Forward,24,0,1,FIFA API live/football and timelines,https://api.fifa.com/api/v3/live/football/400021504?language=en https://api.fifa.com/api/v3/timelines/400021504?language=en,2026-06-29,
Uzbekistan,UZB,Jamshid ISKANDEROV,Midfielder,17,0,1,FIFA API live/football and timelines,https://api.fifa.com/api/v3/live/football/400021500?language=en https://api.fifa.com/api/v3/timelines/400021500?language=en,2026-06-29,
Uzbekistan,UZB,Farrukh SAYFIEV,Defender,11,0,1,FIFA API live/football and timelines,https://api.fifa.com/api/v3/live/football/400021504?language=en https://api.fifa.com/api/v3/timelines/400021504?language=en,2026-06-29,
Uzbekistan,UZB,Ruslanbek JIYANOV,Midfielder,6,0,1,FIFA API live/football and timelines,https://api.fifa.com/api/v3/live/football/400021503?language=en https://api.fifa.com/api/v3/timelines/400021503?language=en,2026-06-29,
Uzbekistan,UZB,Sherzod ESANOV,Midfielder,6,0,1,FIFA API live/football and timelines,https://api.fifa.com/api/v3/live/football/400021503?language=en https://api.fifa.com/api/v3/timelines/400021503?language=en,2026-06-29,
