team,player,position,club,age,footballtransfers_etv_eur,footballtransfers_etv_usd,market_value_eur,market_value_usd,market_value_original,currency,valuation_date,market_value_date,valuation_source_url,market_value_source_url,source_url,retrieved_at,retrieval_date,eur_usd_rate,exchange_rate_date,exchange_rate_source,value_is_pre_tournament,missing_value_date_flag,missing_value_flag,notes,value_source,value_source_url,value_method,valuation_date_verified,is_fallback_value
Algeria,Aissa MANDI,Defender,Lille,,1100000.0,1254660.0,1100000.0,1254660.0,1100000.0,EUR,2026-06-01,2026-06-01,https://www.footballtransfers.com/en/players/aissa-mandi,https://www.footballtransfers.com/en/players/aissa-mandi,https://www.footballtransfers.com/en/players/aissa-mandi,2026-06-29T19:42:44,2026-06-29T19:42:44,1.1406,2026-06-29,European Central Bank euro foreign exchange reference rates,True,False,False,FootballTransfers ETV used as non-Transfermarkt player-value proxy. match_method=exact_name_country_match.,FootballTransfers,https://www.footballtransfers.com/en/players/aissa-mandi,footballtransfers_etv_validated,True,False
Algeria,Fares CHAIBI,Midfielder,E. Frankfurt,,19700000.0,22469820.0,19700000.0,22469820.0,19700000.0,EUR,2026-06-01,2026-06-01,https://www.footballtransfers.com/en/players/fares-chaibi,https://www.footballtransfers.com/en/players/fares-chaibi,https://www.footballtransfers.com/en/players/fares-chaibi,2026-06-29T19:42:44,2026-06-29T19:42:44,1.1406,2026-06-29,European Central Bank euro foreign exchange reference rates,True,False,False,FootballTransfers ETV used as non-Transfermarkt player-value proxy. match_method=exact_name_country_match.,FootballTransfers,https://www.footballtransfers.com/en/players/fares-chaibi,footballtransfers_etv_validated,True,False
Algeria,Ramy BENSEBAINI,Defender,Dortmund,,13200000.0,15055920.0,13200000.0,15055920.0,13200000.0,EUR,2026-06-01,2026-06-01,https://www.footballtransfers.com/en/players/ramy-bensebaini,https://www.footballtransfers.com/en/players/ramy-bensebaini,https://www.footballtransfers.com/en/players/ramy-bensebaini,2026-06-29T19:42:44,2026-06-29T19:42:44,1.1406,2026-06-29,European Central Bank euro foreign exchange reference rates,True,False,False,FootballTransfers ETV used as non-Transfermarkt player-value proxy. match_method=exact_name_country_match.,FootballTransfers,https://www.footballtransfers.com/en/players/ramy-bensebaini,footballtransfers_etv_validated,True,False
Algeria,Ibrahim MAZA,Midfielder,Bayer 04,,21000000.0,23952600.0,21000000.0,23952600.0,21000000.0,EUR,2026-06-01,2026-06-01,https://www.footballtransfers.com/en/players/ibrahim-maza,https://www.footballtransfers.com/en/players/ibrahim-maza,https://www.footballtransfers.com/en/players/ibrahim-maza,2026-06-29T19:42:44,2026-06-29T19:42:44,1.1406,2026-06-29,European Central Bank euro foreign exchange reference rates,True,False,False,FootballTransfers ETV used as non-Transfermarkt player-value proxy. match_method=exact_name_country_match.,FootballTransfers,https://www.footballtransfers.com/en/players/ibrahim-maza,footballtransfers_etv_validated,True,False
Algeria,Rafik BELGHALI,Defender,Verona,,6000000.0,6843600.0,6000000.0,6843600.0,6000000.0,EUR,2026-06-01,2026-06-01,https://www.footballtransfers.com/en/players/rafik-belghali,https://www.footballtransfers.com/en/players/rafik-belghali,https://www.footballtransfers.com/en/players/rafik-belghali,2026-06-29T19:42:44,2026-06-29T19:42:44,1.1406,2026-06-29,European Central Bank euro foreign exchange reference rates,True,False,False,FootballTransfers ETV used as non-Transfermarkt player-value proxy. match_method=exact_name_country_match.,FootballTransfers,https://www.footballtransfers.com/en/players/rafik-belghali,footballtransfers_etv_validated,True,False
Algeria,Amine GOUIRI,Forward,Marseille,,30900000.0,35244540.0,30900000.0,35244540.0,30900000.0,EUR,2026-06-01,2026-06-01,https://www.footballtransfers.com/en/players/amine-gouiri,https://www.footballtransfers.com/en/players/amine-gouiri,https://www.footballtransfers.com/en/players/amine-gouiri,2026-06-29T19:42:44,2026-06-29T19:42:44,1.1406,2026-06-29,European Central Bank euro foreign exchange reference rates,True,False,False,FootballTransfers ETV used as non-Transfermarkt player-value proxy. match_method=exact_name_country_match.,FootballTransfers,https://www.footballtransfers.com/en/players/amine-gouiri,footballtransfers_etv_validated,True,False
Algeria,Rayan AIT-NOURI,Defender,Man City,,47900000.0,54634740.0,47900000.0,54634740.0,47900000.0,EUR,2026-06-01,2026-06-01,https://www.footballtransfers.com/en/players/rayan-ait-nouri,https://www.footballtransfers.com/en/players/rayan-ait-nouri,https://www.footballtransfers.com/en/players/rayan-ait-nouri,2026-06-29T19:42:44,2026-06-29T19:42:44,1.1406,2026-06-29,European Central Bank euro foreign exchange reference rates,True,False,False,FootballTransfers ETV used as non-Transfermarkt player-value proxy. match_method=exact_name_country_match.,FootballTransfers,https://www.footballtransfers.com/en/players/rayan-ait-nouri,footballtransfers_etv_validated,True,False
Algeria,Riyad Mahrez,Forward,Al Ahli,,4500000.0,5132700.0,4500000.0,5132700.0,4500000.0,EUR,2026-06-01,2026-06-01,https://www.footballtransfers.com/en/players/riyad-mahrez,https://www.footballtransfers.com/en/players/riyad-mahrez,https://www.footballtransfers.com/en/players/riyad-mahrez,2026-06-29T19:42:44,2026-06-29T19:42:44,1.1406,2026-06-29,European Central Bank euro foreign exchange reference rates,True,False,False,FootballTransfers ETV used as non-Transfermarkt player-value proxy. match_method=exact_name_country_match.,FootballTransfers,https://www.footballtransfers.com/en/players/riyad-mahrez,footballtransfers_etv_validated,True,False
Algeria,Luca ZIDANE,Goalkeeper,Granada,28.0,900000.0,1026540.0,900000.0,1026540.0,900000.0,EUR,2026-06-01,2026-06-01,https://www.footballtransfers.com/en/players/luca-zidane-fernandez,https://www.footballtransfers.com/en/players/luca-zidane-fernandez,https://www.footballtransfers.com/en/players/luca-zidane-fernandez,2026-06-29T19:54:36,2026-06-29T19:54:36,1.1406,2026-06-29,European Central Bank euro foreign exchange reference rates,True,False,False,FootballTransfers ETV manually remediated; decision=manual_verified_existing_country_gap. Accepted after profile-title review; original search text lacked team/nationality alias.,FootballTransfers,https://www.footballtransfers.com/en/players/luca-zidane-fernandez,footballtransfers_etv_validated,True,False
Algeria,Nabil Bentaleb,Midfielder,Lille,,1000000.0,1140600.0,1000000.0,1140600.0,1000000.0,EUR,2026-06-01,2026-06-01,https://www.footballtransfers.com/en/players/nabil-bentaleb,https://www.footballtransfers.com/en/players/nabil-bentaleb,https://www.footballtransfers.com/en/players/nabil-bentaleb,2026-06-29T19:42:44,2026-06-29T19:42:44,1.1406,2026-06-29,European Central Bank euro foreign exchange reference rates,True,False,False,FootballTransfers ETV used as non-Transfermarkt player-value proxy. match_method=exact_name_country_match.,FootballTransfers,https://www.footballtransfers.com/en/players/nabil-bentaleb,footballtransfers_etv_validated,True,False
Algeria,Hicham BOUDAOUI,Midfielder,Nice,,12000000.0,13687200.0,12000000.0,13687200.0,12000000.0,EUR,2026-06-01,2026-06-01,https://www.footballtransfers.com/en/players/hicham-boudaoui,https://www.footballtransfers.com/en/players/hicham-boudaoui,https://www.footballtransfers.com/en/players/hicham-boudaoui,2026-06-29T19:42:44,2026-06-29T19:42:44,1.1406,2026-06-29,European Central Bank euro foreign exchange reference rates,True,False,False,FootballTransfers ETV used as non-Transfermarkt player-value proxy. match_method=exact_name_country_match.,FootballTransfers,https://www.footballtransfers.com/en/players/hicham-boudaoui,footballtransfers_etv_validated,True,False
Argentina,Emiliano MARTINEZ,Goalkeeper,A. Villa,,20700000.0,23610420.0,20700000.0,23610420.0,20700000.0,EUR,2026-06-01,2026-06-01,https://www.footballtransfers.com/en/players/emiliano-martinez,https://www.footballtransfers.com/en/players/emiliano-martinez,https://www.footballtransfers.com/en/players/emiliano-martinez,2026-06-29T19:42:44,2026-06-29T19:42:44,1.1406,2026-06-29,European Central Bank euro foreign exchange reference rates,True,False,False,FootballTransfers ETV used as non-Transfermarkt player-value proxy. match_method=exact_name_country_match.,FootballTransfers,https://www.footballtransfers.com/en/players/emiliano-martinez,footballtransfers_etv_validated,True,False
Argentina,Alexis MAC ALLISTER,Midfielder,Liverpool,,94400000.0,107672640.0,94400000.0,107672640.0,94400000.0,EUR,2026-06-01,2026-06-01,https://www.footballtransfers.com/en/players/alexis-mac-allister,https://www.footballtransfers.com/en/players/alexis-mac-allister,https://www.footballtransfers.com/en/players/alexis-mac-allister,2026-06-29T19:42:44,2026-06-29T19:42:44,1.1406,2026-06-29,European Central Bank euro foreign exchange reference rates,True,False,False,FootballTransfers ETV used as non-Transfermarkt player-value proxy. match_method=exact_name_country_match.,FootballTransfers,https://www.footballtransfers.com/en/players/alexis-mac-allister,footballtransfers_etv_validated,True,False
Argentina,Lionel MESSI,Forward,Inter Miami,,14200000.0,16196520.0,14200000.0,16196520.0,14200000.0,EUR,2026-06-01,2026-06-01,https://www.footballtransfers.com/en/players/lionel-messi,https://www.footballtransfers.com/en/players/lionel-messi,https://www.footballtransfers.com/en/players/lionel-messi,2026-06-29T19:42:44,2026-06-29T19:42:44,1.1406,2026-06-29,European Central Bank euro foreign exchange reference rates,True,False,False,FootballTransfers ETV used as non-Transfermarkt player-value proxy. match_method=exact_name_country_match.,FootballTransfers,https://www.footballtransfers.com/en/players/lionel-messi,footballtransfers_etv_validated,True,False
Argentina,Enzo FERNANDEZ,Midfielder,Chelsea,,100400000.0,114516240.0,100400000.0,114516240.0,100400000.0,EUR,2026-06-01,2026-06-01,https://www.footballtransfers.com/en/players/enzo-jeremias-fernandez,https://www.footballtransfers.com/en/players/enzo-jeremias-fernandez,https://www.footballtransfers.com/en/players/enzo-jeremias-fernandez,2026-06-29T19:42:44,2026-06-29T19:42:44,1.1406,2026-06-29,European Central Bank euro foreign exchange reference rates,True,False,False,FootballTransfers ETV used as non-Transfermarkt player-value proxy. match_method=exact_name_country_match.,FootballTransfers,https://www.footballtransfers.com/en/players/enzo-jeremias-fernandez,footballtransfers_etv_validated,True,False
Argentina,Lisandro MARTINEZ,Defender,Man Utd,,40800000.0,46536480.0,40800000.0,46536480.0,40800000.0,EUR,2026-06-01,2026-06-01,https://www.footballtransfers.com/en/players/lisandro-martinez,https://www.footballtransfers.com/en/players/lisandro-martinez,https://www.footballtransfers.com/en/players/lisandro-martinez,2026-06-29T19:42:44,2026-06-29T19:42:44,1.1406,2026-06-29,European Central Bank euro foreign exchange reference rates,True,False,False,FootballTransfers ETV used as non-Transfermarkt player-value proxy. match_method=exact_name_country_match.,FootballTransfers,https://www.footballtransfers.com/en/players/lisandro-martinez,footballtransfers_etv_validated,True,False
Argentina,Lautaro MARTINEZ,Forward,Inter,,72200000.0,82351320.0,72200000.0,82351320.0,72200000.0,EUR,2026-06-01,2026-06-01,https://www.footballtransfers.com/en/players/lautaro-javier-martinez,https://www.footballtransfers.com/en/players/lautaro-javier-martinez,https://www.footballtransfers.com/en/players/lautaro-javier-martinez,2026-06-29T19:42:44,2026-06-29T19:42:44,1.1406,2026-06-29,European Central Bank euro foreign exchange reference rates,True,False,False,FootballTransfers ETV used as non-Transfermarkt player-value proxy. match_method=exact_name_country_match.,FootballTransfers,https://www.footballtransfers.com/en/players/lautaro-javier-martinez,footballtransfers_etv_validated,True,False
Argentina,Facundo MEDINA,Defender,Marseille,,20100000.0,22926060.0,20100000.0,22926060.0,20100000.0,EUR,2026-06-01,2026-06-01,https://www.footballtransfers.com/en/players/facundo-axel-medina,https://www.footballtransfers.com/en/players/facundo-axel-medina,https://www.footballtransfers.com/en/players/facundo-axel-medina,2026-06-29T19:42:44,2026-06-29T19:42:44,1.1406,2026-06-29,European Central Bank euro foreign exchange reference rates,True,False,False,FootballTransfers ETV used as non-Transfermarkt player-value proxy. match_method=exact_name_country_match.,FootballTransfers,https://www.footballtransfers.com/en/players/facundo-axel-medina,footballtransfers_etv_validated,True,False
Argentina,Rodrigo DE PAUL,Midfielder,Inter Miami,,11200000.0,12774720.0,11200000.0,12774720.0,11200000.0,EUR,2026-06-01,2026-06-01,https://www.footballtransfers.com/en/players/rodrigo-javier-de-paul,https://www.footballtransfers.com/en/players/rodrigo-javier-de-paul,https://www.footballtransfers.com/en/players/rodrigo-javier-de-paul,2026-06-29T19:42:44,2026-06-29T19:42:44,1.1406,2026-06-29,European Central Bank euro foreign exchange reference rates,True,False,False,FootballTransfers ETV used as non-Transfermarkt player-value proxy. match_method=exact_name_country_match.,FootballTransfers,https://www.footballtransfers.com/en/players/rodrigo-javier-de-paul,footballtransfers_etv_validated,True,False
Argentina,Julian ALVAREZ,Forward,Atlético Madrid,,113000000.0,128887800.0,113000000.0,128887800.0,113000000.0,EUR,2026-06-01,2026-06-01,https://www.footballtransfers.com/en/players/julian-alvarez,https://www.footballtransfers.com/en/players/julian-alvarez,https://www.footballtransfers.com/en/players/julian-alvarez,2026-06-29T19:42:44,2026-06-29T19:42:44,1.1406,2026-06-29,European Central Bank euro foreign exchange reference rates,True,False,False,FootballTransfers ETV used as non-Transfermarkt player-value proxy. match_method=exact_name_country_match.,FootballTransfers,https://www.footballtransfers.com/en/players/julian-alvarez,footballtransfers_etv_validated,True,False
Argentina,Thiago ALMADA,Forward,Atlético Madrid,,22200000.0,25321320.0,22200000.0,25321320.0,22200000.0,EUR,2026-06-01,2026-06-01,https://www.footballtransfers.com/en/players/thiago-almada,https://www.footballtransfers.com/en/players/thiago-almada,https://www.footballtransfers.com/en/players/thiago-almada,2026-06-29T19:42:44,2026-06-29T19:42:44,1.1406,2026-06-29,European Central Bank euro foreign exchange reference rates,True,False,False,FootballTransfers ETV used as non-Transfermarkt player-value proxy. match_method=exact_name_country_match.,FootballTransfers,https://www.footballtransfers.com/en/players/thiago-almada,footballtransfers_etv_validated,True,False
Argentina,Nicolas OTAMENDI,Defender,Benfica,,1000000.0,1140600.0,1000000.0,1140600.0,1000000.0,EUR,2026-06-01,2026-06-01,https://www.footballtransfers.com/en/players/nicolas-otamendi,https://www.footballtransfers.com/en/players/nicolas-otamendi,https://www.footballtransfers.com/en/players/nicolas-otamendi,2026-06-29T19:42:44,2026-06-29T19:42:44,1.1406,2026-06-29,European Central Bank euro foreign exchange reference rates,True,False,False,FootballTransfers ETV used as non-Transfermarkt player-value proxy. match_method=exact_name_country_match.,FootballTransfers,https://www.footballtransfers.com/en/players/nicolas-otamendi,footballtransfers_etv_validated,True,False
Australia,Aiden ONEILL,Midfielder,NYCFC,,1800000.0,2053080.0,1800000.0,2053080.0,1800000.0,EUR,2026-06-01,2026-06-01,https://www.footballtransfers.com/en/players/aiden-oneill,https://www.footballtransfers.com/en/players/aiden-oneill,https://www.footballtransfers.com/en/players/aiden-oneill,2026-06-29T19:42:44,2026-06-29T19:42:44,1.1406,2026-06-29,European Central Bank euro foreign exchange reference rates,True,False,False,FootballTransfers ETV used as non-Transfermarkt player-value proxy. match_method=normalized_name_country_match. Single same-country normalized title/slug match.,FootballTransfers,https://www.footballtransfers.com/en/players/aiden-oneill,footballtransfers_etv_validated,True,False
Australia,Alessandro CIRCATI,Defender,Parma,,13900000.0,15854340.0,13900000.0,15854340.0,13900000.0,EUR,2026-06-01,2026-06-01,https://www.footballtransfers.com/en/players/alessandro-circati,https://www.footballtransfers.com/en/players/alessandro-circati,https://www.footballtransfers.com/en/players/alessandro-circati,2026-06-29T19:42:44,2026-06-29T19:42:44,1.1406,2026-06-29,European Central Bank euro foreign exchange reference rates,True,False,False,FootballTransfers ETV used as non-Transfermarkt player-value proxy. match_method=exact_name_country_match.,FootballTransfers,https://www.footballtransfers.com/en/players/alessandro-circati,footballtransfers_etv_validated,True,False
Australia,Harry SOUTTAR,Defender,Leicester,,3800000.0,4334280.0,3800000.0,4334280.0,3800000.0,EUR,2026-06-01,2026-06-01,https://www.footballtransfers.com/en/players/harry-souttar,https://www.footballtransfers.com/en/players/harry-souttar,https://www.footballtransfers.com/en/players/harry-souttar,2026-06-29T19:42:44,2026-06-29T19:42:44,1.1406,2026-06-29,European Central Bank euro foreign exchange reference rates,True,False,False,FootballTransfers ETV used as non-Transfermarkt player-value proxy. match_method=exact_name_country_match.,FootballTransfers,https://www.footballtransfers.com/en/players/harry-souttar,footballtransfers_etv_validated,True,False
Australia,Patrick BEACH,Goalkeeper,Melbourne City,,1300000.0,1482780.0,1300000.0,1482780.0,1300000.0,EUR,2026-06-01,2026-06-01,https://www.footballtransfers.com/en/players/patrick-beach-1,https://www.footballtransfers.com/en/players/patrick-beach-1,https://www.footballtransfers.com/en/players/patrick-beach-1,2026-06-29T19:42:44,2026-06-29T19:42:44,1.1406,2026-06-29,European Central Bank euro foreign exchange reference rates,True,False,False,FootballTransfers ETV used as non-Transfermarkt player-value proxy. match_method=exact_name_country_match.,FootballTransfers,https://www.footballtransfers.com/en/players/patrick-beach-1,footballtransfers_etv_validated,True,False
Australia,Jordan BOS,Defender,Feyenoord,,8700000.0,9923220.0,8700000.0,9923220.0,8700000.0,EUR,2026-06-01,2026-06-01,https://www.footballtransfers.com/en/players/jordan-jacob-bos,https://www.footballtransfers.com/en/players/jordan-jacob-bos,https://www.footballtransfers.com/en/players/jordan-jacob-bos,2026-06-29T19:42:44,2026-06-29T19:42:44,1.1406,2026-06-29,European Central Bank euro foreign exchange reference rates,True,False,False,FootballTransfers ETV used as non-Transfermarkt player-value proxy. match_method=exact_name_country_match.,FootballTransfers,https://www.footballtransfers.com/en/players/jordan-jacob-bos,footballtransfers_etv_validated,True,False
Australia,Connor METCALFE,Midfielder,St. Pauli,,1200000.0,1368720.0,1200000.0,1368720.0,1200000.0,EUR,2026-06-01,2026-06-01,https://www.footballtransfers.com/en/players/connor-metcalfe,https://www.footballtransfers.com/en/players/connor-metcalfe,https://www.footballtransfers.com/en/players/connor-metcalfe,2026-06-29T19:42:44,2026-06-29T19:42:44,1.1406,2026-06-29,European Central Bank euro foreign exchange reference rates,True,False,False,FootballTransfers ETV used as non-Transfermarkt player-value proxy. match_method=exact_name_country_match.,FootballTransfers,https://www.footballtransfers.com/en/players/connor-metcalfe,footballtransfers_etv_validated,True,False
Australia,Cameron BURGESS,Defender,Swansea,,1400000.0,1596840.0,1400000.0,1596840.0,1400000.0,EUR,2026-06-01,2026-06-01,https://www.footballtransfers.com/en/players/cameron-burgess,https://www.footballtransfers.com/en/players/cameron-burgess,https://www.footballtransfers.com/en/players/cameron-burgess,2026-06-29T19:42:44,2026-06-29T19:42:44,1.1406,2026-06-29,European Central Bank euro foreign exchange reference rates,True,False,False,FootballTransfers ETV used as non-Transfermarkt player-value proxy. match_method=exact_name_country_match.,FootballTransfers,https://www.footballtransfers.com/en/players/cameron-burgess,footballtransfers_etv_validated,True,False
Australia,Paul OKON-ENGSTLER,Midfielder,,,800000.0,912480.0,800000.0,912480.0,800000.0,EUR,,,https://www.footballtransfers.com/en/players/paul-okon-engstler-48,https://www.footballtransfers.com/en/players/paul-okon-engstler-48,https://www.footballtransfers.com/en/players/paul-okon-engstler-48,2026-06-29T19:42:44,2026-06-29T19:42:44,1.1406,2026-06-29,European Central Bank euro foreign exchange reference rates,,True,False,FootballTransfers ETV retained per controlled fallback rule; profile had usable ETV but no verifiable update date.,FootballTransfers,https://www.footballtransfers.com/en/players/paul-okon-engstler-48,footballtransfers_etv_profile_value_date_unverified,False,True
Australia,Jacob ITALIANO,Defender,,,,,325156.0,370872.9336,325156.0,EUR,2026-06-01,2026-06-01,https://www.fotmob.com/players/889093/jacob-italiano,https://www.fotmob.com/players/889093/jacob-italiano,https://www.fotmob.com/players/889093/jacob-italiano,2026-06-29T19:42:44,2026-06-29T19:42:44,1.1406,2026-06-29,European Central Bank euro foreign exchange reference rates,True,False,False,Fallback value from FotMob embedded __NEXT_DATA__ marketValues.values; latest SciSports EUR value dated on or before 2026-06-11.,FotMob / SciSports,https://www.fotmob.com/players/889093/jacob-italiano,fotmob_scisports_market_value_latest_pre_cutoff,True,True
Australia,Mohamed TOURE,Forward,Norwich,,2100000.0,2395260.0,2100000.0,2395260.0,2100000.0,EUR,2026-06-01,2026-06-01,https://www.footballtransfers.com/en/players/mohamed-toure-2,https://www.footballtransfers.com/en/players/mohamed-toure-2,https://www.footballtransfers.com/en/players/mohamed-toure-2,2026-06-29T19:42:44,2026-06-29T19:42:44,1.1406,2026-06-29,European Central Bank euro foreign exchange reference rates,True,False,False,FootballTransfers ETV used as non-Transfermarkt player-value proxy. match_method=exact_name_country_match.,FootballTransfers,https://www.footballtransfers.com/en/players/mohamed-toure-2,footballtransfers_etv_validated,True,False
Australia,Nestory IRANKUNDA,Forward,Watford,,11100000.0,12660660.0,11100000.0,12660660.0,11100000.0,EUR,2026-06-01,2026-06-01,https://www.footballtransfers.com/en/players/nestory-irankunda,https://www.footballtransfers.com/en/players/nestory-irankunda,https://www.footballtransfers.com/en/players/nestory-irankunda,2026-06-29T19:42:44,2026-06-29T19:42:44,1.1406,2026-06-29,European Central Bank euro foreign exchange reference rates,True,False,False,FootballTransfers ETV used as non-Transfermarkt player-value proxy. match_method=exact_name_country_match.,FootballTransfers,https://www.footballtransfers.com/en/players/nestory-irankunda,footballtransfers_etv_validated,True,False
Austria,Alexander SCHLAGER,Goalkeeper,RB Salzburg,,1500000.0,1710900.0,1500000.0,1710900.0,1500000.0,EUR,2026-06-01,2026-06-01,https://www.footballtransfers.com/en/players/alexander-schlager,https://www.footballtransfers.com/en/players/alexander-schlager,https://www.footballtransfers.com/en/players/alexander-schlager,2026-06-29T19:42:44,2026-06-29T19:42:44,1.1406,2026-06-29,European Central Bank euro foreign exchange reference rates,True,False,False,FootballTransfers ETV used as non-Transfermarkt player-value proxy. match_method=exact_name_country_match.,FootballTransfers,https://www.footballtransfers.com/en/players/alexander-schlager,footballtransfers_etv_validated,True,False
Austria,Konrad LAIMER,Midfielder,Bayern,,33600000.0,38324160.0,33600000.0,38324160.0,33600000.0,EUR,2026-06-01,2026-06-01,https://www.footballtransfers.com/en/players/konrad-laimer,https://www.footballtransfers.com/en/players/konrad-laimer,https://www.footballtransfers.com/en/players/konrad-laimer,2026-06-29T19:42:44,2026-06-29T19:42:44,1.1406,2026-06-29,European Central Bank euro foreign exchange reference rates,True,False,False,FootballTransfers ETV used as non-Transfermarkt player-value proxy. match_method=exact_name_country_match.,FootballTransfers,https://www.footballtransfers.com/en/players/konrad-laimer,footballtransfers_etv_validated,True,False
Austria,Marcel SABITZER,Midfielder,Dortmund,,5000000.0,5703000.0,5000000.0,5703000.0,5000000.0,EUR,2026-06-01,2026-06-01,https://www.footballtransfers.com/en/players/marcel-sabitzer,https://www.footballtransfers.com/en/players/marcel-sabitzer,https://www.footballtransfers.com/en/players/marcel-sabitzer,2026-06-29T19:42:44,2026-06-29T19:42:44,1.1406,2026-06-29,European Central Bank euro foreign exchange reference rates,True,False,False,FootballTransfers ETV used as non-Transfermarkt player-value proxy. match_method=exact_name_country_match.,FootballTransfers,https://www.footballtransfers.com/en/players/marcel-sabitzer,footballtransfers_etv_validated,True,False
Austria,Nicolas SEIWALD,Midfielder,RB Leipzig,,22900000.0,26119740.0,22900000.0,26119740.0,22900000.0,EUR,2026-06-01,2026-06-01,https://www.footballtransfers.com/en/players/nicolas-seiwald,https://www.footballtransfers.com/en/players/nicolas-seiwald,https://www.footballtransfers.com/en/players/nicolas-seiwald,2026-06-29T19:42:44,2026-06-29T19:42:44,1.1406,2026-06-29,European Central Bank euro foreign exchange reference rates,True,False,False,FootballTransfers ETV used as non-Transfermarkt player-value proxy. match_method=exact_name_country_match.,FootballTransfers,https://www.footballtransfers.com/en/players/nicolas-seiwald,footballtransfers_etv_validated,True,False
Austria,Stefan POSCH,Defender,Mainz 05,,5200000.0,5931120.0,5200000.0,5931120.0,5200000.0,EUR,2026-06-01,2026-06-01,https://www.footballtransfers.com/en/players/stefan-posch,https://www.footballtransfers.com/en/players/stefan-posch,https://www.footballtransfers.com/en/players/stefan-posch,2026-06-29T19:42:44,2026-06-29T19:42:44,1.1406,2026-06-29,European Central Bank euro foreign exchange reference rates,True,False,False,FootballTransfers ETV used as non-Transfermarkt player-value proxy. match_method=exact_name_country_match.,FootballTransfers,https://www.footballtransfers.com/en/players/stefan-posch,footballtransfers_etv_validated,True,False
Austria,Romano SCHMID,Midfielder,Bremen,,14300000.0,16310580.0,14300000.0,16310580.0,14300000.0,EUR,2026-06-01,2026-06-01,https://www.footballtransfers.com/en/players/romano-schmid,https://www.footballtransfers.com/en/players/romano-schmid,https://www.footballtransfers.com/en/players/romano-schmid,2026-06-29T19:42:44,2026-06-29T19:42:44,1.1406,2026-06-29,European Central Bank euro foreign exchange reference rates,True,False,False,FootballTransfers ETV used as non-Transfermarkt player-value proxy. match_method=exact_name_country_match.,FootballTransfers,https://www.footballtransfers.com/en/players/romano-schmid,footballtransfers_etv_validated,True,False
Austria,Xaver Schlager,Midfielder,RB Leipzig,,5900000.0,6729540.0,5900000.0,6729540.0,5900000.0,EUR,2026-06-01,2026-06-01,https://www.footballtransfers.com/en/players/xaver-schlager,https://www.footballtransfers.com/en/players/xaver-schlager,https://www.footballtransfers.com/en/players/xaver-schlager,2026-06-29T19:42:44,2026-06-29T19:42:44,1.1406,2026-06-29,European Central Bank euro foreign exchange reference rates,True,False,False,FootballTransfers ETV used as non-Transfermarkt player-value proxy. match_method=exact_name_country_match.,FootballTransfers,https://www.footballtransfers.com/en/players/xaver-schlager,footballtransfers_etv_validated,True,False
Austria,Philipp Lienhart,Defender,SC Freiburg,,6900000.0,7870140.0,6900000.0,7870140.0,6900000.0,EUR,2026-06-01,2026-06-01,https://www.footballtransfers.com/en/players/philipp-lienhart,https://www.footballtransfers.com/en/players/philipp-lienhart,https://www.footballtransfers.com/en/players/philipp-lienhart,2026-06-29T19:42:44,2026-06-29T19:42:44,1.1406,2026-06-29,European Central Bank euro foreign exchange reference rates,True,False,False,FootballTransfers ETV used as non-Transfermarkt player-value proxy. match_method=exact_name_country_match.,FootballTransfers,https://www.footballtransfers.com/en/players/philipp-lienhart,footballtransfers_etv_validated,True,False
Austria,David ALABA,Defender,Real Madrid,,1700000.0,1939020.0,1700000.0,1939020.0,1700000.0,EUR,2026-06-01,2026-06-01,https://www.footballtransfers.com/en/players/david-olatukunbo-alaba,https://www.footballtransfers.com/en/players/david-olatukunbo-alaba,https://www.footballtransfers.com/en/players/david-olatukunbo-alaba,2026-06-29T19:42:44,2026-06-29T19:42:44,1.1406,2026-06-29,European Central Bank euro foreign exchange reference rates,True,False,False,FootballTransfers ETV used as non-Transfermarkt player-value proxy. match_method=exact_name_country_match.,FootballTransfers,https://www.footballtransfers.com/en/players/david-olatukunbo-alaba,footballtransfers_etv_validated,True,False
Austria,Kevin Danso,Defender,Tottenham,,23900000.0,27260340.0,23900000.0,27260340.0,23900000.0,EUR,2026-06-01,2026-06-01,https://www.footballtransfers.com/en/players/kevin-danso,https://www.footballtransfers.com/en/players/kevin-danso,https://www.footballtransfers.com/en/players/kevin-danso,2026-06-29T19:42:44,2026-06-29T19:42:44,1.1406,2026-06-29,European Central Bank euro foreign exchange reference rates,True,False,False,FootballTransfers ETV used as non-Transfermarkt player-value proxy. match_method=exact_name_country_match.,FootballTransfers,https://www.footballtransfers.com/en/players/kevin-danso,footballtransfers_etv_validated,True,False
Austria,Phillip MWENE,Defender,,,1100000.0,1254660.0,1100000.0,1254660.0,1100000.0,EUR,,,https://www.footballtransfers.com/en/players/philipp-mwene,https://www.footballtransfers.com/en/players/philipp-mwene,https://www.footballtransfers.com/en/players/philipp-mwene,2026-06-30,2026-06-30,1.1406,2026-06-29,European Central Bank euro foreign exchange reference rates,,True,False,"Manual fallback from existing FootballTransfers search cache; exact identity accepted after alias/spelling check. Valuation date not visible, so date is unverified.",FootballTransfers,https://www.footballtransfers.com/en/players/philipp-mwene,manual_fallback_footballtransfers_search_cache_date_unverified,False,True
Belgium,Brandon MECHELE,Defender,Brugge,,2200000.0,2509320.0,2200000.0,2509320.0,2200000.0,EUR,2026-06-01,2026-06-01,https://www.footballtransfers.com/en/players/brandon-mechele,https://www.footballtransfers.com/en/players/brandon-mechele,https://www.footballtransfers.com/en/players/brandon-mechele,2026-06-29T19:42:44,2026-06-29T19:42:44,1.1406,2026-06-29,European Central Bank euro foreign exchange reference rates,True,False,False,FootballTransfers ETV used as non-Transfermarkt player-value proxy. match_method=exact_name_country_match.,FootballTransfers,https://www.footballtransfers.com/en/players/brandon-mechele,footballtransfers_etv_validated,True,False
Belgium,Thibaut COURTOIS,Goalkeeper,Real Madrid,,11500000.0,13116900.0,11500000.0,13116900.0,11500000.0,EUR,2026-06-01,2026-06-01,https://www.footballtransfers.com/en/players/thibaut-courtois,https://www.footballtransfers.com/en/players/thibaut-courtois,https://www.footballtransfers.com/en/players/thibaut-courtois,2026-06-29T19:42:44,2026-06-29T19:42:44,1.1406,2026-06-29,European Central Bank euro foreign exchange reference rates,True,False,False,FootballTransfers ETV used as non-Transfermarkt player-value proxy. match_method=exact_name_country_match.,FootballTransfers,https://www.footballtransfers.com/en/players/thibaut-courtois,footballtransfers_etv_validated,True,False
Belgium,Youri TIELEMANS,Midfielder,A. Villa,,39100000.0,44597460.0,39100000.0,44597460.0,39100000.0,EUR,2026-06-01,2026-06-01,https://www.footballtransfers.com/en/players/youri-tielemans,https://www.footballtransfers.com/en/players/youri-tielemans,https://www.footballtransfers.com/en/players/youri-tielemans,2026-06-29T19:42:44,2026-06-29T19:42:44,1.1406,2026-06-29,European Central Bank euro foreign exchange reference rates,True,False,False,FootballTransfers ETV used as non-Transfermarkt player-value proxy. match_method=exact_name_country_match.,FootballTransfers,https://www.footballtransfers.com/en/players/youri-tielemans,footballtransfers_etv_validated,True,False
Belgium,Leandro TROSSARD,Forward,Arsenal,,17000000.0,19390200.0,17000000.0,19390200.0,17000000.0,EUR,2026-06-01,2026-06-01,https://www.footballtransfers.com/en/players/leandro-trossard,https://www.footballtransfers.com/en/players/leandro-trossard,https://www.footballtransfers.com/en/players/leandro-trossard,2026-06-29T19:42:44,2026-06-29T19:42:44,1.1406,2026-06-29,European Central Bank euro foreign exchange reference rates,True,False,False,FootballTransfers ETV used as non-Transfermarkt player-value proxy. match_method=exact_name_country_match.,FootballTransfers,https://www.footballtransfers.com/en/players/leandro-trossard,footballtransfers_etv_validated,True,False
Belgium,Kevin DE BRUYNE,Midfielder,Napoli,,11300000.0,12888780.0,11300000.0,12888780.0,11300000.0,EUR,2026-06-01,2026-06-01,https://www.footballtransfers.com/en/players/kevin-de-bruyne,https://www.footballtransfers.com/en/players/kevin-de-bruyne,https://www.footballtransfers.com/en/players/kevin-de-bruyne,2026-06-29T19:42:44,2026-06-29T19:42:44,1.1406,2026-06-29,European Central Bank euro foreign exchange reference rates,True,False,False,FootballTransfers ETV used as non-Transfermarkt player-value proxy. match_method=exact_name_country_match.,FootballTransfers,https://www.footballtransfers.com/en/players/kevin-de-bruyne,footballtransfers_etv_validated,True,False
Belgium,Maxim DE CUYPER,Defender,Brighton,,25000000.0,28515000.0,25000000.0,28515000.0,25000000.0,EUR,2026-06-01,2026-06-01,https://www.footballtransfers.com/en/players/maxim-de-cuyper,https://www.footballtransfers.com/en/players/maxim-de-cuyper,https://www.footballtransfers.com/en/players/maxim-de-cuyper,2026-06-29T19:42:44,2026-06-29T19:42:44,1.1406,2026-06-29,European Central Bank euro foreign exchange reference rates,True,False,False,FootballTransfers ETV used as non-Transfermarkt player-value proxy. match_method=exact_name_country_match.,FootballTransfers,https://www.footballtransfers.com/en/players/maxim-de-cuyper,footballtransfers_etv_validated,True,False
Belgium,Nathan NGOY,Defender,Lille,,12000000.0,13687200.0,12000000.0,13687200.0,12000000.0,EUR,2026-06-01,2026-06-01,https://www.footballtransfers.com/en/players/nathan-ngoy,https://www.footballtransfers.com/en/players/nathan-ngoy,https://www.footballtransfers.com/en/players/nathan-ngoy,2026-06-29T19:42:44,2026-06-29T19:42:44,1.1406,2026-06-29,European Central Bank euro foreign exchange reference rates,True,False,False,FootballTransfers ETV used as non-Transfermarkt player-value proxy. match_method=exact_name_country_match.,FootballTransfers,https://www.footballtransfers.com/en/players/nathan-ngoy,footballtransfers_etv_validated,True,False
Belgium,Timothy CASTAGNE,Defender,Fulham,,11500000.0,13116900.0,11500000.0,13116900.0,11500000.0,EUR,2026-06-01,2026-06-01,https://www.footballtransfers.com/en/players/timothy-castagne,https://www.footballtransfers.com/en/players/timothy-castagne,https://www.footballtransfers.com/en/players/timothy-castagne,2026-06-29T19:42:44,2026-06-29T19:42:44,1.1406,2026-06-29,European Central Bank euro foreign exchange reference rates,True,False,False,FootballTransfers ETV used as non-Transfermarkt player-value proxy. match_method=exact_name_country_match.,FootballTransfers,https://www.footballtransfers.com/en/players/timothy-castagne,footballtransfers_etv_validated,True,False
Belgium,Thomas MEUNIER,Defender,Lille,,1300000.0,1482780.0,1300000.0,1482780.0,1300000.0,EUR,2026-06-01,2026-06-01,https://www.footballtransfers.com/en/players/thomas-meunier,https://www.footballtransfers.com/en/players/thomas-meunier,https://www.footballtransfers.com/en/players/thomas-meunier,2026-06-29T19:42:44,2026-06-29T19:42:44,1.1406,2026-06-29,European Central Bank euro foreign exchange reference rates,True,False,False,FootballTransfers ETV used as non-Transfermarkt player-value proxy. match_method=exact_name_country_match.,FootballTransfers,https://www.footballtransfers.com/en/players/thomas-meunier,footballtransfers_etv_validated,True,False
Belgium,Charles DE KETELAERE,Forward,Atalanta,,44000000.0,50186400.0,44000000.0,50186400.0,44000000.0,EUR,2026-06-01,2026-06-01,https://www.footballtransfers.com/en/players/charles-de-ketelaere,https://www.footballtransfers.com/en/players/charles-de-ketelaere,https://www.footballtransfers.com/en/players/charles-de-ketelaere,2026-06-29T19:42:44,2026-06-29T19:42:44,1.1406,2026-06-29,European Central Bank euro foreign exchange reference rates,True,False,False,FootballTransfers ETV used as non-Transfermarkt player-value proxy. match_method=exact_name_country_match.,FootballTransfers,https://www.footballtransfers.com/en/players/charles-de-ketelaere,footballtransfers_etv_validated,True,False
Belgium,Hans VANAKEN,Midfielder,Brugge,,4700000.0,5360820.0,4700000.0,5360820.0,4700000.0,EUR,2026-06-01,2026-06-01,https://www.footballtransfers.com/en/players/hans-vanaken,https://www.footballtransfers.com/en/players/hans-vanaken,https://www.footballtransfers.com/en/players/hans-vanaken,2026-06-29T19:42:44,2026-06-29T19:42:44,1.1406,2026-06-29,European Central Bank euro foreign exchange reference rates,True,False,False,FootballTransfers ETV used as non-Transfermarkt player-value proxy. match_method=exact_name_country_match.,FootballTransfers,https://www.footballtransfers.com/en/players/hans-vanaken,footballtransfers_etv_validated,True,False
Bosnia and Herzegovina,Nikola VASILJ,Goalkeeper,St. Pauli,30.0,2400000.0,2737440.0,2400000.0,2737440.0,2400000.0,EUR,2026-06-01,2026-06-01,https://www.footballtransfers.com/en/players/nikola-vasilj,https://www.footballtransfers.com/en/players/nikola-vasilj,https://www.footballtransfers.com/en/players/nikola-vasilj,2026-06-29T19:54:36,2026-06-29T19:54:36,1.1406,2026-06-29,European Central Bank euro foreign exchange reference rates,True,False,False,FootballTransfers ETV manually remediated; decision=manual_verified_existing_country_gap. Accepted after profile-title review; original search text lacked team/nationality alias.,FootballTransfers,https://www.footballtransfers.com/en/players/nikola-vasilj,footballtransfers_etv_validated,True,False
Bosnia and Herzegovina,Ermedin DEMIROVIC,Forward,Stuttgart,28.0,21900000.0,24979140.0,21900000.0,24979140.0,21900000.0,EUR,2026-06-01,2026-06-01,https://www.footballtransfers.com/en/players/ermedin-demirovic,https://www.footballtransfers.com/en/players/ermedin-demirovic,https://www.footballtransfers.com/en/players/ermedin-demirovic,2026-06-29T19:54:36,2026-06-29T19:54:36,1.1406,2026-06-29,European Central Bank euro foreign exchange reference rates,True,False,False,FootballTransfers ETV manually remediated; decision=manual_verified_existing_country_gap. Accepted after profile-title review; original search text lacked team/nationality alias.,FootballTransfers,https://www.footballtransfers.com/en/players/ermedin-demirovic,footballtransfers_etv_validated,True,False
Bosnia and Herzegovina,Sead KOLASINAC,Defender,Atalanta,33.0,2600000.0,2965560.0,2600000.0,2965560.0,2600000.0,EUR,2026-06-01,2026-06-01,https://www.footballtransfers.com/en/players/sead-kolasinac,https://www.footballtransfers.com/en/players/sead-kolasinac,https://www.footballtransfers.com/en/players/sead-kolasinac,2026-06-29T19:54:36,2026-06-29T19:54:36,1.1406,2026-06-29,European Central Bank euro foreign exchange reference rates,True,False,False,FootballTransfers ETV manually remediated; decision=manual_verified_existing_country_gap. Accepted after profile-title review; original search text lacked team/nationality alias.,FootballTransfers,https://www.footballtransfers.com/en/players/sead-kolasinac,footballtransfers_etv_validated,True,False
Bosnia and Herzegovina,Nikola KATIC,Defender,Schalke,29.0,1200000.0,1368720.0,1200000.0,1368720.0,1200000.0,EUR,2026-06-01,2026-06-01,https://www.footballtransfers.com/en/players/nikola-katic,https://www.footballtransfers.com/en/players/nikola-katic,https://www.footballtransfers.com/en/players/nikola-katic,2026-06-29T19:54:36,2026-06-29T19:54:36,1.1406,2026-06-29,European Central Bank euro foreign exchange reference rates,True,False,False,FootballTransfers ETV manually remediated; decision=manual_verified_existing_country_gap. Accepted after profile-title review; original search text lacked team/nationality alias.,FootballTransfers,https://www.footballtransfers.com/en/players/nikola-katic,footballtransfers_etv_validated,True,False
Bosnia and Herzegovina,Esmir BAJRAKTAREVIC,Forward,PSV,21.0,6500000.0,7413900.0,6500000.0,7413900.0,6500000.0,EUR,2026-06-01,2026-06-01,https://www.footballtransfers.com/en/players/esmir-bajraktarevic,https://www.footballtransfers.com/en/players/esmir-bajraktarevic,https://www.footballtransfers.com/en/players/esmir-bajraktarevic,2026-06-29T19:54:36,2026-06-29T19:54:36,1.1406,2026-06-29,European Central Bank euro foreign exchange reference rates,True,False,False,FootballTransfers ETV manually remediated; decision=manual_verified_existing_country_gap. Accepted after profile-title review; original search text lacked team/nationality alias.,FootballTransfers,https://www.footballtransfers.com/en/players/esmir-bajraktarevic,footballtransfers_etv_validated,True,False
Bosnia and Herzegovina,Ivan SUNJIC,Midfielder,Pafos,29.0,800000.0,912480.0,800000.0,912480.0,800000.0,EUR,2026-06-01,2026-06-01,https://www.footballtransfers.com/en/players/ivan-sunjic,https://www.footballtransfers.com/en/players/ivan-sunjic,https://www.footballtransfers.com/en/players/ivan-sunjic,2026-06-29T19:54:36,2026-06-29T19:54:36,1.1406,2026-06-29,European Central Bank euro foreign exchange reference rates,True,False,False,FootballTransfers ETV manually remediated; decision=manual_verified_existing_country_gap. Accepted after profile-title review; original search text lacked team/nationality alias.,FootballTransfers,https://www.footballtransfers.com/en/players/ivan-sunjic,footballtransfers_etv_validated,True,False
Bosnia and Herzegovina,Kerim ALAJBEGOVIC,Forward,RB Salzburg,18.0,13400000.0,15284040.0,13400000.0,15284040.0,13400000.0,EUR,2026-06-01,2026-06-01,https://www.footballtransfers.com/en/players/kerim-alajbegovic,https://www.footballtransfers.com/en/players/kerim-alajbegovic,https://www.footballtransfers.com/en/players/kerim-alajbegovic,2026-06-29T19:54:36,2026-06-29T19:54:36,1.1406,2026-06-29,European Central Bank euro foreign exchange reference rates,True,False,False,FootballTransfers ETV manually remediated; decision=manual_verified_existing_country_gap. Accepted after profile-title review; original search text lacked team/nationality alias.,FootballTransfers,https://www.footballtransfers.com/en/players/kerim-alajbegovic,footballtransfers_etv_validated,True,False
Bosnia and Herzegovina,Amar DEDIC,Defender,Benfica,23.0,18700000.0,21329220.0,18700000.0,21329220.0,18700000.0,EUR,2026-06-01,2026-06-01,https://www.footballtransfers.com/en/players/amar-dedic,https://www.footballtransfers.com/en/players/amar-dedic,https://www.footballtransfers.com/en/players/amar-dedic,2026-06-29T19:54:36,2026-06-29T19:54:36,1.1406,2026-06-29,European Central Bank euro foreign exchange reference rates,True,False,False,FootballTransfers ETV manually remediated; decision=manual_verified_existing_country_gap. Accepted after profile-title review; original search text lacked team/nationality alias.,FootballTransfers,https://www.footballtransfers.com/en/players/amar-dedic,footballtransfers_etv_validated,True,False
Bosnia and Herzegovina,Tarik MUHAREMOVIC,Defender,Sassuolo,23.0,16200000.0,18477720.0,16200000.0,18477720.0,16200000.0,EUR,2026-06-01,2026-06-01,https://www.footballtransfers.com/en/players/tarik-muharemovic,https://www.footballtransfers.com/en/players/tarik-muharemovic,https://www.footballtransfers.com/en/players/tarik-muharemovic,2026-06-29T19:54:36,2026-06-29T19:54:36,1.1406,2026-06-29,European Central Bank euro foreign exchange reference rates,True,False,False,FootballTransfers ETV manually remediated; decision=manual_verified_existing_country_gap. Accepted after profile-title review; original search text lacked team/nationality alias.,FootballTransfers,https://www.footballtransfers.com/en/players/tarik-muharemovic,footballtransfers_etv_validated,True,False
Bosnia and Herzegovina,Ivan BASIC,Midfielder,Astana,24.0,800000.0,912480.0,800000.0,912480.0,800000.0,EUR,2026-06-01,2026-06-01,https://www.footballtransfers.com/en/players/ivan-basic,https://www.footballtransfers.com/en/players/ivan-basic,https://www.footballtransfers.com/en/players/ivan-basic,2026-06-29T19:54:36,2026-06-29T19:54:36,1.1406,2026-06-29,European Central Bank euro foreign exchange reference rates,True,False,False,FootballTransfers ETV manually remediated; decision=manual_verified_existing_country_gap. Accepted after profile-title review; original search text lacked team/nationality alias.,FootballTransfers,https://www.footballtransfers.com/en/players/ivan-basic,footballtransfers_etv_validated,True,False
Bosnia and Herzegovina,Amar MEMIC,Midfielder,V. Plzen,25.0,2500000.0,2851500.0,2500000.0,2851500.0,2500000.0,EUR,2026-06-01,2026-06-01,https://www.footballtransfers.com/en/players/amar-memic,https://www.footballtransfers.com/en/players/amar-memic,https://www.footballtransfers.com/en/players/amar-memic,2026-06-29T19:54:36,2026-06-29T19:54:36,1.1406,2026-06-29,European Central Bank euro foreign exchange reference rates,True,False,False,FootballTransfers ETV manually remediated; decision=manual_verified_existing_country_gap. Accepted after profile-title review; original search text lacked team/nationality alias.,FootballTransfers,https://www.footballtransfers.com/en/players/amar-memic,footballtransfers_etv_validated,True,False
Brazil,ALISSON,Goalkeeper,Liverpool,33.0,13500000.0,15398100.0,13500000.0,15398100.0,13500000.0,EUR,2026-06-01,2026-06-01,https://www.footballtransfers.com/en/players/alisson-4,https://www.footballtransfers.com/en/players/alisson-4,https://www.footballtransfers.com/en/players/alisson-4,2026-06-29T19:54:36,2026-06-29T19:54:36,1.1406,2026-06-29,European Central Bank euro foreign exchange reference rates,True,False,False,FootballTransfers ETV manually remediated; decision=manual_profile_verified. Brazil first-choice goalkeeper; candidate is Brazilian GK at Liverpool.,FootballTransfers,https://www.footballtransfers.com/en/players/alisson-4,footballtransfers_etv_validated,True,False
Brazil,GABRIEL MAGALHAES,Defender,Arsenal,,79600000.0,90791760.0,79600000.0,90791760.0,79600000.0,EUR,2026-06-02,2026-06-02,https://www.footballtransfers.com/en/players/gabriel-magalhaes,https://www.footballtransfers.com/en/players/gabriel-magalhaes,https://www.footballtransfers.com/en/players/gabriel-magalhaes,2026-06-29T19:42:44,2026-06-29T19:42:44,1.1406,2026-06-29,European Central Bank euro foreign exchange reference rates,True,False,False,FootballTransfers ETV used as non-Transfermarkt player-value proxy. match_method=normalized_name_country_match. Single same-country normalized title/slug match.,FootballTransfers,https://www.footballtransfers.com/en/players/gabriel-magalhaes,footballtransfers_etv_validated,True,False
Brazil,MARQUINHOS,Defender,PSG,32.0,28300000.0,32278980.0,28300000.0,32278980.0,28300000.0,EUR,2026-06-01,2026-06-01,https://www.footballtransfers.com/en/players/marquinhos,https://www.footballtransfers.com/en/players/marquinhos,https://www.footballtransfers.com/en/players/marquinhos,2026-06-29T19:54:36,2026-06-29T19:54:36,1.1406,2026-06-29,European Central Bank euro foreign exchange reference rates,True,False,False,FootballTransfers ETV manually remediated; decision=manual_profile_verified. Brazil centre-back; candidate is Brazilian player at PSG.,FootballTransfers,https://www.footballtransfers.com/en/players/marquinhos,footballtransfers_etv_validated,True,False
Brazil,DOUGLAS SANTOS,Defender,Zenit,,5500000.0,6273300.0,5500000.0,6273300.0,5500000.0,EUR,2026-06-01,2026-06-01,https://www.footballtransfers.com/en/players/douglas-santos-1,https://www.footballtransfers.com/en/players/douglas-santos-1,https://www.footballtransfers.com/en/players/douglas-santos-1,2026-06-29T19:42:44,2026-06-29T19:42:44,1.1406,2026-06-29,European Central Bank euro foreign exchange reference rates,True,False,False,FootballTransfers ETV used as non-Transfermarkt player-value proxy. match_method=exact_name_country_match.,FootballTransfers,https://www.footballtransfers.com/en/players/douglas-santos-1,footballtransfers_etv_validated,True,False
Brazil,VINICIUS JUNIOR,Forward,Real Madrid,,100500000.0,114630300.0,100500000.0,114630300.0,100500000.0,EUR,2026-06-01,2026-06-01,https://www.footballtransfers.com/en/players/vinicius-junior,https://www.footballtransfers.com/en/players/vinicius-junior,https://www.footballtransfers.com/en/players/vinicius-junior,2026-06-29T19:42:44,2026-06-29T19:42:44,1.1406,2026-06-29,European Central Bank euro foreign exchange reference rates,True,False,False,FootballTransfers ETV used as non-Transfermarkt player-value proxy. match_method=exact_name_country_match.,FootballTransfers,https://www.footballtransfers.com/en/players/vinicius-junior,footballtransfers_etv_validated,True,False
Brazil,BRUNO GUIMARAES,Midfielder,Newcastle,,70100000.0,79956060.0,70100000.0,79956060.0,70100000.0,EUR,2026-06-01,2026-06-01,https://www.footballtransfers.com/en/players/bruno-guimaraes-bruno-guimaraes,https://www.footballtransfers.com/en/players/bruno-guimaraes-bruno-guimaraes,https://www.footballtransfers.com/en/players/bruno-guimaraes-bruno-guimaraes,2026-06-29T19:42:44,2026-06-29T19:42:44,1.1406,2026-06-29,European Central Bank euro foreign exchange reference rates,True,False,False,FootballTransfers ETV used as non-Transfermarkt player-value proxy. match_method=exact_name_country_match.,FootballTransfers,https://www.footballtransfers.com/en/players/bruno-guimaraes-bruno-guimaraes,footballtransfers_etv_validated,True,False
Brazil,CASEMIRO,Midfielder,Man Utd,,6400000.0,7299840.0,6400000.0,7299840.0,6400000.0,EUR,2026-06-01,2026-06-01,https://www.footballtransfers.com/en/players/casemiro,https://www.footballtransfers.com/en/players/casemiro,https://www.footballtransfers.com/en/players/casemiro,2026-06-29T19:42:44,2026-06-29T19:42:44,1.1406,2026-06-29,European Central Bank euro foreign exchange reference rates,True,False,False,FootballTransfers ETV used as non-Transfermarkt player-value proxy. match_method=exact_name_country_match.,FootballTransfers,https://www.footballtransfers.com/en/players/casemiro,footballtransfers_etv_validated,True,False
Brazil,DANILO,Defender,Flamengo,34.0,1600000.0,1824960.0,1600000.0,1824960.0,1600000.0,EUR,2026-06-01,2026-06-01,https://www.footballtransfers.com/en/players/danilo,https://www.footballtransfers.com/en/players/danilo,https://www.footballtransfers.com/en/players/danilo,2026-06-29T19:54:36,2026-06-29T19:54:36,1.1406,2026-06-29,European Central Bank euro foreign exchange reference rates,True,False,False,FootballTransfers ETV manually remediated; decision=manual_profile_verified. Brazil defender; candidate is Brazilian player at Flamengo.,FootballTransfers,https://www.footballtransfers.com/en/players/danilo,footballtransfers_etv_validated,True,False
Brazil,LUCAS PAQUETA,Midfielder,Flamengo,,50200000.0,57258120.0,50200000.0,57258120.0,50200000.0,EUR,2026-06-01,2026-06-01,https://www.footballtransfers.com/en/players/lucas-paqueta,https://www.footballtransfers.com/en/players/lucas-paqueta,https://www.footballtransfers.com/en/players/lucas-paqueta,2026-06-29T19:42:44,2026-06-29T19:42:44,1.1406,2026-06-29,European Central Bank euro foreign exchange reference rates,True,False,False,FootballTransfers ETV used as non-Transfermarkt player-value proxy. match_method=exact_name_country_match.,FootballTransfers,https://www.footballtransfers.com/en/players/lucas-paqueta,footballtransfers_etv_validated,True,False
Brazil,MATHEUS CUNHA,Forward,Man Utd,27.0,72100000.0,82237260.0,72100000.0,82237260.0,72100000.0,EUR,2026-06-01,2026-06-01,https://www.footballtransfers.com/en/players/matheus-santos-carneiro-da-cunha,https://www.footballtransfers.com/en/players/matheus-santos-carneiro-da-cunha,https://www.footballtransfers.com/en/players/matheus-santos-carneiro-da-cunha,2026-06-29T19:54:36,2026-06-29T19:54:36,1.1406,2026-06-29,European Central Bank euro foreign exchange reference rates,True,False,False,FootballTransfers ETV manually remediated; decision=manual_profile_verified. Brazil forward; candidate is Brazilian player at Man Utd.,FootballTransfers,https://www.footballtransfers.com/en/players/matheus-santos-carneiro-da-cunha,footballtransfers_etv_validated,True,False
Brazil,RAPHINHA,Forward,Barcelona,,69600000.0,79385760.0,69600000.0,79385760.0,69600000.0,EUR,2026-06-01,2026-06-01,https://www.footballtransfers.com/en/players/raphinha,https://www.footballtransfers.com/en/players/raphinha,https://www.footballtransfers.com/en/players/raphinha,2026-06-29T19:42:44,2026-06-29T19:42:44,1.1406,2026-06-29,European Central Bank euro foreign exchange reference rates,True,False,False,FootballTransfers ETV used as non-Transfermarkt player-value proxy. match_method=exact_name_country_match.,FootballTransfers,https://www.footballtransfers.com/en/players/raphinha,footballtransfers_etv_validated,True,False
Cabo Verde,DINEY BORGES,Defender,Al Bataeh,,700000.0,798420.0,700000.0,798420.0,700000.0,EUR,2026-06-01,2026-06-01,https://www.footballtransfers.com/en/players/edilson-alberty-borges,https://www.footballtransfers.com/en/players/edilson-alberty-borges,https://www.footballtransfers.com/en/players/edilson-alberty-borges,2026-06-29T19:42:44,2026-06-29T19:42:44,1.1406,2026-06-29,European Central Bank euro foreign exchange reference rates,True,False,False,FootballTransfers ETV used as non-Transfermarkt player-value proxy. match_method=exact_name_country_match.,FootballTransfers,https://www.footballtransfers.com/en/players/edilson-alberty-borges,footballtransfers_etv_validated,True,False
Cabo Verde,PICO LOPES,Defender,,,,,250000.0,285150.0,250000.0,EUR,2026-06-05,2026-06-05,https://www.transfermarkt.com/schnellsuche/ergebnis/schnellsuche?query=Roberto+Lopes,https://www.transfermarkt.com/schnellsuche/ergebnis/schnellsuche?query=Roberto+Lopes,https://www.transfermarkt.com/schnellsuche/ergebnis/schnellsuche?query=Roberto+Lopes,2026-06-30,2026-06-30,1.1406,2026-06-29,European Central Bank euro foreign exchange reference rates,True,False,False,PICO LOPES is indexed as Roberto Lopes. Manual user-supplied indexed value patched 2026-06-30; source URL is the source-site indexed lookup for the accepted identity.,Transfermarkt,https://www.transfermarkt.com/schnellsuche/ergebnis/schnellsuche?query=Roberto+Lopes,manual indexed market value,True,True
Cabo Verde,VOZINHA,Goalkeeper,,,,,149794.0,170855.0364,149794.0,EUR,2026-06-01,2026-06-01,https://www.fotmob.com/players/422149/vozinha,https://www.fotmob.com/players/422149/vozinha,https://www.fotmob.com/players/422149/vozinha,2026-06-29T19:42:44,2026-06-29T19:42:44,1.1406,2026-06-29,European Central Bank euro foreign exchange reference rates,True,False,False,Fallback value from FotMob embedded __NEXT_DATA__ marketValues.values; latest SciSports EUR value dated on or before 2026-06-11.,FotMob / SciSports,https://www.fotmob.com/players/422149/vozinha,fotmob_scisports_market_value_latest_pre_cutoff,True,True
Cabo Verde,RYAN MENDES,Forward,,,,,118519.0,135182.7714,118519.0,EUR,2026-06-01,2026-06-01,https://www.fotmob.com/players/172615/ryan-mendes,https://www.fotmob.com/players/172615/ryan-mendes,https://www.fotmob.com/players/172615/ryan-mendes,2026-06-29T19:42:44,2026-06-29T19:42:44,1.1406,2026-06-29,European Central Bank euro foreign exchange reference rates,True,False,False,Fallback value from FotMob embedded __NEXT_DATA__ marketValues.values; latest SciSports EUR value dated on or before 2026-06-11.,FotMob / SciSports,https://www.fotmob.com/players/172615/ryan-mendes,fotmob_scisports_market_value_latest_pre_cutoff,True,True
Cabo Verde,KEVIN PINA,Midfielder,,,,,2519528.0,2873773.6368,2519528.0,EUR,2026-06-01,2026-06-01,https://www.fotmob.com/players/890503/kevin-pina,https://www.fotmob.com/players/890503/kevin-pina,https://www.fotmob.com/players/890503/kevin-pina,2026-06-29T19:42:44,2026-06-29T19:42:44,1.1406,2026-06-29,European Central Bank euro foreign exchange reference rates,True,False,False,Fallback value from FotMob embedded __NEXT_DATA__ marketValues.values; latest SciSports EUR value dated on or before 2026-06-11.,FotMob / SciSports,https://www.fotmob.com/players/890503/kevin-pina,fotmob_scisports_market_value_latest_pre_cutoff,True,True
Cabo Verde,JAMIRO MONTEIRO,Midfielder,PEC Zwolle,,400000.0,456240.0,400000.0,456240.0,400000.0,EUR,2026-06-01,2026-06-01,https://www.footballtransfers.com/en/players/jamiro-gregori-monteiro-alvarenga,https://www.footballtransfers.com/en/players/jamiro-gregori-monteiro-alvarenga,https://www.footballtransfers.com/en/players/jamiro-gregori-monteiro-alvarenga,2026-06-29T19:42:44,2026-06-29T19:42:44,1.1406,2026-06-29,European Central Bank euro foreign exchange reference rates,True,False,False,FootballTransfers ETV used as non-Transfermarkt player-value proxy. match_method=exact_name_country_match.,FootballTransfers,https://www.footballtransfers.com/en/players/jamiro-gregori-monteiro-alvarenga,footballtransfers_etv_validated,True,False
Cabo Verde,STEVEN MOREIRA,Defender,Columbus,,700000.0,798420.0,700000.0,798420.0,700000.0,EUR,2026-06-01,2026-06-01,https://www.footballtransfers.com/en/players/steven-moreira,https://www.footballtransfers.com/en/players/steven-moreira,https://www.footballtransfers.com/en/players/steven-moreira,2026-06-29T19:42:44,2026-06-29T19:42:44,1.1406,2026-06-29,European Central Bank euro foreign exchange reference rates,True,False,False,FootballTransfers ETV used as non-Transfermarkt player-value proxy. match_method=exact_name_country_match.,FootballTransfers,https://www.footballtransfers.com/en/players/steven-moreira,footballtransfers_etv_validated,True,False
Cabo Verde,SIDNY LOPES CABRAL,Defender,Benfica,,1300000.0,1482780.0,1300000.0,1482780.0,1300000.0,EUR,2026-06-01,2026-06-01,https://www.footballtransfers.com/en/players/sidny-lopes-cabral,https://www.footballtransfers.com/en/players/sidny-lopes-cabral,https://www.footballtransfers.com/en/players/sidny-lopes-cabral,2026-06-29T19:42:44,2026-06-29T19:42:44,1.1406,2026-06-29,European Central Bank euro foreign exchange reference rates,True,False,False,FootballTransfers ETV used as non-Transfermarkt player-value proxy. match_method=exact_name_country_match.,FootballTransfers,https://www.footballtransfers.com/en/players/sidny-lopes-cabral,footballtransfers_etv_validated,True,False
Cabo Verde,DEROY DUARTE,Midfielder,Ludogorets,,1100000.0,1254660.0,1100000.0,1254660.0,1100000.0,EUR,2026-06-01,2026-06-01,https://www.footballtransfers.com/en/players/deroy-duarte,https://www.footballtransfers.com/en/players/deroy-duarte,https://www.footballtransfers.com/en/players/deroy-duarte,2026-06-29T19:42:44,2026-06-29T19:42:44,1.1406,2026-06-29,European Central Bank euro foreign exchange reference rates,True,False,False,FootballTransfers ETV used as non-Transfermarkt player-value proxy. match_method=exact_name_country_match.,FootballTransfers,https://www.footballtransfers.com/en/players/deroy-duarte,footballtransfers_etv_validated,True,False
Cabo Verde,DAILON LIVRAMENTO,Forward,Casa,,1000000.0,1140600.0,1000000.0,1140600.0,1000000.0,EUR,2026-06-01,2026-06-01,https://www.footballtransfers.com/en/players/dailon-rocha-livramento-do-rosario,https://www.footballtransfers.com/en/players/dailon-rocha-livramento-do-rosario,https://www.footballtransfers.com/en/players/dailon-rocha-livramento-do-rosario,2026-06-29T19:42:44,2026-06-29T19:42:44,1.1406,2026-06-29,European Central Bank euro foreign exchange reference rates,True,False,False,FootballTransfers ETV used as non-Transfermarkt player-value proxy. match_method=exact_name_country_match.,FootballTransfers,https://www.footballtransfers.com/en/players/dailon-rocha-livramento-do-rosario,footballtransfers_etv_validated,True,False
Cabo Verde,JOAO PAULO,Midfielder,Bahia,31.0,1400000.0,1596840.0,1400000.0,1596840.0,1400000.0,EUR,2026-06-01,2026-06-01,https://www.footballtransfers.com/en/players/joao-paulo-18,https://www.footballtransfers.com/en/players/joao-paulo-18,https://www.footballtransfers.com/en/players/joao-paulo-18,2026-06-29T19:54:36,2026-06-29T19:54:36,1.1406,2026-06-29,European Central Bank euro foreign exchange reference rates,True,False,False,FootballTransfers ETV manually remediated; decision=manual_verified_existing_country_gap. Accepted after profile-title review; original search text lacked team/nationality alias.,FootballTransfers,https://www.footballtransfers.com/en/players/joao-paulo-18,footballtransfers_etv_validated,True,False
Canada,Alistair JOHNSTON,Defender,Celtic,,8300000.0,9466980.0,8300000.0,9466980.0,8300000.0,EUR,2026-06-01,2026-06-01,https://www.footballtransfers.com/en/players/alistair-johnston-1,https://www.footballtransfers.com/en/players/alistair-johnston-1,https://www.footballtransfers.com/en/players/alistair-johnston-1,2026-06-29T19:42:44,2026-06-29T19:42:44,1.1406,2026-06-29,European Central Bank euro foreign exchange reference rates,True,False,False,FootballTransfers ETV used as non-Transfermarkt player-value proxy. match_method=exact_name_country_match.,FootballTransfers,https://www.footballtransfers.com/en/players/alistair-johnston-1,footballtransfers_etv_validated,True,False
Canada,Maxime CREPEAU,Goalkeeper,Orlando,,1000000.0,1140600.0,1000000.0,1140600.0,1000000.0,EUR,2026-06-01,2026-06-01,https://www.footballtransfers.com/en/players/maxime-crepeau,https://www.footballtransfers.com/en/players/maxime-crepeau,https://www.footballtransfers.com/en/players/maxime-crepeau,2026-06-29T19:42:44,2026-06-29T19:42:44,1.1406,2026-06-29,European Central Bank euro foreign exchange reference rates,True,False,False,FootballTransfers ETV used as non-Transfermarkt player-value proxy. match_method=exact_name_country_match.,FootballTransfers,https://www.footballtransfers.com/en/players/maxime-crepeau,footballtransfers_etv_validated,True,False
Canada,Derek CORNELIUS,Defender,Marseille,,2900000.0,3307740.0,2900000.0,3307740.0,2900000.0,EUR,2026-06-01,2026-06-01,https://www.footballtransfers.com/en/players/derek-cornelius,https://www.footballtransfers.com/en/players/derek-cornelius,https://www.footballtransfers.com/en/players/derek-cornelius,2026-06-29T19:42:44,2026-06-29T19:42:44,1.1406,2026-06-29,European Central Bank euro foreign exchange reference rates,True,False,False,FootballTransfers ETV used as non-Transfermarkt player-value proxy. match_method=exact_name_country_match.,FootballTransfers,https://www.footballtransfers.com/en/players/derek-cornelius,footballtransfers_etv_validated,True,False
Canada,Richie LARYEA,Defender,Toronto,,500000.0,570300.0,500000.0,570300.0,500000.0,EUR,2026-06-01,2026-06-01,https://www.footballtransfers.com/en/players/richie-laryea,https://www.footballtransfers.com/en/players/richie-laryea,https://www.footballtransfers.com/en/players/richie-laryea,2026-06-29T19:42:44,2026-06-29T19:42:44,1.1406,2026-06-29,European Central Bank euro foreign exchange reference rates,True,False,False,FootballTransfers ETV used as non-Transfermarkt player-value proxy. match_method=exact_name_country_match.,FootballTransfers,https://www.footballtransfers.com/en/players/richie-laryea,footballtransfers_etv_validated,True,False
Canada,Luc DE FOUGEROLLES,Defender,Dender,,1700000.0,1939020.0,1700000.0,1939020.0,1700000.0,EUR,2026-06-01,2026-06-01,https://www.footballtransfers.com/en/players/luc-de-fougerolles,https://www.footballtransfers.com/en/players/luc-de-fougerolles,https://www.footballtransfers.com/en/players/luc-de-fougerolles,2026-06-29T19:42:44,2026-06-29T19:42:44,1.1406,2026-06-29,European Central Bank euro foreign exchange reference rates,True,False,False,FootballTransfers ETV used as non-Transfermarkt player-value proxy. match_method=exact_name_country_match.,FootballTransfers,https://www.footballtransfers.com/en/players/luc-de-fougerolles,footballtransfers_etv_validated,True,False
Canada,Jonathan DAVID,Forward,Juventus,,36500000.0,41631900.0,36500000.0,41631900.0,36500000.0,EUR,2026-06-01,2026-06-01,https://www.footballtransfers.com/en/players/jonathan-christian-david,https://www.footballtransfers.com/en/players/jonathan-christian-david,https://www.footballtransfers.com/en/players/jonathan-christian-david,2026-06-29T19:42:44,2026-06-29T19:42:44,1.1406,2026-06-29,European Central Bank euro foreign exchange reference rates,True,False,False,FootballTransfers ETV used as non-Transfermarkt player-value proxy. match_method=exact_name_country_match.,FootballTransfers,https://www.footballtransfers.com/en/players/jonathan-christian-david,footballtransfers_etv_validated,True,False
Canada,Stephen EUSTAQUIO,Midfielder,LAFC,,5400000.0,6159240.0,5400000.0,6159240.0,5400000.0,EUR,2026-06-01,2026-06-01,https://www.footballtransfers.com/en/players/stephen-antunes-eustaquio,https://www.footballtransfers.com/en/players/stephen-antunes-eustaquio,https://www.footballtransfers.com/en/players/stephen-antunes-eustaquio,2026-06-29T19:42:44,2026-06-29T19:42:44,1.1406,2026-06-29,European Central Bank euro foreign exchange reference rates,True,False,False,FootballTransfers ETV used as non-Transfermarkt player-value proxy. match_method=exact_name_country_match.,FootballTransfers,https://www.footballtransfers.com/en/players/stephen-antunes-eustaquio,footballtransfers_etv_validated,True,False
Canada,Tajon BUCHANAN,Forward,Villarreal,,12800000.0,14599680.0,12800000.0,14599680.0,12800000.0,EUR,2026-06-01,2026-06-01,https://www.footballtransfers.com/en/players/tajon-buchanan,https://www.footballtransfers.com/en/players/tajon-buchanan,https://www.footballtransfers.com/en/players/tajon-buchanan,2026-06-29T19:42:44,2026-06-29T19:42:44,1.1406,2026-06-29,European Central Bank euro foreign exchange reference rates,True,False,False,FootballTransfers ETV used as non-Transfermarkt player-value proxy. match_method=exact_name_country_match.,FootballTransfers,https://www.footballtransfers.com/en/players/tajon-buchanan,footballtransfers_etv_validated,True,False
Canada,Cyle LARIN,Forward,So'ton,,2100000.0,2395260.0,2100000.0,2395260.0,2100000.0,EUR,2026-06-01,2026-06-01,https://www.footballtransfers.com/en/players/cyle-larin,https://www.footballtransfers.com/en/players/cyle-larin,https://www.footballtransfers.com/en/players/cyle-larin,2026-06-29T19:42:44,2026-06-29T19:42:44,1.1406,2026-06-29,European Central Bank euro foreign exchange reference rates,True,False,False,FootballTransfers ETV used as non-Transfermarkt player-value proxy. match_method=exact_name_country_match.,FootballTransfers,https://www.footballtransfers.com/en/players/cyle-larin,footballtransfers_etv_validated,True,False
Canada,Ali AHMED,Forward,Norwich,,2000000.0,2281200.0,2000000.0,2281200.0,2000000.0,EUR,2026-06-01,2026-06-01,https://www.footballtransfers.com/en/players/ali-ahmed-10,https://www.footballtransfers.com/en/players/ali-ahmed-10,https://www.footballtransfers.com/en/players/ali-ahmed-10,2026-06-29T19:42:44,2026-06-29T19:42:44,1.1406,2026-06-29,European Central Bank euro foreign exchange reference rates,True,False,False,FootballTransfers ETV used as non-Transfermarkt player-value proxy. match_method=exact_name_country_match.,FootballTransfers,https://www.footballtransfers.com/en/players/ali-ahmed-10,footballtransfers_etv_validated,True,False
Canada,Ismael KONE,Midfielder,Sassuolo,,19000000.0,21671400.0,19000000.0,21671400.0,19000000.0,EUR,2026-06-01,2026-06-01,https://www.footballtransfers.com/en/players/ismael-kone,https://www.footballtransfers.com/en/players/ismael-kone,https://www.footballtransfers.com/en/players/ismael-kone,2026-06-29T19:42:44,2026-06-29T19:42:44,1.1406,2026-06-29,European Central Bank euro foreign exchange reference rates,True,False,False,FootballTransfers ETV used as non-Transfermarkt player-value proxy. match_method=exact_name_country_match.,FootballTransfers,https://www.footballtransfers.com/en/players/ismael-kone,footballtransfers_etv_validated,True,False
Colombia,Camilo VARGAS,Goalkeeper,Atlas,,600000.0,684360.0,600000.0,684360.0,600000.0,EUR,2026-06-01,2026-06-01,https://www.footballtransfers.com/en/players/camilo-vargas,https://www.footballtransfers.com/en/players/camilo-vargas,https://www.footballtransfers.com/en/players/camilo-vargas,2026-06-29T19:42:44,2026-06-29T19:42:44,1.1406,2026-06-29,European Central Bank euro foreign exchange reference rates,True,False,False,FootballTransfers ETV used as non-Transfermarkt player-value proxy. match_method=exact_name_country_match.,FootballTransfers,https://www.footballtransfers.com/en/players/camilo-vargas,footballtransfers_etv_validated,True,False
Colombia,Davinson SANCHEZ,Defender,Galatasaray,,16900000.0,19276140.0,16900000.0,19276140.0,16900000.0,EUR,2026-06-01,2026-06-01,https://www.footballtransfers.com/en/players/davinson-sanchez,https://www.footballtransfers.com/en/players/davinson-sanchez,https://www.footballtransfers.com/en/players/davinson-sanchez,2026-06-29T19:42:44,2026-06-29T19:42:44,1.1406,2026-06-29,European Central Bank euro foreign exchange reference rates,True,False,False,FootballTransfers ETV used as non-Transfermarkt player-value proxy. match_method=exact_name_country_match.,FootballTransfers,https://www.footballtransfers.com/en/players/davinson-sanchez,footballtransfers_etv_validated,True,False
Colombia,Jhon LUCUMI,Defender,Bologna,,19400000.0,22127640.0,19400000.0,22127640.0,19400000.0,EUR,2026-06-01,2026-06-01,https://www.footballtransfers.com/en/players/jhon-janer-lucumi-bonilla,https://www.footballtransfers.com/en/players/jhon-janer-lucumi-bonilla,https://www.footballtransfers.com/en/players/jhon-janer-lucumi-bonilla,2026-06-29T19:42:44,2026-06-29T19:42:44,1.1406,2026-06-29,European Central Bank euro foreign exchange reference rates,True,False,False,FootballTransfers ETV used as non-Transfermarkt player-value proxy. match_method=exact_name_country_match.,FootballTransfers,https://www.footballtransfers.com/en/players/jhon-janer-lucumi-bonilla,footballtransfers_etv_validated,True,False
Colombia,Luis DIAZ,Forward,Bayern,,89200000.0,101741520.0,89200000.0,101741520.0,89200000.0,EUR,2026-06-01,2026-06-01,https://www.footballtransfers.com/en/players/luis-fernando-diaz-marulanda,https://www.footballtransfers.com/en/players/luis-fernando-diaz-marulanda,https://www.footballtransfers.com/en/players/luis-fernando-diaz-marulanda,2026-06-29T19:42:44,2026-06-29T19:42:44,1.1406,2026-06-29,European Central Bank euro foreign exchange reference rates,True,False,False,FootballTransfers ETV used as non-Transfermarkt player-value proxy. match_method=exact_name_country_match.,FootballTransfers,https://www.footballtransfers.com/en/players/luis-fernando-diaz-marulanda,footballtransfers_etv_validated,True,False
Colombia,Gustavo PUERTA,Defender,Racing,,5900000.0,6729540.0,5900000.0,6729540.0,5900000.0,EUR,2026-06-01,2026-06-01,https://www.footballtransfers.com/en/players/gustado-aldolfo-puerta-molano,https://www.footballtransfers.com/en/players/gustado-aldolfo-puerta-molano,https://www.footballtransfers.com/en/players/gustado-aldolfo-puerta-molano,2026-06-29T19:42:44,2026-06-29T19:42:44,1.1406,2026-06-29,European Central Bank euro foreign exchange reference rates,True,False,False,FootballTransfers ETV used as non-Transfermarkt player-value proxy. match_method=exact_name_country_match.,FootballTransfers,https://www.footballtransfers.com/en/players/gustado-aldolfo-puerta-molano,footballtransfers_etv_validated,True,False
Colombia,Jefferson LERMA,Midfielder,C. Palace,,5300000.0,6045180.0,5300000.0,6045180.0,5300000.0,EUR,2026-06-01,2026-06-01,https://www.footballtransfers.com/en/players/jefferson-lerma,https://www.footballtransfers.com/en/players/jefferson-lerma,https://www.footballtransfers.com/en/players/jefferson-lerma,2026-06-29T19:42:44,2026-06-29T19:42:44,1.1406,2026-06-29,European Central Bank euro foreign exchange reference rates,True,False,False,FootballTransfers ETV used as non-Transfermarkt player-value proxy. match_method=exact_name_country_match.,FootballTransfers,https://www.footballtransfers.com/en/players/jefferson-lerma,footballtransfers_etv_validated,True,False
Colombia,Jhon ARIAS,Midfielder,Palmeiras,,15900000.0,18135540.0,15900000.0,18135540.0,15900000.0,EUR,2026-06-01,2026-06-01,https://www.footballtransfers.com/en/players/jhon-adolfo-arias-andrade,https://www.footballtransfers.com/en/players/jhon-adolfo-arias-andrade,https://www.footballtransfers.com/en/players/jhon-adolfo-arias-andrade,2026-06-29T19:42:44,2026-06-29T19:42:44,1.1406,2026-06-29,European Central Bank euro foreign exchange reference rates,True,False,False,FootballTransfers ETV used as non-Transfermarkt player-value proxy. match_method=exact_name_country_match.,FootballTransfers,https://www.footballtransfers.com/en/players/jhon-adolfo-arias-andrade,footballtransfers_etv_validated,True,False
Colombia,Daniel MUNOZ,Defender,C. Palace,,30000000.0,34218000.0,30000000.0,34218000.0,30000000.0,EUR,2026-06-01,2026-06-01,https://www.footballtransfers.com/en/players/daniel-munoz-mejia,https://www.footballtransfers.com/en/players/daniel-munoz-mejia,https://www.footballtransfers.com/en/players/daniel-munoz-mejia,2026-06-29T19:42:44,2026-06-29T19:42:44,1.1406,2026-06-29,European Central Bank euro foreign exchange reference rates,True,False,False,FootballTransfers ETV used as non-Transfermarkt player-value proxy. match_method=exact_name_country_match.,FootballTransfers,https://www.footballtransfers.com/en/players/daniel-munoz-mejia,footballtransfers_etv_validated,True,False
Colombia,James RODRIGUEZ,Midfielder,Minnesota,,1000000.0,1140600.0,1000000.0,1140600.0,1000000.0,EUR,2026-06-01,2026-06-01,https://www.footballtransfers.com/en/players/james-rodriguez,https://www.footballtransfers.com/en/players/james-rodriguez,https://www.footballtransfers.com/en/players/james-rodriguez,2026-06-29T19:42:44,2026-06-29T19:42:44,1.1406,2026-06-29,European Central Bank euro foreign exchange reference rates,True,False,False,FootballTransfers ETV used as non-Transfermarkt player-value proxy. match_method=exact_name_country_match.,FootballTransfers,https://www.footballtransfers.com/en/players/james-rodriguez,footballtransfers_etv_validated,True,False
Colombia,Johan MOJICA,Defender,Mallorca,,1500000.0,1710900.0,1500000.0,1710900.0,1500000.0,EUR,2026-06-01,2026-06-01,https://www.footballtransfers.com/en/players/johan-mojica,https://www.footballtransfers.com/en/players/johan-mojica,https://www.footballtransfers.com/en/players/johan-mojica,2026-06-29T19:42:44,2026-06-29T19:42:44,1.1406,2026-06-29,European Central Bank euro foreign exchange reference rates,True,False,False,FootballTransfers ETV used as non-Transfermarkt player-value proxy. match_method=exact_name_country_match.,FootballTransfers,https://www.footballtransfers.com/en/players/johan-mojica,footballtransfers_etv_validated,True,False
Colombia,Luis SUAREZ,Forward,Sporting,,27600000.0,31480560.0,27600000.0,31480560.0,27600000.0,EUR,2026-06-01,2026-06-01,https://www.footballtransfers.com/en/players/luis-javier-suarez-charris,https://www.footballtransfers.com/en/players/luis-javier-suarez-charris,https://www.footballtransfers.com/en/players/luis-javier-suarez-charris,2026-06-29T19:42:44,2026-06-29T19:42:44,1.1406,2026-06-29,European Central Bank euro foreign exchange reference rates,True,False,False,FootballTransfers ETV used as non-Transfermarkt player-value proxy. match_method=exact_name_country_match.,FootballTransfers,https://www.footballtransfers.com/en/players/luis-javier-suarez-charris,footballtransfers_etv_validated,True,False
Congo DR,Axel Tuanzebe,Defender,Burnley,,3500000.0,3992100.0,3500000.0,3992100.0,3500000.0,EUR,2026-06-01,2026-06-01,https://www.footballtransfers.com/en/players/axel-tuanzebe,https://www.footballtransfers.com/en/players/axel-tuanzebe,https://www.footballtransfers.com/en/players/axel-tuanzebe,2026-06-29T19:42:44,2026-06-29T19:42:44,1.1406,2026-06-29,European Central Bank euro foreign exchange reference rates,True,False,False,FootballTransfers ETV used as non-Transfermarkt player-value proxy. match_method=exact_name_country_match.,FootballTransfers,https://www.footballtransfers.com/en/players/axel-tuanzebe,footballtransfers_etv_validated,True,False
Congo DR,Chancel MBEMBA,Defender,Lille,,1500000.0,1710900.0,1500000.0,1710900.0,1500000.0,EUR,2026-06-01,2026-06-01,https://www.footballtransfers.com/en/players/chancel-mbemba,https://www.footballtransfers.com/en/players/chancel-mbemba,https://www.footballtransfers.com/en/players/chancel-mbemba,2026-06-29T19:42:44,2026-06-29T19:42:44,1.1406,2026-06-29,European Central Bank euro foreign exchange reference rates,True,False,False,FootballTransfers ETV used as non-Transfermarkt player-value proxy. match_method=exact_name_country_match.,FootballTransfers,https://www.footballtransfers.com/en/players/chancel-mbemba,footballtransfers_etv_validated,True,False
Congo DR,Lionel MPASI,Goalkeeper,,,400000.0,456240.0,400000.0,456240.0,400000.0,EUR,,,https://www.footballtransfers.com/en/players/lionel-nzau-mpasi,https://www.footballtransfers.com/en/players/lionel-nzau-mpasi,https://www.footballtransfers.com/en/players/lionel-nzau-mpasi,2026-06-30,2026-06-30,1.1406,2026-06-29,European Central Bank euro foreign exchange reference rates,,True,False,"Manual fallback from existing FootballTransfers search cache; exact identity accepted after alias/spelling check. Valuation date not visible, so date is unverified.",FootballTransfers,https://www.footballtransfers.com/en/players/lionel-nzau-mpasi,manual_fallback_footballtransfers_search_cache_date_unverified,False,True
Congo DR,Yoane WISSA,Forward,Newcastle,,27600000.0,31480560.0,27600000.0,31480560.0,27600000.0,EUR,2026-06-01,2026-06-01,https://www.footballtransfers.com/en/players/yoane-wissa,https://www.footballtransfers.com/en/players/yoane-wissa,https://www.footballtransfers.com/en/players/yoane-wissa,2026-06-29T19:42:44,2026-06-29T19:42:44,1.1406,2026-06-29,European Central Bank euro foreign exchange reference rates,True,False,False,FootballTransfers ETV used as non-Transfermarkt player-value proxy. match_method=exact_name_country_match.,FootballTransfers,https://www.footballtransfers.com/en/players/yoane-wissa,footballtransfers_etv_validated,True,False
Congo DR,Aaron WAN-BISSAKA,Defender,West Ham,28.0,24700000.0,28172820.0,24700000.0,28172820.0,24700000.0,EUR,2026-06-01,2026-06-01,https://www.footballtransfers.com/en/players/aaron-wanbissaka,https://www.footballtransfers.com/en/players/aaron-wanbissaka,https://www.footballtransfers.com/en/players/aaron-wanbissaka,2026-06-29T19:54:36,2026-06-29T19:54:36,1.1406,2026-06-29,European Central Bank euro foreign exchange reference rates,True,False,False,FootballTransfers ETV manually remediated; decision=manual_verified_existing_country_gap. Accepted after profile-title review; original search text lacked team/nationality alias.,FootballTransfers,https://www.footballtransfers.com/en/players/aaron-wanbissaka,footballtransfers_etv_validated,True,False
Congo DR,Samuel Moutoussamy,Midfielder,Atromitos,,700000.0,798420.0,700000.0,798420.0,700000.0,EUR,2026-06-01,2026-06-01,https://www.footballtransfers.com/en/players/samuel-moutoussamy,https://www.footballtransfers.com/en/players/samuel-moutoussamy,https://www.footballtransfers.com/en/players/samuel-moutoussamy,2026-06-29T19:42:44,2026-06-29T19:42:44,1.1406,2026-06-29,European Central Bank euro foreign exchange reference rates,True,False,False,FootballTransfers ETV used as non-Transfermarkt player-value proxy. match_method=exact_name_country_match.,FootballTransfers,https://www.footballtransfers.com/en/players/samuel-moutoussamy,footballtransfers_etv_validated,True,False
Congo DR,Arthur MASUAKU,Defender,Lens,,1700000.0,1939020.0,1700000.0,1939020.0,1700000.0,EUR,2026-06-01,2026-06-01,https://www.footballtransfers.com/en/players/arthur-masuaku,https://www.footballtransfers.com/en/players/arthur-masuaku,https://www.footballtransfers.com/en/players/arthur-masuaku,2026-06-29T19:42:44,2026-06-29T19:42:44,1.1406,2026-06-29,European Central Bank euro foreign exchange reference rates,True,False,False,FootballTransfers ETV used as non-Transfermarkt player-value proxy. match_method=exact_name_country_match.,FootballTransfers,https://www.footballtransfers.com/en/players/arthur-masuaku,footballtransfers_etv_validated,True,False
Congo DR,Cedric BAKAMBU,Forward,Real Betis,,1100000.0,1254660.0,1100000.0,1254660.0,1100000.0,EUR,2026-06-01,2026-06-01,https://www.footballtransfers.com/en/players/cedric-bakambu,https://www.footballtransfers.com/en/players/cedric-bakambu,https://www.footballtransfers.com/en/players/cedric-bakambu,2026-06-29T19:42:44,2026-06-29T19:42:44,1.1406,2026-06-29,European Central Bank euro foreign exchange reference rates,True,False,False,FootballTransfers ETV used as non-Transfermarkt player-value proxy. match_method=exact_name_country_match.,FootballTransfers,https://www.footballtransfers.com/en/players/cedric-bakambu,footballtransfers_etv_validated,True,False
Congo DR,Steve KAPUADI,Defender,Widzew,28.0,1600000.0,1824960.0,1600000.0,1824960.0,1600000.0,EUR,2026-06-01,2026-06-01,https://www.footballtransfers.com/en/players/steve-nkanu-kapuadi,https://www.footballtransfers.com/en/players/steve-nkanu-kapuadi,https://www.footballtransfers.com/en/players/steve-nkanu-kapuadi,2026-06-29T19:54:36,2026-06-29T19:54:36,1.1406,2026-06-29,European Central Bank euro foreign exchange reference rates,True,False,False,FootballTransfers ETV manually remediated; decision=manual_verified_existing_country_gap. Accepted after profile-title review; original search text lacked team/nationality alias.,FootballTransfers,https://www.footballtransfers.com/en/players/steve-nkanu-kapuadi,footballtransfers_etv_validated,True,False
Congo DR,Ngalayel MUKAU,Midfielder,Lille,,16000000.0,18249600.0,16000000.0,18249600.0,16000000.0,EUR,2026-06-01,2026-06-01,https://www.footballtransfers.com/en/players/ngalayel-mukau,https://www.footballtransfers.com/en/players/ngalayel-mukau,https://www.footballtransfers.com/en/players/ngalayel-mukau,2026-06-29T19:42:44,2026-06-29T19:42:44,1.1406,2026-06-29,European Central Bank euro foreign exchange reference rates,True,False,False,FootballTransfers ETV used as non-Transfermarkt player-value proxy. match_method=normalized_name_country_match. Single same-country normalized title/slug match.,FootballTransfers,https://www.footballtransfers.com/en/players/ngalayel-mukau,footballtransfers_etv_validated,True,False
Congo DR,Edo Kayembe,Midfielder,Watford,,2000000.0,2281200.0,2000000.0,2281200.0,2000000.0,EUR,2026-06-01,2026-06-01,https://www.footballtransfers.com/en/players/edo-kayembe,https://www.footballtransfers.com/en/players/edo-kayembe,https://www.footballtransfers.com/en/players/edo-kayembe,2026-06-29T19:42:44,2026-06-29T19:42:44,1.1406,2026-06-29,European Central Bank euro foreign exchange reference rates,True,False,False,FootballTransfers ETV used as non-Transfermarkt player-value proxy. match_method=exact_name_country_match.,FootballTransfers,https://www.footballtransfers.com/en/players/edo-kayembe,footballtransfers_etv_validated,True,False
Croatia,Dominik LIVAKOVIC,Goalkeeper,D. Zagreb,,3900000.0,4448340.0,3900000.0,4448340.0,3900000.0,EUR,2026-06-01,2026-06-01,https://www.footballtransfers.com/en/players/dominik-livakovic,https://www.footballtransfers.com/en/players/dominik-livakovic,https://www.footballtransfers.com/en/players/dominik-livakovic,2026-06-29T19:42:44,2026-06-29T19:42:44,1.1406,2026-06-29,European Central Bank euro foreign exchange reference rates,True,False,False,FootballTransfers ETV used as non-Transfermarkt player-value proxy. match_method=exact_name_country_match.,FootballTransfers,https://www.footballtransfers.com/en/players/dominik-livakovic,footballtransfers_etv_validated,True,False
Croatia,Ivan PERISIC,Forward,PSV,,1200000.0,1368720.0,1200000.0,1368720.0,1200000.0,EUR,2026-06-01,2026-06-01,https://www.footballtransfers.com/en/players/ivan-perisic,https://www.footballtransfers.com/en/players/ivan-perisic,https://www.footballtransfers.com/en/players/ivan-perisic,2026-06-29T19:42:44,2026-06-29T19:42:44,1.1406,2026-06-29,European Central Bank euro foreign exchange reference rates,True,False,False,FootballTransfers ETV used as non-Transfermarkt player-value proxy. match_method=exact_name_country_match.,FootballTransfers,https://www.footballtransfers.com/en/players/ivan-perisic,footballtransfers_etv_validated,True,False
Croatia,Josip STANISIC,Defender,Bayern,,39800000.0,45395880.0,39800000.0,45395880.0,39800000.0,EUR,2026-06-01,2026-06-01,https://www.footballtransfers.com/en/players/josip-stanisic,https://www.footballtransfers.com/en/players/josip-stanisic,https://www.footballtransfers.com/en/players/josip-stanisic,2026-06-29T19:42:44,2026-06-29T19:42:44,1.1406,2026-06-29,European Central Bank euro foreign exchange reference rates,True,False,False,FootballTransfers ETV used as non-Transfermarkt player-value proxy. match_method=exact_name_country_match.,FootballTransfers,https://www.footballtransfers.com/en/players/josip-stanisic,footballtransfers_etv_validated,True,False
Croatia,Josip SUTALO,Defender,Ajax,,16800000.0,19162080.0,16800000.0,19162080.0,16800000.0,EUR,2026-06-01,2026-06-01,https://www.footballtransfers.com/en/players/josip-sutalo,https://www.footballtransfers.com/en/players/josip-sutalo,https://www.footballtransfers.com/en/players/josip-sutalo,2026-06-29T19:42:44,2026-06-29T19:42:44,1.1406,2026-06-29,European Central Bank euro foreign exchange reference rates,True,False,False,FootballTransfers ETV used as non-Transfermarkt player-value proxy. match_method=exact_name_country_match.,FootballTransfers,https://www.footballtransfers.com/en/players/josip-sutalo,footballtransfers_etv_validated,True,False
Croatia,Martin BATURINA,Midfielder,Como,,24000000.0,27374400.0,24000000.0,27374400.0,24000000.0,EUR,2026-06-01,2026-06-01,https://www.footballtransfers.com/en/players/martin-baturina,https://www.footballtransfers.com/en/players/martin-baturina,https://www.footballtransfers.com/en/players/martin-baturina,2026-06-29T19:42:44,2026-06-29T19:42:44,1.1406,2026-06-29,European Central Bank euro foreign exchange reference rates,True,False,False,FootballTransfers ETV used as non-Transfermarkt player-value proxy. match_method=exact_name_country_match.,FootballTransfers,https://www.footballtransfers.com/en/players/martin-baturina,footballtransfers_etv_validated,True,False
Croatia,Luka MODRIC,Midfielder,Milan,,2200000.0,2509320.0,2200000.0,2509320.0,2200000.0,EUR,2026-06-01,2026-06-01,https://www.footballtransfers.com/en/players/luka-modric,https://www.footballtransfers.com/en/players/luka-modric,https://www.footballtransfers.com/en/players/luka-modric,2026-06-29T19:42:44,2026-06-29T19:42:44,1.1406,2026-06-29,European Central Bank euro foreign exchange reference rates,True,False,False,FootballTransfers ETV used as non-Transfermarkt player-value proxy. match_method=exact_name_country_match.,FootballTransfers,https://www.footballtransfers.com/en/players/luka-modric,footballtransfers_etv_validated,True,False
Croatia,Petar SUCIC,Midfielder,Inter,,34900000.0,39806940.0,34900000.0,39806940.0,34900000.0,EUR,2026-06-01,2026-06-01,https://www.footballtransfers.com/en/players/petar-sucic,https://www.footballtransfers.com/en/players/petar-sucic,https://www.footballtransfers.com/en/players/petar-sucic,2026-06-29T19:42:44,2026-06-29T19:42:44,1.1406,2026-06-29,European Central Bank euro foreign exchange reference rates,True,False,False,FootballTransfers ETV used as non-Transfermarkt player-value proxy. match_method=exact_name_country_match.,FootballTransfers,https://www.footballtransfers.com/en/players/petar-sucic,footballtransfers_etv_validated,True,False
Croatia,Josko GVARDIOL,Defender,Man City,,75800000.0,86457480.0,75800000.0,86457480.0,75800000.0,EUR,2026-06-01,2026-06-01,https://www.footballtransfers.com/en/players/josko-gvardiol,https://www.footballtransfers.com/en/players/josko-gvardiol,https://www.footballtransfers.com/en/players/josko-gvardiol,2026-06-29T19:42:44,2026-06-29T19:42:44,1.1406,2026-06-29,European Central Bank euro foreign exchange reference rates,True,False,False,FootballTransfers ETV used as non-Transfermarkt player-value proxy. match_method=exact_name_country_match.,FootballTransfers,https://www.footballtransfers.com/en/players/josko-gvardiol,footballtransfers_etv_validated,True,False
Croatia,Marin PONGRACIC,Defender,Fiorentina,,11400000.0,13002840.0,11400000.0,13002840.0,11400000.0,EUR,2026-06-01,2026-06-01,https://www.footballtransfers.com/en/players/marin-pongracic,https://www.footballtransfers.com/en/players/marin-pongracic,https://www.footballtransfers.com/en/players/marin-pongracic,2026-06-29T19:42:44,2026-06-29T19:42:44,1.1406,2026-06-29,European Central Bank euro foreign exchange reference rates,True,False,False,FootballTransfers ETV used as non-Transfermarkt player-value proxy. match_method=exact_name_country_match.,FootballTransfers,https://www.footballtransfers.com/en/players/marin-pongracic,footballtransfers_etv_validated,True,False
Croatia,Mateo KOVACIC,Midfielder,Man City,,12000000.0,13687200.0,12000000.0,13687200.0,12000000.0,EUR,2026-06-01,2026-06-01,https://www.footballtransfers.com/en/players/mateo-kovacic,https://www.footballtransfers.com/en/players/mateo-kovacic,https://www.footballtransfers.com/en/players/mateo-kovacic,2026-06-29T19:42:44,2026-06-29T19:42:44,1.1406,2026-06-29,European Central Bank euro foreign exchange reference rates,True,False,False,FootballTransfers ETV used as non-Transfermarkt player-value proxy. match_method=exact_name_country_match.,FootballTransfers,https://www.footballtransfers.com/en/players/mateo-kovacic,footballtransfers_etv_validated,True,False
Croatia,Petar Musa,Forward,Dallas,,7500000.0,8554500.0,7500000.0,8554500.0,7500000.0,EUR,2026-06-01,2026-06-01,https://www.footballtransfers.com/en/players/petar-musa,https://www.footballtransfers.com/en/players/petar-musa,https://www.footballtransfers.com/en/players/petar-musa,2026-06-29T19:42:44,2026-06-29T19:42:44,1.1406,2026-06-29,European Central Bank euro foreign exchange reference rates,True,False,False,FootballTransfers ETV used as non-Transfermarkt player-value proxy. match_method=exact_name_country_match.,FootballTransfers,https://www.footballtransfers.com/en/players/petar-musa,footballtransfers_etv_validated,True,False
Curaçao,Armando OBISPO,Defender,PSV,27.0,2300000.0,2623380.0,2300000.0,2623380.0,2300000.0,EUR,2026-06-01,2026-06-01,https://www.footballtransfers.com/en/players/armando-obispo,https://www.footballtransfers.com/en/players/armando-obispo,https://www.footballtransfers.com/en/players/armando-obispo,2026-06-29T19:54:36,2026-06-29T19:54:36,1.1406,2026-06-29,European Central Bank euro foreign exchange reference rates,True,False,False,FootballTransfers ETV manually remediated; decision=manual_verified_existing_country_gap. Accepted after profile-title review; original search text lacked team/nationality alias.,FootballTransfers,https://www.footballtransfers.com/en/players/armando-obispo,footballtransfers_etv_validated,True,False
Curaçao,Eloy ROOM,Goalkeeper,,,,,83664.0,95427.1584,83664.0,EUR,2026-06-01,2026-06-01,https://www.fotmob.com/players/150242/eloy-room,https://www.fotmob.com/players/150242/eloy-room,https://www.fotmob.com/players/150242/eloy-room,2026-06-29T19:42:44,2026-06-29T19:42:44,1.1406,2026-06-29,European Central Bank euro foreign exchange reference rates,True,False,False,Fallback value from FotMob embedded __NEXT_DATA__ marketValues.values; latest SciSports EUR value dated on or before 2026-06-11.,FotMob / SciSports,https://www.fotmob.com/players/150242/eloy-room,fotmob_scisports_market_value_latest_pre_cutoff,True,True
Curaçao,Leandro BACUNA,Midfielder,,,,,187406.0,213755.2836,187406.0,EUR,2026-06-01,2026-06-01,https://www.fotmob.com/players/183500/leandro-bacuna,https://www.fotmob.com/players/183500/leandro-bacuna,https://www.fotmob.com/players/183500/leandro-bacuna,2026-06-29T19:42:44,2026-06-29T19:42:44,1.1406,2026-06-29,European Central Bank euro foreign exchange reference rates,True,False,False,Fallback value from FotMob embedded __NEXT_DATA__ marketValues.values; latest SciSports EUR value dated on or before 2026-06-11.,FotMob / SciSports,https://www.fotmob.com/players/183500/leandro-bacuna,fotmob_scisports_market_value_latest_pre_cutoff,True,True
Curaçao,Sherel FLORANUS,Defender,PEC Zwolle,,800000.0,912480.0,800000.0,912480.0,800000.0,EUR,2026-06-01,2026-06-01,https://www.footballtransfers.com/en/players/sherel-floranus,https://www.footballtransfers.com/en/players/sherel-floranus,https://www.footballtransfers.com/en/players/sherel-floranus,2026-06-29T19:42:44,2026-06-29T19:42:44,1.1406,2026-06-29,European Central Bank euro foreign exchange reference rates,True,False,False,FootballTransfers ETV used as non-Transfermarkt player-value proxy. match_method=exact_name_country_match.,FootballTransfers,https://www.footballtransfers.com/en/players/sherel-floranus,footballtransfers_etv_validated,True,False
Curaçao,Juninho BACUNA,Midfielder,Volendam,,1500000.0,1710900.0,1500000.0,1710900.0,1500000.0,EUR,2026-06-01,2026-06-01,https://www.footballtransfers.com/en/players/juninho-bacuna,https://www.footballtransfers.com/en/players/juninho-bacuna,https://www.footballtransfers.com/en/players/juninho-bacuna,2026-06-29T19:42:44,2026-06-29T19:42:44,1.1406,2026-06-29,European Central Bank euro foreign exchange reference rates,True,False,False,FootballTransfers ETV used as non-Transfermarkt player-value proxy. match_method=exact_name_country_match.,FootballTransfers,https://www.footballtransfers.com/en/players/juninho-bacuna,footballtransfers_etv_validated,True,False
Curaçao,Tahith CHONG,Midfielder,Sheff Utd,,2800000.0,3193680.0,2800000.0,3193680.0,2800000.0,EUR,2026-06-01,2026-06-01,https://www.footballtransfers.com/en/players/tahith-chong,https://www.footballtransfers.com/en/players/tahith-chong,https://www.footballtransfers.com/en/players/tahith-chong,2026-06-29T19:42:44,2026-06-29T19:42:44,1.1406,2026-06-29,European Central Bank euro foreign exchange reference rates,True,False,False,FootballTransfers ETV used as non-Transfermarkt player-value proxy. match_method=exact_name_country_match.,FootballTransfers,https://www.footballtransfers.com/en/players/tahith-chong,footballtransfers_etv_validated,True,False
Curaçao,Deveron FONVILLE,Defender,NEC,,1300000.0,1482780.0,1300000.0,1482780.0,1300000.0,EUR,2026-06-01,2026-06-01,https://www.footballtransfers.com/en/players/deveron-fonville,https://www.footballtransfers.com/en/players/deveron-fonville,https://www.footballtransfers.com/en/players/deveron-fonville,2026-06-29T19:42:44,2026-06-29T19:42:44,1.1406,2026-06-29,European Central Bank euro foreign exchange reference rates,True,False,False,FootballTransfers ETV used as non-Transfermarkt player-value proxy. match_method=exact_name_country_match.,FootballTransfers,https://www.footballtransfers.com/en/players/deveron-fonville,footballtransfers_etv_validated,True,False
Curaçao,Livano COMENENCIA,Midfielder,Zurich,22.0,1000000.0,1140600.0,1000000.0,1140600.0,1000000.0,EUR,2026-06-01,2026-06-01,https://www.footballtransfers.com/en/players/livano-comenencia,https://www.footballtransfers.com/en/players/livano-comenencia,https://www.footballtransfers.com/en/players/livano-comenencia,2026-06-29T19:54:36,2026-06-29T19:54:36,1.1406,2026-06-29,European Central Bank euro foreign exchange reference rates,True,False,False,FootballTransfers ETV manually remediated; decision=manual_verified_existing_country_gap. Accepted after profile-title review; original search text lacked team/nationality alias.,FootballTransfers,https://www.footballtransfers.com/en/players/livano-comenencia,footballtransfers_etv_validated,True,False
Curaçao,Juergen LOCADIA,Forward,,,100000.0,114060.0,100000.0,114060.0,100000.0,EUR,2026-06-01,2026-06-01,https://www.footballtransfers.com/en/search?q=Jurgen+Locadia,https://www.footballtransfers.com/en/search?q=Jurgen+Locadia,https://www.footballtransfers.com/en/search?q=Jurgen+Locadia,2026-06-30,2026-06-30,1.1406,2026-06-29,European Central Bank euro foreign exchange reference rates,True,False,False,Juergen LOCADIA matched to indexed identity Jurgen Locadia. Manual user-supplied indexed value patched 2026-06-30; source URL is the source-site indexed lookup for the accepted identity.,FootballTransfers,https://www.footballtransfers.com/en/search?q=Jurgen+Locadia,manual indexed ETV,True,True
Curaçao,Joshua BRENET,Defender,Kayserispor,,700000.0,798420.0,700000.0,798420.0,700000.0,EUR,2026-06-01,2026-06-01,https://www.footballtransfers.com/en/players/joshua-brenet,https://www.footballtransfers.com/en/players/joshua-brenet,https://www.footballtransfers.com/en/players/joshua-brenet,2026-06-29T19:42:44,2026-06-29T19:42:44,1.1406,2026-06-29,European Central Bank euro foreign exchange reference rates,True,False,False,FootballTransfers ETV used as non-Transfermarkt player-value proxy. match_method=exact_name_country_match.,FootballTransfers,https://www.footballtransfers.com/en/players/joshua-brenet,footballtransfers_etv_validated,True,False
Curaçao,Jurien GAARI,Defender,,,,,193545.0,220757.427,193545.0,EUR,2026-06-01,2026-06-01,https://www.fotmob.com/players/708738/jurien-gaari,https://www.fotmob.com/players/708738/jurien-gaari,https://www.fotmob.com/players/708738/jurien-gaari,2026-06-29T19:42:44,2026-06-29T19:42:44,1.1406,2026-06-29,European Central Bank euro foreign exchange reference rates,True,False,False,Fallback value from FotMob embedded __NEXT_DATA__ marketValues.values; latest SciSports EUR value dated on or before 2026-06-11.,FotMob / SciSports,https://www.fotmob.com/players/708738/jurien-gaari,fotmob_scisports_market_value_latest_pre_cutoff,True,True
Czechia,Ladislav KREJCI,Defender,Wolves,,24100000.0,27488460.0,24100000.0,27488460.0,24100000.0,EUR,2026-06-01,2026-06-01,https://www.footballtransfers.com/en/players/ladislav-krejci,https://www.footballtransfers.com/en/players/ladislav-krejci,https://www.footballtransfers.com/en/players/ladislav-krejci,2026-06-29T19:42:44,2026-06-29T19:42:44,1.1406,2026-06-29,European Central Bank euro foreign exchange reference rates,True,False,False,FootballTransfers ETV used as non-Transfermarkt player-value proxy. match_method=exact_name_country_match.,FootballTransfers,https://www.footballtransfers.com/en/players/ladislav-krejci,footballtransfers_etv_validated,True,False
Czechia,Matej KOVAR,Goalkeeper,PSV,,6800000.0,7756080.0,6800000.0,7756080.0,6800000.0,EUR,2026-06-01,2026-06-01,https://www.footballtransfers.com/en/players/matej-kovar,https://www.footballtransfers.com/en/players/matej-kovar,https://www.footballtransfers.com/en/players/matej-kovar,2026-06-29T19:42:44,2026-06-29T19:42:44,1.1406,2026-06-29,European Central Bank euro foreign exchange reference rates,True,False,False,FootballTransfers ETV used as non-Transfermarkt player-value proxy. match_method=exact_name_country_match.,FootballTransfers,https://www.footballtransfers.com/en/players/matej-kovar,footballtransfers_etv_validated,True,False
Czechia,Robin HRANAC,Defender,Hoffenheim,,2000000.0,2281200.0,2000000.0,2281200.0,2000000.0,EUR,2026-06-01,2026-06-01,https://www.footballtransfers.com/en/players/robin-hranac,https://www.footballtransfers.com/en/players/robin-hranac,https://www.footballtransfers.com/en/players/robin-hranac,2026-06-29T19:42:44,2026-06-29T19:42:44,1.1406,2026-06-29,European Central Bank euro foreign exchange reference rates,True,False,False,FootballTransfers ETV used as non-Transfermarkt player-value proxy. match_method=exact_name_country_match.,FootballTransfers,https://www.footballtransfers.com/en/players/robin-hranac,footballtransfers_etv_validated,True,False
Czechia,Vladimir COUFAL,Defender,Hoffenheim,,2000000.0,2281200.0,2000000.0,2281200.0,2000000.0,EUR,2026-06-01,2026-06-01,https://www.footballtransfers.com/en/players/vladimir-coufal,https://www.footballtransfers.com/en/players/vladimir-coufal,https://www.footballtransfers.com/en/players/vladimir-coufal,2026-06-29T19:42:44,2026-06-29T19:42:44,1.1406,2026-06-29,European Central Bank euro foreign exchange reference rates,True,False,False,FootballTransfers ETV used as non-Transfermarkt player-value proxy. match_method=exact_name_country_match.,FootballTransfers,https://www.footballtransfers.com/en/players/vladimir-coufal,footballtransfers_etv_validated,True,False
Czechia,Pavel SULC,Forward,Lyon,,13800000.0,15740280.0,13800000.0,15740280.0,13800000.0,EUR,2026-06-01,2026-06-01,https://www.footballtransfers.com/en/players/pavel-sulc,https://www.footballtransfers.com/en/players/pavel-sulc,https://www.footballtransfers.com/en/players/pavel-sulc,2026-06-29T19:42:44,2026-06-29T19:42:44,1.1406,2026-06-29,European Central Bank euro foreign exchange reference rates,True,False,False,FootballTransfers ETV used as non-Transfermarkt player-value proxy. match_method=exact_name_country_match.,FootballTransfers,https://www.footballtransfers.com/en/players/pavel-sulc,footballtransfers_etv_validated,True,False
Czechia,Michal SADILEK,Midfielder,Slavia Praha,,7500000.0,8554500.0,7500000.0,8554500.0,7500000.0,EUR,2026-06-01,2026-06-01,https://www.footballtransfers.com/en/players/michal-sadilek,https://www.footballtransfers.com/en/players/michal-sadilek,https://www.footballtransfers.com/en/players/michal-sadilek,2026-06-29T19:42:44,2026-06-29T19:42:44,1.1406,2026-06-29,European Central Bank euro foreign exchange reference rates,True,False,False,FootballTransfers ETV used as non-Transfermarkt player-value proxy. match_method=exact_name_country_match.,FootballTransfers,https://www.footballtransfers.com/en/players/michal-sadilek,footballtransfers_etv_validated,True,False
Czechia,Patrik Schick,Forward,Bayer 04,,20300000.0,23154180.0,20300000.0,23154180.0,20300000.0,EUR,2026-06-01,2026-06-01,https://www.footballtransfers.com/en/players/patrik-schick,https://www.footballtransfers.com/en/players/patrik-schick,https://www.footballtransfers.com/en/players/patrik-schick,2026-06-29T19:42:44,2026-06-29T19:42:44,1.1406,2026-06-29,European Central Bank euro foreign exchange reference rates,True,False,False,FootballTransfers ETV used as non-Transfermarkt player-value proxy. match_method=exact_name_country_match.,FootballTransfers,https://www.footballtransfers.com/en/players/patrik-schick,footballtransfers_etv_validated,True,False
Czechia,Adam HLOZEK,Forward,Hoffenheim,,16400000.0,18705840.0,16400000.0,18705840.0,16400000.0,EUR,2026-06-01,2026-06-01,https://www.footballtransfers.com/en/players/adam-hlozek,https://www.footballtransfers.com/en/players/adam-hlozek,https://www.footballtransfers.com/en/players/adam-hlozek,2026-06-29T19:42:44,2026-06-29T19:42:44,1.1406,2026-06-29,European Central Bank euro foreign exchange reference rates,True,False,False,FootballTransfers ETV used as non-Transfermarkt player-value proxy. match_method=exact_name_country_match.,FootballTransfers,https://www.footballtransfers.com/en/players/adam-hlozek,footballtransfers_etv_validated,True,False
Czechia,Lukas CERV,Midfielder,V. Plzen,,6500000.0,7413900.0,6500000.0,7413900.0,6500000.0,EUR,2026-06-01,2026-06-01,https://www.footballtransfers.com/en/players/lukas-cerv,https://www.footballtransfers.com/en/players/lukas-cerv,https://www.footballtransfers.com/en/players/lukas-cerv,2026-06-29T19:42:44,2026-06-29T19:42:44,1.1406,2026-06-29,European Central Bank euro foreign exchange reference rates,True,False,False,FootballTransfers ETV used as non-Transfermarkt player-value proxy. match_method=exact_name_country_match.,FootballTransfers,https://www.footballtransfers.com/en/players/lukas-cerv,footballtransfers_etv_validated,True,False
Czechia,Tomas HOLES,Defender,Slavia Praha,,900000.0,1026540.0,900000.0,1026540.0,900000.0,EUR,2026-06-01,2026-06-01,https://www.footballtransfers.com/en/players/tomas-holes,https://www.footballtransfers.com/en/players/tomas-holes,https://www.footballtransfers.com/en/players/tomas-holes,2026-06-29T19:42:44,2026-06-29T19:42:44,1.1406,2026-06-29,European Central Bank euro foreign exchange reference rates,True,False,False,FootballTransfers ETV used as non-Transfermarkt player-value proxy. match_method=exact_name_country_match.,FootballTransfers,https://www.footballtransfers.com/en/players/tomas-holes,footballtransfers_etv_validated,True,False
Czechia,Tomas SOUCEK,Midfielder,West Ham,,13300000.0,15169980.0,13300000.0,15169980.0,13300000.0,EUR,2026-06-01,2026-06-01,https://www.footballtransfers.com/en/players/tomas-soucek,https://www.footballtransfers.com/en/players/tomas-soucek,https://www.footballtransfers.com/en/players/tomas-soucek,2026-06-29T19:42:44,2026-06-29T19:42:44,1.1406,2026-06-29,European Central Bank euro foreign exchange reference rates,True,False,False,FootballTransfers ETV used as non-Transfermarkt player-value proxy. match_method=exact_name_country_match.,FootballTransfers,https://www.footballtransfers.com/en/players/tomas-soucek,footballtransfers_etv_validated,True,False
Côte d'Ivoire,Yahia Fofana,Goalkeeper,Rizespor,,4900000.0,5588940.0,4900000.0,5588940.0,4900000.0,EUR,2026-06-01,2026-06-01,https://www.footballtransfers.com/en/players/yahia-fofana,https://www.footballtransfers.com/en/players/yahia-fofana,https://www.footballtransfers.com/en/players/yahia-fofana,2026-06-29T19:42:44,2026-06-29T19:42:44,1.1406,2026-06-29,European Central Bank euro foreign exchange reference rates,True,False,False,FootballTransfers ETV used as non-Transfermarkt player-value proxy. match_method=exact_name_country_match.,FootballTransfers,https://www.footballtransfers.com/en/players/yahia-fofana,footballtransfers_etv_validated,True,False
Côte d'Ivoire,Franck KESSIE,Midfielder,Al Ahli,,7100000.0,8098260.0,7100000.0,8098260.0,7100000.0,EUR,2026-06-01,2026-06-01,https://www.footballtransfers.com/en/players/franck-kessie,https://www.footballtransfers.com/en/players/franck-kessie,https://www.footballtransfers.com/en/players/franck-kessie,2026-06-29T19:42:44,2026-06-29T19:42:44,1.1406,2026-06-29,European Central Bank euro foreign exchange reference rates,True,False,False,FootballTransfers ETV used as non-Transfermarkt player-value proxy. match_method=exact_name_country_match.,FootballTransfers,https://www.footballtransfers.com/en/players/franck-kessie,footballtransfers_etv_validated,True,False
Côte d'Ivoire,Yan DIOMANDE,Forward,RB Leipzig,,33400000.0,38096040.0,33400000.0,38096040.0,33400000.0,EUR,2026-06-01,2026-06-01,https://www.footballtransfers.com/en/players/yan-diomande,https://www.footballtransfers.com/en/players/yan-diomande,https://www.footballtransfers.com/en/players/yan-diomande,2026-06-29T19:42:44,2026-06-29T19:42:44,1.1406,2026-06-29,European Central Bank euro foreign exchange reference rates,True,False,False,FootballTransfers ETV used as non-Transfermarkt player-value proxy. match_method=exact_name_country_match.,FootballTransfers,https://www.footballtransfers.com/en/players/yan-diomande,footballtransfers_etv_validated,True,False
Côte d'Ivoire,Amad DIALLO,Forward,Man Utd,,60200000.0,68664120.0,60200000.0,68664120.0,60200000.0,EUR,2026-06-01,2026-06-01,https://www.footballtransfers.com/en/players/amad-diallo-diallo,https://www.footballtransfers.com/en/players/amad-diallo-diallo,https://www.footballtransfers.com/en/players/amad-diallo-diallo,2026-06-29T19:42:44,2026-06-29T19:42:44,1.1406,2026-06-29,European Central Bank euro foreign exchange reference rates,True,False,False,FootballTransfers ETV used as non-Transfermarkt player-value proxy. match_method=exact_name_country_match.,FootballTransfers,https://www.footballtransfers.com/en/players/amad-diallo-diallo,footballtransfers_etv_validated,True,False
Côte d'Ivoire,Odilon KOSSOUNOU,Defender,Atalanta,,20800000.0,23724480.0,20800000.0,23724480.0,20800000.0,EUR,2026-06-01,2026-06-01,https://www.footballtransfers.com/en/players/odilon-kossounou,https://www.footballtransfers.com/en/players/odilon-kossounou,https://www.footballtransfers.com/en/players/odilon-kossounou,2026-06-29T19:42:44,2026-06-29T19:42:44,1.1406,2026-06-29,European Central Bank euro foreign exchange reference rates,True,False,False,FootballTransfers ETV used as non-Transfermarkt player-value proxy. match_method=exact_name_country_match.,FootballTransfers,https://www.footballtransfers.com/en/players/odilon-kossounou,footballtransfers_etv_validated,True,False
Côte d'Ivoire,Guela DOUE,Defender,Strasbourg,,21600000.0,24636960.0,21600000.0,24636960.0,21600000.0,EUR,2026-06-01,2026-06-01,https://www.footballtransfers.com/en/players/guela-doue-1,https://www.footballtransfers.com/en/players/guela-doue-1,https://www.footballtransfers.com/en/players/guela-doue-1,2026-06-29T19:42:44,2026-06-29T19:42:44,1.1406,2026-06-29,European Central Bank euro foreign exchange reference rates,True,False,False,FootballTransfers ETV used as non-Transfermarkt player-value proxy. match_method=exact_name_country_match.,FootballTransfers,https://www.footballtransfers.com/en/players/guela-doue-1,footballtransfers_etv_validated,True,False
Côte d'Ivoire,Emmanuel AGBADOU,Defender,Besiktas,,19100000.0,21785460.0,19100000.0,21785460.0,19100000.0,EUR,2026-06-01,2026-06-01,https://www.footballtransfers.com/en/players/emmanuel-agbadou,https://www.footballtransfers.com/en/players/emmanuel-agbadou,https://www.footballtransfers.com/en/players/emmanuel-agbadou,2026-06-29T19:42:44,2026-06-29T19:42:44,1.1406,2026-06-29,European Central Bank euro foreign exchange reference rates,True,False,False,FootballTransfers ETV used as non-Transfermarkt player-value proxy. match_method=exact_name_country_match.,FootballTransfers,https://www.footballtransfers.com/en/players/emmanuel-agbadou,footballtransfers_etv_validated,True,False
Côte d'Ivoire,Ghislain KONAN,Defender,Gil,,1700000.0,1939020.0,1700000.0,1939020.0,1700000.0,EUR,2026-06-01,2026-06-01,https://www.footballtransfers.com/en/players/ghislain-konan,https://www.footballtransfers.com/en/players/ghislain-konan,https://www.footballtransfers.com/en/players/ghislain-konan,2026-06-29T19:42:44,2026-06-29T19:42:44,1.1406,2026-06-29,European Central Bank euro foreign exchange reference rates,True,False,False,FootballTransfers ETV used as non-Transfermarkt player-value proxy. match_method=exact_name_country_match.,FootballTransfers,https://www.footballtransfers.com/en/players/ghislain-konan,footballtransfers_etv_validated,True,False
Côte d'Ivoire,Ibrahim SANGARE,Midfielder,N. Forest,,25200000.0,28743120.0,25200000.0,28743120.0,25200000.0,EUR,2026-06-01,2026-06-01,https://www.footballtransfers.com/en/players/ibrahim-sangare,https://www.footballtransfers.com/en/players/ibrahim-sangare,https://www.footballtransfers.com/en/players/ibrahim-sangare,2026-06-29T19:42:44,2026-06-29T19:42:44,1.1406,2026-06-29,European Central Bank euro foreign exchange reference rates,True,False,False,FootballTransfers ETV used as non-Transfermarkt player-value proxy. match_method=exact_name_country_match.,FootballTransfers,https://www.footballtransfers.com/en/players/ibrahim-sangare,footballtransfers_etv_validated,True,False
Côte d'Ivoire,Ange-Yoan BONNY,Forward,Inter,22.0,29600000.0,33761760.0,29600000.0,33761760.0,29600000.0,EUR,2026-06-01,2026-06-01,https://www.footballtransfers.com/en/players/angeyoan-bonny,https://www.footballtransfers.com/en/players/angeyoan-bonny,https://www.footballtransfers.com/en/players/angeyoan-bonny,2026-06-29T19:54:36,2026-06-29T19:54:36,1.1406,2026-06-29,European Central Bank euro foreign exchange reference rates,True,False,False,FootballTransfers ETV manually remediated; decision=manual_verified_existing_country_gap. Accepted after profile-title review; original search text lacked team/nationality alias.,FootballTransfers,https://www.footballtransfers.com/en/players/angeyoan-bonny,footballtransfers_etv_validated,True,False
Côte d'Ivoire,Wilfried SINGO,Defender,Galatasaray,,24900000.0,28400940.0,24900000.0,28400940.0,24900000.0,EUR,2026-06-01,2026-06-01,https://www.footballtransfers.com/en/players/wilfried-stephane-singo,https://www.footballtransfers.com/en/players/wilfried-stephane-singo,https://www.footballtransfers.com/en/players/wilfried-stephane-singo,2026-06-29T19:42:44,2026-06-29T19:42:44,1.1406,2026-06-29,European Central Bank euro foreign exchange reference rates,True,False,False,FootballTransfers ETV used as non-Transfermarkt player-value proxy. match_method=exact_name_country_match.,FootballTransfers,https://www.footballtransfers.com/en/players/wilfried-stephane-singo,footballtransfers_etv_validated,True,False
Ecuador,Gonzalo PLATA,Forward,Flamengo,,9200000.0,10493520.0,9200000.0,10493520.0,9200000.0,EUR,2026-06-01,2026-06-01,https://www.footballtransfers.com/en/players/gonzalo-jordy-plata-jimenez,https://www.footballtransfers.com/en/players/gonzalo-jordy-plata-jimenez,https://www.footballtransfers.com/en/players/gonzalo-jordy-plata-jimenez,2026-06-29T19:42:44,2026-06-29T19:42:44,1.1406,2026-06-29,European Central Bank euro foreign exchange reference rates,True,False,False,FootballTransfers ETV used as non-Transfermarkt player-value proxy. match_method=exact_name_country_match.,FootballTransfers,https://www.footballtransfers.com/en/players/gonzalo-jordy-plata-jimenez,footballtransfers_etv_validated,True,False
Ecuador,Hernan GALINDEZ,Goalkeeper,Huracan,,1000000.0,1140600.0,1000000.0,1140600.0,1000000.0,EUR,2026-06-01,2026-06-01,https://www.footballtransfers.com/en/players/hernan-ismael-galindez,https://www.footballtransfers.com/en/players/hernan-ismael-galindez,https://www.footballtransfers.com/en/players/hernan-ismael-galindez,2026-06-29T19:42:44,2026-06-29T19:42:44,1.1406,2026-06-29,European Central Bank euro foreign exchange reference rates,True,False,False,FootballTransfers ETV used as non-Transfermarkt player-value proxy. match_method=exact_name_country_match.,FootballTransfers,https://www.footballtransfers.com/en/players/hernan-ismael-galindez,footballtransfers_etv_validated,True,False
Ecuador,Moises CAICEDO,Midfielder,Chelsea,,115300000.0,131511180.0,115300000.0,131511180.0,115300000.0,EUR,2026-06-01,2026-06-01,https://www.footballtransfers.com/en/players/moises-caicedo,https://www.footballtransfers.com/en/players/moises-caicedo,https://www.footballtransfers.com/en/players/moises-caicedo,2026-06-29T19:42:44,2026-06-29T19:42:44,1.1406,2026-06-29,European Central Bank euro foreign exchange reference rates,True,False,False,FootballTransfers ETV used as non-Transfermarkt player-value proxy. match_method=exact_name_country_match.,FootballTransfers,https://www.footballtransfers.com/en/players/moises-caicedo,footballtransfers_etv_validated,True,False
Ecuador,Pedro VITE,Midfielder,Pumas,,8300000.0,9466980.0,8300000.0,9466980.0,8300000.0,EUR,2026-06-01,2026-06-01,https://www.footballtransfers.com/en/players/pedro-jeampierre-vite-uca,https://www.footballtransfers.com/en/players/pedro-jeampierre-vite-uca,https://www.footballtransfers.com/en/players/pedro-jeampierre-vite-uca,2026-06-29T19:42:44,2026-06-29T19:42:44,1.1406,2026-06-29,European Central Bank euro foreign exchange reference rates,True,False,False,FootballTransfers ETV used as non-Transfermarkt player-value proxy. match_method=exact_name_country_match.,FootballTransfers,https://www.footballtransfers.com/en/players/pedro-jeampierre-vite-uca,footballtransfers_etv_validated,True,False
Ecuador,Willian PACHO,Defender,PSG,,75400000.0,86001240.0,75400000.0,86001240.0,75400000.0,EUR,2026-06-01,2026-06-01,https://www.footballtransfers.com/en/players/william-joel-pacho-tenorio,https://www.footballtransfers.com/en/players/william-joel-pacho-tenorio,https://www.footballtransfers.com/en/players/william-joel-pacho-tenorio,2026-06-29T19:42:44,2026-06-29T19:42:44,1.1406,2026-06-29,European Central Bank euro foreign exchange reference rates,True,False,False,FootballTransfers ETV used as non-Transfermarkt player-value proxy. match_method=exact_name_country_match.,FootballTransfers,https://www.footballtransfers.com/en/players/william-joel-pacho-tenorio,footballtransfers_etv_validated,True,False
Ecuador,Piero HINCAPIE,Defender,Arsenal,,63100000.0,71971860.0,63100000.0,71971860.0,63100000.0,EUR,2026-06-01,2026-06-01,https://www.footballtransfers.com/en/players/piero-martin-hincapie-reyna,https://www.footballtransfers.com/en/players/piero-martin-hincapie-reyna,https://www.footballtransfers.com/en/players/piero-martin-hincapie-reyna,2026-06-29T19:42:44,2026-06-29T19:42:44,1.1406,2026-06-29,European Central Bank euro foreign exchange reference rates,True,False,False,FootballTransfers ETV used as non-Transfermarkt player-value proxy. match_method=exact_name_country_match.,FootballTransfers,https://www.footballtransfers.com/en/players/piero-martin-hincapie-reyna,footballtransfers_etv_validated,True,False
Ecuador,Enner VALENCIA,Forward,Pachuca,,1300000.0,1482780.0,1300000.0,1482780.0,1300000.0,EUR,2026-06-01,2026-06-01,https://www.footballtransfers.com/en/players/enner-valencia,https://www.footballtransfers.com/en/players/enner-valencia,https://www.footballtransfers.com/en/players/enner-valencia,2026-06-29T19:42:44,2026-06-29T19:42:44,1.1406,2026-06-29,European Central Bank euro foreign exchange reference rates,True,False,False,FootballTransfers ETV used as non-Transfermarkt player-value proxy. match_method=exact_name_country_match.,FootballTransfers,https://www.footballtransfers.com/en/players/enner-valencia,footballtransfers_etv_validated,True,False
Ecuador,John YEBOAH,Forward,Venezia,,2600000.0,2965560.0,2600000.0,2965560.0,2600000.0,EUR,2026-06-01,2026-06-01,https://www.footballtransfers.com/en/players/john-yeboah,https://www.footballtransfers.com/en/players/john-yeboah,https://www.footballtransfers.com/en/players/john-yeboah,2026-06-29T19:42:44,2026-06-29T19:42:44,1.1406,2026-06-29,European Central Bank euro foreign exchange reference rates,True,False,False,FootballTransfers ETV used as non-Transfermarkt player-value proxy. match_method=exact_name_country_match.,FootballTransfers,https://www.footballtransfers.com/en/players/john-yeboah,footballtransfers_etv_validated,True,False
Ecuador,Alan FRANCO,Midfielder,Atl Mineiro,,2800000.0,3193680.0,2800000.0,3193680.0,2800000.0,EUR,2026-06-01,2026-06-01,https://www.footballtransfers.com/en/players/alan-steven-franco-palma,https://www.footballtransfers.com/en/players/alan-steven-franco-palma,https://www.footballtransfers.com/en/players/alan-steven-franco-palma,2026-06-29T19:42:44,2026-06-29T19:42:44,1.1406,2026-06-29,European Central Bank euro foreign exchange reference rates,True,False,False,FootballTransfers ETV used as non-Transfermarkt player-value proxy. match_method=exact_name_country_match.,FootballTransfers,https://www.footballtransfers.com/en/players/alan-steven-franco-palma,footballtransfers_etv_validated,True,False
Ecuador,Joel ORDONEZ,Defender,Brugge,,41100000.0,46878660.0,41100000.0,46878660.0,41100000.0,EUR,2026-06-01,2026-06-01,https://www.footballtransfers.com/en/players/joel-ordonez,https://www.footballtransfers.com/en/players/joel-ordonez,https://www.footballtransfers.com/en/players/joel-ordonez,2026-06-29T19:42:44,2026-06-29T19:42:44,1.1406,2026-06-29,European Central Bank euro foreign exchange reference rates,True,False,False,FootballTransfers ETV used as non-Transfermarkt player-value proxy. match_method=exact_name_country_match.,FootballTransfers,https://www.footballtransfers.com/en/players/joel-ordonez,footballtransfers_etv_validated,True,False
Ecuador,Nilson ANGULO,Forward,Sunderland,,7500000.0,8554500.0,7500000.0,8554500.0,7500000.0,EUR,2026-06-01,2026-06-01,https://www.footballtransfers.com/en/players/nilson-david-angulo-ramirez,https://www.footballtransfers.com/en/players/nilson-david-angulo-ramirez,https://www.footballtransfers.com/en/players/nilson-david-angulo-ramirez,2026-06-29T19:42:44,2026-06-29T19:42:44,1.1406,2026-06-29,European Central Bank euro foreign exchange reference rates,True,False,False,FootballTransfers ETV used as non-Transfermarkt player-value proxy. match_method=exact_name_country_match.,FootballTransfers,https://www.footballtransfers.com/en/players/nilson-david-angulo-ramirez,footballtransfers_etv_validated,True,False
Egypt,MOHAMED HANY,Defender,Al Ahly,,1200000.0,1368720.0,1200000.0,1368720.0,1200000.0,EUR,2026-06-01,2026-06-01,https://www.footballtransfers.com/en/players/mohamed-hany,https://www.footballtransfers.com/en/players/mohamed-hany,https://www.footballtransfers.com/en/players/mohamed-hany,2026-06-29T19:42:44,2026-06-29T19:42:44,1.1406,2026-06-29,European Central Bank euro foreign exchange reference rates,True,False,False,FootballTransfers ETV used as non-Transfermarkt player-value proxy. match_method=exact_name_country_match.,FootballTransfers,https://www.footballtransfers.com/en/players/mohamed-hany,footballtransfers_etv_validated,True,False
Egypt,MOHANAD LASHIN,Midfielder,,,2000000.0,2281200.0,2000000.0,2281200.0,2000000.0,EUR,,,https://www.footballtransfers.com/en/players/mohanad-lasheen-mohanad-lasheen,https://www.footballtransfers.com/en/players/mohanad-lasheen-mohanad-lasheen,https://www.footballtransfers.com/en/players/mohanad-lasheen-mohanad-lasheen,2026-06-30,2026-06-30,1.1406,2026-06-29,European Central Bank euro foreign exchange reference rates,,True,False,"Manual fallback from existing FootballTransfers search cache; exact identity accepted after alias/spelling check. Valuation date not visible, so date is unverified.",FootballTransfers,https://www.footballtransfers.com/en/players/mohanad-lasheen-mohanad-lasheen,manual_fallback_footballtransfers_search_cache_date_unverified,False,True
Egypt,MOSTAFA SHOUBIR,Goalkeeper,,,,,1200000.0,1368720.0,1200000.0,EUR,2026-05-20,2026-05-20,https://www.transfermarkt.com/schnellsuche/ergebnis/schnellsuche?query=Oufa+Shobeir+%2F+Mostafa+Ahmed+Shobeir,https://www.transfermarkt.com/schnellsuche/ergebnis/schnellsuche?query=Oufa+Shobeir+%2F+Mostafa+Ahmed+Shobeir,https://www.transfermarkt.com/schnellsuche/ergebnis/schnellsuche?query=Oufa+Shobeir+%2F+Mostafa+Ahmed+Shobeir,2026-06-30,2026-06-30,1.1406,2026-06-29,European Central Bank euro foreign exchange reference rates,True,False,False,"MOSTAFA SHOUBIR is indexed as Oufa Shobeir, full name Mostafa Ahmed Shobeir. Manual user-supplied indexed value patched 2026-06-30; source URL is the source-site indexed lookup for the accepted identity.",Transfermarkt,https://www.transfermarkt.com/schnellsuche/ergebnis/schnellsuche?query=Oufa+Shobeir+%2F+Mostafa+Ahmed+Shobeir,manual indexed market value,True,True
Egypt,AHMED FATOUH,Defender,,,800000.0,912480.0,800000.0,912480.0,800000.0,EUR,,,https://www.footballtransfers.com/en/players/ahmed-fatouh-ahmed-fatouh,https://www.footballtransfers.com/en/players/ahmed-fatouh-ahmed-fatouh,https://www.footballtransfers.com/en/players/ahmed-fatouh-ahmed-fatouh,2026-06-29T19:42:44,2026-06-29T19:42:44,1.1406,2026-06-29,European Central Bank euro foreign exchange reference rates,,True,False,FootballTransfers ETV retained per controlled fallback rule; profile had usable ETV but no verifiable update date.,FootballTransfers,https://www.footballtransfers.com/en/players/ahmed-fatouh-ahmed-fatouh,footballtransfers_etv_profile_value_date_unverified,False,True
Egypt,YASSER IBRAHIM,Defender,,,,,330510.0,376979.706,330510.0,EUR,2026-06-01,2026-06-01,https://www.fotmob.com/players/533403/yasser-ibrahim,https://www.fotmob.com/players/533403/yasser-ibrahim,https://www.fotmob.com/players/533403/yasser-ibrahim,2026-06-29T19:42:44,2026-06-29T19:42:44,1.1406,2026-06-29,European Central Bank euro foreign exchange reference rates,True,False,False,Fallback value from FotMob embedded __NEXT_DATA__ marketValues.values; latest SciSports EUR value dated on or before 2026-06-11.,FotMob / SciSports,https://www.fotmob.com/players/533403/yasser-ibrahim,fotmob_scisports_market_value_latest_pre_cutoff,True,True
Egypt,EMAM ASHOUR,Midfielder,Al Ahly,,2300000.0,2623380.0,2300000.0,2623380.0,2300000.0,EUR,2026-06-01,2026-06-01,https://www.footballtransfers.com/en/players/emam-ashour,https://www.footballtransfers.com/en/players/emam-ashour,https://www.footballtransfers.com/en/players/emam-ashour,2026-06-29T19:42:44,2026-06-29T19:42:44,1.1406,2026-06-29,European Central Bank euro foreign exchange reference rates,True,False,False,FootballTransfers ETV used as non-Transfermarkt player-value proxy. match_method=exact_name_country_match.,FootballTransfers,https://www.footballtransfers.com/en/players/emam-ashour,footballtransfers_etv_validated,True,False
Egypt,MOSTAFA ZICO,Midfielder,,,,,1800000.0,2053080.0,1800000.0,EUR,2026-05-20,2026-05-20,https://www.transfermarkt.com/schnellsuche/ergebnis/schnellsuche?query=Mostafa+Ziko,https://www.transfermarkt.com/schnellsuche/ergebnis/schnellsuche?query=Mostafa+Ziko,https://www.transfermarkt.com/schnellsuche/ergebnis/schnellsuche?query=Mostafa+Ziko,2026-06-30,2026-06-30,1.1406,2026-06-29,European Central Bank euro foreign exchange reference rates,True,False,False,MOSTAFA ZICO is indexed as Mostafa Ziko. Manual user-supplied indexed value patched 2026-06-30; source URL is the source-site indexed lookup for the accepted identity.,Transfermarkt,https://www.transfermarkt.com/schnellsuche/ergebnis/schnellsuche?query=Mostafa+Ziko,manual indexed market value,True,True
Egypt,MOHAMED SALAH,Forward,Liverpool,,39000000.0,44483400.0,39000000.0,44483400.0,39000000.0,EUR,2026-06-01,2026-06-01,https://www.footballtransfers.com/en/players/mohamed-salah,https://www.footballtransfers.com/en/players/mohamed-salah,https://www.footballtransfers.com/en/players/mohamed-salah,2026-06-29T19:42:44,2026-06-29T19:42:44,1.1406,2026-06-29,European Central Bank euro foreign exchange reference rates,True,False,False,FootballTransfers ETV used as non-Transfermarkt player-value proxy. match_method=exact_name_country_match.,FootballTransfers,https://www.footballtransfers.com/en/players/mohamed-salah,footballtransfers_etv_validated,True,False
Egypt,MARAWAN ATTIA,Midfielder,,,2300000.0,2623380.0,2300000.0,2623380.0,2300000.0,EUR,2026-06-01,2026-06-01,https://www.footballtransfers.com/en/search?q=Marawan+Attia,https://www.footballtransfers.com/en/search?q=Marawan+Attia,https://www.footballtransfers.com/en/search?q=Marawan+Attia,2026-06-30,2026-06-30,1.1406,2026-06-29,European Central Bank euro foreign exchange reference rates,True,False,False,MARAWAN ATTIA matched to indexed identity Marawan Attia. Manual user-supplied indexed value patched 2026-06-30; source URL is the source-site indexed lookup for the accepted identity.,FootballTransfers,https://www.footballtransfers.com/en/search?q=Marawan+Attia,manual indexed ETV,True,True
Egypt,RAMY RABIA,Defender,Al-Ain,,600000.0,684360.0,600000.0,684360.0,600000.0,EUR,2026-06-01,2026-06-01,https://www.footballtransfers.com/en/players/rami-rabia,https://www.footballtransfers.com/en/players/rami-rabia,https://www.footballtransfers.com/en/players/rami-rabia,2026-06-29T19:42:44,2026-06-29T19:42:44,1.1406,2026-06-29,European Central Bank euro foreign exchange reference rates,True,False,False,FootballTransfers ETV used as non-Transfermarkt player-value proxy. match_method=exact_name_country_match.,FootballTransfers,https://www.footballtransfers.com/en/players/rami-rabia,footballtransfers_etv_validated,True,False
Egypt,OMAR MARMOUSH,Forward,Man City,,61100000.0,69690660.0,61100000.0,69690660.0,61100000.0,EUR,2026-06-01,2026-06-01,https://www.footballtransfers.com/en/players/omar-khaled-mohamed-marmoush,https://www.footballtransfers.com/en/players/omar-khaled-mohamed-marmoush,https://www.footballtransfers.com/en/players/omar-khaled-mohamed-marmoush,2026-06-29T19:42:44,2026-06-29T19:42:44,1.1406,2026-06-29,European Central Bank euro foreign exchange reference rates,True,False,False,FootballTransfers ETV used as non-Transfermarkt player-value proxy. match_method=exact_name_country_match.,FootballTransfers,https://www.footballtransfers.com/en/players/omar-khaled-mohamed-marmoush,footballtransfers_etv_validated,True,False
England,Ezri KONSA,Defender,A. Villa,,44100000.0,50300460.0,44100000.0,50300460.0,44100000.0,EUR,2026-06-01,2026-06-01,https://www.footballtransfers.com/en/players/ezri-konsa-ngoyo,https://www.footballtransfers.com/en/players/ezri-konsa-ngoyo,https://www.footballtransfers.com/en/players/ezri-konsa-ngoyo,2026-06-29T19:42:44,2026-06-29T19:42:44,1.1406,2026-06-29,European Central Bank euro foreign exchange reference rates,True,False,False,FootballTransfers ETV used as non-Transfermarkt player-value proxy. match_method=exact_name_country_match.,FootballTransfers,https://www.footballtransfers.com/en/players/ezri-konsa-ngoyo,footballtransfers_etv_validated,True,False
England,Jordan PICKFORD,Goalkeeper,Everton,,19800000.0,22583880.0,19800000.0,22583880.0,19800000.0,EUR,2026-06-01,2026-06-01,https://www.footballtransfers.com/en/players/jordan-pickford,https://www.footballtransfers.com/en/players/jordan-pickford,https://www.footballtransfers.com/en/players/jordan-pickford,2026-06-29T19:42:44,2026-06-29T19:42:44,1.1406,2026-06-29,European Central Bank euro foreign exchange reference rates,True,False,False,FootballTransfers ETV used as non-Transfermarkt player-value proxy. match_method=exact_name_country_match.,FootballTransfers,https://www.footballtransfers.com/en/players/jordan-pickford,footballtransfers_etv_validated,True,False
England,Harry KANE,Forward,Bayern,,106700000.0,121702020.0,106700000.0,121702020.0,106700000.0,EUR,2026-06-01,2026-06-01,https://www.footballtransfers.com/en/players/harry-kane,https://www.footballtransfers.com/en/players/harry-kane,https://www.footballtransfers.com/en/players/harry-kane,2026-06-29T19:42:44,2026-06-29T19:42:44,1.1406,2026-06-29,European Central Bank euro foreign exchange reference rates,True,False,False,FootballTransfers ETV used as non-Transfermarkt player-value proxy. match_method=exact_name_country_match.,FootballTransfers,https://www.footballtransfers.com/en/players/harry-kane,footballtransfers_etv_validated,True,False
England,Elliot ANDERSON,Midfielder,N. Forest,,63400000.0,72314040.0,63400000.0,72314040.0,63400000.0,EUR,2026-06-01,2026-06-01,https://www.footballtransfers.com/en/players/elliott-anderson,https://www.footballtransfers.com/en/players/elliott-anderson,https://www.footballtransfers.com/en/players/elliott-anderson,2026-06-29T19:42:44,2026-06-29T19:42:44,1.1406,2026-06-29,European Central Bank euro foreign exchange reference rates,True,False,False,FootballTransfers ETV used as non-Transfermarkt player-value proxy. match_method=exact_name_country_match.,FootballTransfers,https://www.footballtransfers.com/en/players/elliott-anderson,footballtransfers_etv_validated,True,False
England,Nico OREILLY,Defender,Man City,,57500000.0,65584500.0,57500000.0,65584500.0,57500000.0,EUR,2026-06-01,2026-06-01,https://www.footballtransfers.com/en/players/nico-oreilly,https://www.footballtransfers.com/en/players/nico-oreilly,https://www.footballtransfers.com/en/players/nico-oreilly,2026-06-29T19:42:44,2026-06-29T19:42:44,1.1406,2026-06-29,European Central Bank euro foreign exchange reference rates,True,False,False,FootballTransfers ETV used as non-Transfermarkt player-value proxy. match_method=normalized_name_country_match. Single same-country normalized title/slug match.,FootballTransfers,https://www.footballtransfers.com/en/players/nico-oreilly,footballtransfers_etv_validated,True,False
England,Jude BELLINGHAM,Midfielder,Real Madrid,,120500000.0,137442300.0,120500000.0,137442300.0,120500000.0,EUR,2026-06-01,2026-06-01,https://www.footballtransfers.com/en/players/jude-bellingham,https://www.footballtransfers.com/en/players/jude-bellingham,https://www.footballtransfers.com/en/players/jude-bellingham,2026-06-29T19:42:44,2026-06-29T19:42:44,1.1406,2026-06-29,European Central Bank euro foreign exchange reference rates,True,False,False,FootballTransfers ETV used as non-Transfermarkt player-value proxy. match_method=exact_name_country_match.,FootballTransfers,https://www.footballtransfers.com/en/players/jude-bellingham,footballtransfers_etv_validated,True,False
England,Marc GUEHI,Defender,Man City,,70100000.0,79956060.0,70100000.0,79956060.0,70100000.0,EUR,2026-06-01,2026-06-01,https://www.footballtransfers.com/en/players/marc-guehi,https://www.footballtransfers.com/en/players/marc-guehi,https://www.footballtransfers.com/en/players/marc-guehi,2026-06-29T19:42:44,2026-06-29T19:42:44,1.1406,2026-06-29,European Central Bank euro foreign exchange reference rates,True,False,False,FootballTransfers ETV used as non-Transfermarkt player-value proxy. match_method=exact_name_country_match.,FootballTransfers,https://www.footballtransfers.com/en/players/marc-guehi,footballtransfers_etv_validated,True,False
England,Reece JAMES,Defender,Chelsea,,54900000.0,62618940.0,54900000.0,62618940.0,54900000.0,EUR,2026-06-01,2026-06-01,https://www.footballtransfers.com/en/players/reece-james-1,https://www.footballtransfers.com/en/players/reece-james-1,https://www.footballtransfers.com/en/players/reece-james-1,2026-06-29T19:42:44,2026-06-29T19:42:44,1.1406,2026-06-29,European Central Bank euro foreign exchange reference rates,True,False,False,FootballTransfers ETV used as non-Transfermarkt player-value proxy. match_method=exact_name_country_match.,FootballTransfers,https://www.footballtransfers.com/en/players/reece-james-1,footballtransfers_etv_validated,True,False
England,Noni MADUEKE,Forward,Arsenal,,68200000.0,77788920.0,68200000.0,77788920.0,68200000.0,EUR,2026-06-01,2026-06-01,https://www.footballtransfers.com/en/players/chukwunonso-tristan-madueke,https://www.footballtransfers.com/en/players/chukwunonso-tristan-madueke,https://www.footballtransfers.com/en/players/chukwunonso-tristan-madueke,2026-06-29T19:42:44,2026-06-29T19:42:44,1.1406,2026-06-29,European Central Bank euro foreign exchange reference rates,True,False,False,FootballTransfers ETV used as non-Transfermarkt player-value proxy. match_method=exact_name_country_match.,FootballTransfers,https://www.footballtransfers.com/en/players/chukwunonso-tristan-madueke,footballtransfers_etv_validated,True,False
England,Declan RICE,Midfielder,Arsenal,,112900000.0,128773740.0,112900000.0,128773740.0,112900000.0,EUR,2026-06-01,2026-06-01,https://www.footballtransfers.com/en/players/declan-rice,https://www.footballtransfers.com/en/players/declan-rice,https://www.footballtransfers.com/en/players/declan-rice,2026-06-29T19:42:44,2026-06-29T19:42:44,1.1406,2026-06-29,European Central Bank euro foreign exchange reference rates,True,False,False,FootballTransfers ETV used as non-Transfermarkt player-value proxy. match_method=exact_name_country_match.,FootballTransfers,https://www.footballtransfers.com/en/players/declan-rice,footballtransfers_etv_validated,True,False
England,Morgan ROGERS,Midfielder,A. Villa,,72400000.0,82579440.0,72400000.0,82579440.0,72400000.0,EUR,2026-06-01,2026-06-01,https://www.footballtransfers.com/en/players/morgan-rogers,https://www.footballtransfers.com/en/players/morgan-rogers,https://www.footballtransfers.com/en/players/morgan-rogers,2026-06-29T19:42:44,2026-06-29T19:42:44,1.1406,2026-06-29,European Central Bank euro foreign exchange reference rates,True,False,False,FootballTransfers ETV used as non-Transfermarkt player-value proxy. match_method=exact_name_country_match.,FootballTransfers,https://www.footballtransfers.com/en/players/morgan-rogers,footballtransfers_etv_validated,True,False
France,Mike MAIGNAN,Goalkeeper,Milan,,22200000.0,25321320.0,22200000.0,25321320.0,22200000.0,EUR,2026-06-01,2026-06-01,https://www.footballtransfers.com/en/players/mike-maignan,https://www.footballtransfers.com/en/players/mike-maignan,https://www.footballtransfers.com/en/players/mike-maignan,2026-06-29T19:42:44,2026-06-29T19:42:44,1.1406,2026-06-29,European Central Bank euro foreign exchange reference rates,True,False,False,FootballTransfers ETV used as non-Transfermarkt player-value proxy. match_method=exact_name_country_match.,FootballTransfers,https://www.footballtransfers.com/en/players/mike-maignan,footballtransfers_etv_validated,True,False
France,Kylian MBAPPE,Forward,Real Madrid,,112900000.0,128773740.0,112900000.0,128773740.0,112900000.0,EUR,2026-06-01,2026-06-01,https://www.footballtransfers.com/en/players/kylian-mbappe,https://www.footballtransfers.com/en/players/kylian-mbappe,https://www.footballtransfers.com/en/players/kylian-mbappe,2026-06-29T19:42:44,2026-06-29T19:42:44,1.1406,2026-06-29,European Central Bank euro foreign exchange reference rates,True,False,False,FootballTransfers ETV used as non-Transfermarkt player-value proxy. match_method=exact_name_country_match.,FootballTransfers,https://www.footballtransfers.com/en/players/kylian-mbappe,footballtransfers_etv_validated,True,False
France,Dayot UPAMECANO,Defender,Bayern,,38900000.0,44369340.0,38900000.0,44369340.0,38900000.0,EUR,2026-06-01,2026-06-01,https://www.footballtransfers.com/en/players/dayotchanculle-upamecano,https://www.footballtransfers.com/en/players/dayotchanculle-upamecano,https://www.footballtransfers.com/en/players/dayotchanculle-upamecano,2026-06-29T19:42:44,2026-06-29T19:42:44,1.1406,2026-06-29,European Central Bank euro foreign exchange reference rates,True,False,False,FootballTransfers ETV used as non-Transfermarkt player-value proxy. match_method=exact_name_country_match.,FootballTransfers,https://www.footballtransfers.com/en/players/dayotchanculle-upamecano,footballtransfers_etv_validated,True,False
France,Jules KOUNDE,Defender,Barcelona,,63900000.0,72884340.0,63900000.0,72884340.0,63900000.0,EUR,2026-06-01,2026-06-01,https://www.footballtransfers.com/en/players/jules-kounde,https://www.footballtransfers.com/en/players/jules-kounde,https://www.footballtransfers.com/en/players/jules-kounde,2026-06-29T19:42:44,2026-06-29T19:42:44,1.1406,2026-06-29,European Central Bank euro foreign exchange reference rates,True,False,False,FootballTransfers ETV used as non-Transfermarkt player-value proxy. match_method=exact_name_country_match.,FootballTransfers,https://www.footballtransfers.com/en/players/jules-kounde,footballtransfers_etv_validated,True,False
France,Michael OLISE,Forward,Bayern,,170600000.0,194586360.0,170600000.0,194586360.0,170600000.0,EUR,2026-06-01,2026-06-01,https://www.footballtransfers.com/en/players/michael-olise,https://www.footballtransfers.com/en/players/michael-olise,https://www.footballtransfers.com/en/players/michael-olise,2026-06-29T19:42:44,2026-06-29T19:42:44,1.1406,2026-06-29,European Central Bank euro foreign exchange reference rates,True,False,False,FootballTransfers ETV used as non-Transfermarkt player-value proxy. match_method=exact_name_country_match.,FootballTransfers,https://www.footballtransfers.com/en/players/michael-olise,footballtransfers_etv_validated,True,False
France,Ousmane DEMBELE,Forward,PSG,,95800000.0,109269480.0,95800000.0,109269480.0,95800000.0,EUR,2026-06-01,2026-06-01,https://www.footballtransfers.com/en/players/ousmane-dembele,https://www.footballtransfers.com/en/players/ousmane-dembele,https://www.footballtransfers.com/en/players/ousmane-dembele,2026-06-29T19:42:44,2026-06-29T19:42:44,1.1406,2026-06-29,European Central Bank euro foreign exchange reference rates,True,False,False,FootballTransfers ETV used as non-Transfermarkt player-value proxy. match_method=exact_name_country_match.,FootballTransfers,https://www.footballtransfers.com/en/players/ousmane-dembele,footballtransfers_etv_validated,True,False
France,Desire DOUE,Forward,PSG,,99700000.0,113717820.0,99700000.0,113717820.0,99700000.0,EUR,2026-06-01,2026-06-01,https://www.footballtransfers.com/en/players/desire-doue,https://www.footballtransfers.com/en/players/desire-doue,https://www.footballtransfers.com/en/players/desire-doue,2026-06-29T19:42:44,2026-06-29T19:42:44,1.1406,2026-06-29,European Central Bank euro foreign exchange reference rates,True,False,False,FootballTransfers ETV used as non-Transfermarkt player-value proxy. match_method=exact_name_country_match.,FootballTransfers,https://www.footballtransfers.com/en/players/desire-doue,footballtransfers_etv_validated,True,False
France,Aurelien TCHOUAMENI,Midfielder,Real Madrid,,70200000.0,80070120.0,70200000.0,80070120.0,70200000.0,EUR,2026-06-01,2026-06-01,https://www.footballtransfers.com/en/players/aurelien-tchouameni,https://www.footballtransfers.com/en/players/aurelien-tchouameni,https://www.footballtransfers.com/en/players/aurelien-tchouameni,2026-06-29T19:42:44,2026-06-29T19:42:44,1.1406,2026-06-29,European Central Bank euro foreign exchange reference rates,True,False,False,FootballTransfers ETV used as non-Transfermarkt player-value proxy. match_method=exact_name_country_match.,FootballTransfers,https://www.footballtransfers.com/en/players/aurelien-tchouameni,footballtransfers_etv_validated,True,False
France,Theo HERNANDEZ,Defender,Al-Hilal,,28400000.0,32393040.0,28400000.0,32393040.0,28400000.0,EUR,2026-06-01,2026-06-01,https://www.footballtransfers.com/en/players/theo-hernandez,https://www.footballtransfers.com/en/players/theo-hernandez,https://www.footballtransfers.com/en/players/theo-hernandez,2026-06-29T19:42:44,2026-06-29T19:42:44,1.1406,2026-06-29,European Central Bank euro foreign exchange reference rates,True,False,False,FootballTransfers ETV used as non-Transfermarkt player-value proxy. match_method=exact_name_country_match.,FootballTransfers,https://www.footballtransfers.com/en/players/theo-hernandez,footballtransfers_etv_validated,True,False
France,Adrien RABIOT,Midfielder,Milan,,19600000.0,22355760.0,19600000.0,22355760.0,19600000.0,EUR,2026-06-01,2026-06-01,https://www.footballtransfers.com/en/players/adrien-rabiot,https://www.footballtransfers.com/en/players/adrien-rabiot,https://www.footballtransfers.com/en/players/adrien-rabiot,2026-06-29T19:42:44,2026-06-29T19:42:44,1.1406,2026-06-29,European Central Bank euro foreign exchange reference rates,True,False,False,FootballTransfers ETV used as non-Transfermarkt player-value proxy. match_method=exact_name_country_match.,FootballTransfers,https://www.footballtransfers.com/en/players/adrien-rabiot,footballtransfers_etv_validated,True,False
France,William SALIBA,Defender,Arsenal,,97400000.0,111094440.0,97400000.0,111094440.0,97400000.0,EUR,2026-06-01,2026-06-01,https://www.footballtransfers.com/en/players/william-saliba,https://www.footballtransfers.com/en/players/william-saliba,https://www.footballtransfers.com/en/players/william-saliba,2026-06-29T19:42:44,2026-06-29T19:42:44,1.1406,2026-06-29,European Central Bank euro foreign exchange reference rates,True,False,False,FootballTransfers ETV used as non-Transfermarkt player-value proxy. match_method=exact_name_country_match.,FootballTransfers,https://www.footballtransfers.com/en/players/william-saliba,footballtransfers_etv_validated,True,False
Germany,Manuel NEUER,Goalkeeper,Bayern,,2600000.0,2965560.0,2600000.0,2965560.0,2600000.0,EUR,2026-06-01,2026-06-01,https://www.footballtransfers.com/en/players/manuel-neuer,https://www.footballtransfers.com/en/players/manuel-neuer,https://www.footballtransfers.com/en/players/manuel-neuer,2026-06-29T19:42:44,2026-06-29T19:42:44,1.1406,2026-06-29,European Central Bank euro foreign exchange reference rates,True,False,False,FootballTransfers ETV used as non-Transfermarkt player-value proxy. match_method=exact_name_country_match.,FootballTransfers,https://www.footballtransfers.com/en/players/manuel-neuer,footballtransfers_etv_validated,True,False
Germany,Jonathan TAH,Defender,Bayern,,31300000.0,35700780.0,31300000.0,35700780.0,31300000.0,EUR,2026-06-01,2026-06-01,https://www.footballtransfers.com/en/players/jonathan-tah,https://www.footballtransfers.com/en/players/jonathan-tah,https://www.footballtransfers.com/en/players/jonathan-tah,2026-06-29T19:42:44,2026-06-29T19:42:44,1.1406,2026-06-29,European Central Bank euro foreign exchange reference rates,True,False,False,FootballTransfers ETV used as non-Transfermarkt player-value proxy. match_method=exact_name_country_match.,FootballTransfers,https://www.footballtransfers.com/en/players/jonathan-tah,footballtransfers_etv_validated,True,False
Germany,Florian WIRTZ,Midfielder,Liverpool,,115800000.0,132081480.0,115800000.0,132081480.0,115800000.0,EUR,2026-06-01,2026-06-01,https://www.footballtransfers.com/en/players/florian-wirtz,https://www.footballtransfers.com/en/players/florian-wirtz,https://www.footballtransfers.com/en/players/florian-wirtz,2026-06-29T19:42:44,2026-06-29T19:42:44,1.1406,2026-06-29,European Central Bank euro foreign exchange reference rates,True,False,False,FootballTransfers ETV used as non-Transfermarkt player-value proxy. match_method=exact_name_country_match.,FootballTransfers,https://www.footballtransfers.com/en/players/florian-wirtz,footballtransfers_etv_validated,True,False
Germany,Leroy SANE,Midfielder,Galatasaray,,21800000.0,24865080.0,21800000.0,24865080.0,21800000.0,EUR,2026-06-01,2026-06-01,https://www.footballtransfers.com/en/players/leroy-sane,https://www.footballtransfers.com/en/players/leroy-sane,https://www.footballtransfers.com/en/players/leroy-sane,2026-06-29T19:42:44,2026-06-29T19:42:44,1.1406,2026-06-29,European Central Bank euro foreign exchange reference rates,True,False,False,FootballTransfers ETV used as non-Transfermarkt player-value proxy. match_method=exact_name_country_match.,FootballTransfers,https://www.footballtransfers.com/en/players/leroy-sane,footballtransfers_etv_validated,True,False
Germany,Aleksandar PAVLOVIC,Midfielder,Bayern,22.0,51700000.0,58969020.0,51700000.0,58969020.0,51700000.0,EUR,2026-06-01,2026-06-01,https://www.footballtransfers.com/en/players/aleksandar-pavlovic-3,https://www.footballtransfers.com/en/players/aleksandar-pavlovic-3,https://www.footballtransfers.com/en/players/aleksandar-pavlovic-3,2026-06-29T19:54:36,2026-06-29T19:54:36,1.1406,2026-06-29,European Central Bank euro foreign exchange reference rates,True,False,False,FootballTransfers ETV manually remediated; decision=manual_verified_existing_country_gap. Accepted after profile-title review; original search text lacked team/nationality alias.,FootballTransfers,https://www.footballtransfers.com/en/players/aleksandar-pavlovic-3,footballtransfers_etv_validated,True,False
Germany,Joshua KIMMICH,Defender,Bayern,,42900000.0,48931740.0,42900000.0,48931740.0,42900000.0,EUR,2026-06-01,2026-06-01,https://www.footballtransfers.com/en/players/joshua-kimmich,https://www.footballtransfers.com/en/players/joshua-kimmich,https://www.footballtransfers.com/en/players/joshua-kimmich,2026-06-29T19:42:44,2026-06-29T19:42:44,1.1406,2026-06-29,European Central Bank euro foreign exchange reference rates,True,False,False,FootballTransfers ETV used as non-Transfermarkt player-value proxy. match_method=exact_name_country_match.,FootballTransfers,https://www.footballtransfers.com/en/players/joshua-kimmich,footballtransfers_etv_validated,True,False
Germany,Kai HAVERTZ,Forward,Arsenal,,60700000.0,69234420.0,60700000.0,69234420.0,60700000.0,EUR,2026-06-01,2026-06-01,https://www.footballtransfers.com/en/players/kai-havertz,https://www.footballtransfers.com/en/players/kai-havertz,https://www.footballtransfers.com/en/players/kai-havertz,2026-06-29T19:42:44,2026-06-29T19:42:44,1.1406,2026-06-29,European Central Bank euro foreign exchange reference rates,True,False,False,FootballTransfers ETV used as non-Transfermarkt player-value proxy. match_method=exact_name_country_match.,FootballTransfers,https://www.footballtransfers.com/en/players/kai-havertz,footballtransfers_etv_validated,True,False
Germany,Felix NMECHA,Midfielder,Dortmund,,55900000.0,63759540.0,55900000.0,63759540.0,55900000.0,EUR,2026-06-01,2026-06-01,https://www.footballtransfers.com/en/players/felix-kalu-nmecha,https://www.footballtransfers.com/en/players/felix-kalu-nmecha,https://www.footballtransfers.com/en/players/felix-kalu-nmecha,2026-06-29T19:42:44,2026-06-29T19:42:44,1.1406,2026-06-29,European Central Bank euro foreign exchange reference rates,True,False,False,FootballTransfers ETV used as non-Transfermarkt player-value proxy. match_method=exact_name_country_match.,FootballTransfers,https://www.footballtransfers.com/en/players/felix-kalu-nmecha,footballtransfers_etv_validated,True,False
Germany,Jamal MUSIALA,Midfielder,Bayern,,115000000.0,131169000.0,115000000.0,131169000.0,115000000.0,EUR,2026-06-01,2026-06-01,https://www.footballtransfers.com/en/players/jamal-musiala,https://www.footballtransfers.com/en/players/jamal-musiala,https://www.footballtransfers.com/en/players/jamal-musiala,2026-06-29T19:42:44,2026-06-29T19:42:44,1.1406,2026-06-29,European Central Bank euro foreign exchange reference rates,True,False,False,FootballTransfers ETV used as non-Transfermarkt player-value proxy. match_method=exact_name_country_match.,FootballTransfers,https://www.footballtransfers.com/en/players/jamal-musiala,footballtransfers_etv_validated,True,False
Germany,Nico SCHLOTTERBECK,Defender,Dortmund,,43400000.0,49502040.0,43400000.0,49502040.0,43400000.0,EUR,2026-06-01,2026-06-01,https://www.footballtransfers.com/en/players/nico-schlotterbeck,https://www.footballtransfers.com/en/players/nico-schlotterbeck,https://www.footballtransfers.com/en/players/nico-schlotterbeck,2026-06-29T19:42:44,2026-06-29T19:42:44,1.1406,2026-06-29,European Central Bank euro foreign exchange reference rates,True,False,False,FootballTransfers ETV used as non-Transfermarkt player-value proxy. match_method=exact_name_country_match.,FootballTransfers,https://www.footballtransfers.com/en/players/nico-schlotterbeck,footballtransfers_etv_validated,True,False
Germany,Nathaniel BROWN,Defender,E. Frankfurt,,46200000.0,52695720.0,46200000.0,52695720.0,46200000.0,EUR,2026-06-01,2026-06-01,https://www.footballtransfers.com/en/players/nathaniel-brown-2,https://www.footballtransfers.com/en/players/nathaniel-brown-2,https://www.footballtransfers.com/en/players/nathaniel-brown-2,2026-06-29T19:42:44,2026-06-29T19:42:44,1.1406,2026-06-29,European Central Bank euro foreign exchange reference rates,True,False,False,FootballTransfers ETV used as non-Transfermarkt player-value proxy. match_method=exact_name_country_match.,FootballTransfers,https://www.footballtransfers.com/en/players/nathaniel-brown-2,footballtransfers_etv_validated,True,False
Ghana,Antoine SEMENYO,Midfielder,Man City,,71100000.0,81096660.0,71100000.0,81096660.0,71100000.0,EUR,2026-06-01,2026-06-01,https://www.footballtransfers.com/en/players/antoine-semenyo,https://www.footballtransfers.com/en/players/antoine-semenyo,https://www.footballtransfers.com/en/players/antoine-semenyo,2026-06-29T19:42:44,2026-06-29T19:42:44,1.1406,2026-06-29,European Central Bank euro foreign exchange reference rates,True,False,False,FootballTransfers ETV used as non-Transfermarkt player-value proxy. match_method=exact_name_country_match.,FootballTransfers,https://www.footballtransfers.com/en/players/antoine-semenyo,footballtransfers_etv_validated,True,False
Ghana,Gideon MENSAH,Defender,Auxerre,,2300000.0,2623380.0,2300000.0,2623380.0,2300000.0,EUR,2026-06-01,2026-06-01,https://www.footballtransfers.com/en/players/gideon-mensah,https://www.footballtransfers.com/en/players/gideon-mensah,https://www.footballtransfers.com/en/players/gideon-mensah,2026-06-29T19:42:44,2026-06-29T19:42:44,1.1406,2026-06-29,European Central Bank euro foreign exchange reference rates,True,False,False,FootballTransfers ETV used as non-Transfermarkt player-value proxy. match_method=exact_name_country_match.,FootballTransfers,https://www.footballtransfers.com/en/players/gideon-mensah,footballtransfers_etv_validated,True,False
Ghana,Jonas ADJETEY,Defender,Wolfsburg,,9300000.0,10607580.0,9300000.0,10607580.0,9300000.0,EUR,2026-06-01,2026-06-01,https://www.footballtransfers.com/en/players/jonas-adjetey,https://www.footballtransfers.com/en/players/jonas-adjetey,https://www.footballtransfers.com/en/players/jonas-adjetey,2026-06-29T19:42:44,2026-06-29T19:42:44,1.1406,2026-06-29,European Central Bank euro foreign exchange reference rates,True,False,False,FootballTransfers ETV used as non-Transfermarkt player-value proxy. match_method=exact_name_country_match.,FootballTransfers,https://www.footballtransfers.com/en/players/jonas-adjetey,footballtransfers_etv_validated,True,False
Ghana,Marvin SENAYA,Defender,Auxerre,25.0,2600000.0,2965560.0,2600000.0,2965560.0,2600000.0,EUR,2026-06-01,2026-06-01,https://www.footballtransfers.com/en/players/marvin-senaya,https://www.footballtransfers.com/en/players/marvin-senaya,https://www.footballtransfers.com/en/players/marvin-senaya,2026-06-29T19:54:36,2026-06-29T19:54:36,1.1406,2026-06-29,European Central Bank euro foreign exchange reference rates,True,False,False,FootballTransfers ETV manually remediated; decision=manual_verified_existing_country_gap. Accepted after profile-title review; original search text lacked team/nationality alias.,FootballTransfers,https://www.footballtransfers.com/en/players/marvin-senaya,footballtransfers_etv_validated,True,False
Ghana,Jordan AYEW,Forward,Leicester,,1200000.0,1368720.0,1200000.0,1368720.0,1200000.0,EUR,2026-06-01,2026-06-01,https://www.footballtransfers.com/en/players/jordan-ayew,https://www.footballtransfers.com/en/players/jordan-ayew,https://www.footballtransfers.com/en/players/jordan-ayew,2026-06-29T19:42:44,2026-06-29T19:42:44,1.1406,2026-06-29,European Central Bank euro foreign exchange reference rates,True,False,False,FootballTransfers ETV used as non-Transfermarkt player-value proxy. match_method=exact_name_country_match.,FootballTransfers,https://www.footballtransfers.com/en/players/jordan-ayew,footballtransfers_etv_validated,True,False
Ghana,Caleb YIRENKYI,Midfielder,,,,,5942145.0,6777610.587,5942145.0,EUR,2026-06-01,2026-06-01,https://www.fotmob.com/players/1615927/caleb-yirenkyi,https://www.fotmob.com/players/1615927/caleb-yirenkyi,https://www.fotmob.com/players/1615927/caleb-yirenkyi,2026-06-29T19:42:44,2026-06-29T19:42:44,1.1406,2026-06-29,European Central Bank euro foreign exchange reference rates,True,False,False,Fallback value from FotMob embedded __NEXT_DATA__ marketValues.values; latest SciSports EUR value dated on or before 2026-06-11.,FotMob / SciSports,https://www.fotmob.com/players/1615927/caleb-yirenkyi,fotmob_scisports_market_value_latest_pre_cutoff,True,True
Ghana,Benjamin ASARE,Goalkeeper,,,,,100000.0,114060.0,100000.0,EUR,2026-06-05,2026-06-05,https://www.transfermarkt.com/schnellsuche/ergebnis/schnellsuche?query=Benjamin+Asare,https://www.transfermarkt.com/schnellsuche/ergebnis/schnellsuche?query=Benjamin+Asare,https://www.transfermarkt.com/schnellsuche/ergebnis/schnellsuche?query=Benjamin+Asare,2026-06-30,2026-06-30,1.1406,2026-06-29,European Central Bank euro foreign exchange reference rates,True,False,False,Benjamin ASARE matched to indexed identity Benjamin Asare. Manual user-supplied indexed value patched 2026-06-30; source URL is the source-site indexed lookup for the accepted identity.,Transfermarkt,https://www.transfermarkt.com/schnellsuche/ergebnis/schnellsuche?query=Benjamin+Asare,manual indexed market value,True,True
Ghana,Kwasi SIBO,Midfielder,Real Oviedo,,1100000.0,1254660.0,1100000.0,1254660.0,1100000.0,EUR,2026-06-01,2026-06-01,https://www.footballtransfers.com/en/players/kwasi-sibo,https://www.footballtransfers.com/en/players/kwasi-sibo,https://www.footballtransfers.com/en/players/kwasi-sibo,2026-06-29T19:42:44,2026-06-29T19:42:44,1.1406,2026-06-29,European Central Bank euro foreign exchange reference rates,True,False,False,FootballTransfers ETV used as non-Transfermarkt player-value proxy. match_method=exact_name_country_match.,FootballTransfers,https://www.footballtransfers.com/en/players/kwasi-sibo,footballtransfers_etv_validated,True,False
Ghana,Jerome OPOKU,Defender,Istanbul Basaksehir FK,,3900000.0,4448340.0,3900000.0,4448340.0,3900000.0,EUR,2026-06-01,2026-06-01,https://www.footballtransfers.com/en/players/jerome-opoku,https://www.footballtransfers.com/en/players/jerome-opoku,https://www.footballtransfers.com/en/players/jerome-opoku,2026-06-29T19:42:44,2026-06-29T19:42:44,1.1406,2026-06-29,European Central Bank euro foreign exchange reference rates,True,False,False,FootballTransfers ETV used as non-Transfermarkt player-value proxy. match_method=exact_name_country_match.,FootballTransfers,https://www.footballtransfers.com/en/players/jerome-opoku,footballtransfers_etv_validated,True,False
Ghana,Thomas PARTEY,Midfielder,Villarreal,,2600000.0,2965560.0,2600000.0,2965560.0,2600000.0,EUR,2026-06-01,2026-06-01,https://www.footballtransfers.com/en/players/thomas-partey,https://www.footballtransfers.com/en/players/thomas-partey,https://www.footballtransfers.com/en/players/thomas-partey,2026-06-29T19:42:44,2026-06-29T19:42:44,1.1406,2026-06-29,European Central Bank euro foreign exchange reference rates,True,False,False,FootballTransfers ETV used as non-Transfermarkt player-value proxy. match_method=exact_name_country_match.,FootballTransfers,https://www.footballtransfers.com/en/players/thomas-partey,footballtransfers_etv_validated,True,False
Ghana,Elisha OWUSU,Midfielder,Auxerre,,2600000.0,2965560.0,2600000.0,2965560.0,2600000.0,EUR,2026-06-01,2026-06-01,https://www.footballtransfers.com/en/players/elisha-owusu,https://www.footballtransfers.com/en/players/elisha-owusu,https://www.footballtransfers.com/en/players/elisha-owusu,2026-06-29T19:42:44,2026-06-29T19:42:44,1.1406,2026-06-29,European Central Bank euro foreign exchange reference rates,True,False,False,FootballTransfers ETV used as non-Transfermarkt player-value proxy. match_method=exact_name_country_match.,FootballTransfers,https://www.footballtransfers.com/en/players/elisha-owusu,footballtransfers_etv_validated,True,False
Haiti,Hannes DELCROIX,Defender,Lugano,,1100000.0,1254660.0,1100000.0,1254660.0,1100000.0,EUR,2026-06-01,2026-06-01,https://www.footballtransfers.com/en/players/hannes-delcroix,https://www.footballtransfers.com/en/players/hannes-delcroix,https://www.footballtransfers.com/en/players/hannes-delcroix,2026-06-29T19:42:44,2026-06-29T19:42:44,1.1406,2026-06-29,European Central Bank euro foreign exchange reference rates,True,False,False,FootballTransfers ETV used as non-Transfermarkt player-value proxy. match_method=exact_name_country_match.,FootballTransfers,https://www.footballtransfers.com/en/players/hannes-delcroix,footballtransfers_etv_validated,True,False
Haiti,Johny Placide,Goalkeeper,,,,,197911.0,225737.2866,197911.0,EUR,2026-06-01,2026-06-01,https://www.fotmob.com/players/103468/johny-placide,https://www.fotmob.com/players/103468/johny-placide,https://www.fotmob.com/players/103468/johny-placide,2026-06-29T19:42:44,2026-06-29T19:42:44,1.1406,2026-06-29,European Central Bank euro foreign exchange reference rates,True,False,False,Fallback value from FotMob embedded __NEXT_DATA__ marketValues.values; latest SciSports EUR value dated on or before 2026-06-11.,FotMob / SciSports,https://www.fotmob.com/players/103468/johny-placide,fotmob_scisports_market_value_latest_pre_cutoff,True,True
Haiti,Martin EXPERIENCE,Defender,,,,,181297.0,206787.3582,181297.0,EUR,2026-06-01,2026-06-01,https://www.fotmob.com/players/1181438/martin-experience,https://www.fotmob.com/players/1181438/martin-experience,https://www.fotmob.com/players/1181438/martin-experience,2026-06-29T19:42:44,2026-06-29T19:42:44,1.1406,2026-06-29,European Central Bank euro foreign exchange reference rates,True,False,False,Fallback value from FotMob embedded __NEXT_DATA__ marketValues.values; latest SciSports EUR value dated on or before 2026-06-11.,FotMob / SciSports,https://www.fotmob.com/players/1181438/martin-experience,fotmob_scisports_market_value_latest_pre_cutoff,True,True
Haiti,Ricardo Ade,Defender,,,,,343192.0,391444.7952,343192.0,EUR,2026-06-01,2026-06-01,https://www.fotmob.com/players/532700/ricardo-ade,https://www.fotmob.com/players/532700/ricardo-ade,https://www.fotmob.com/players/532700/ricardo-ade,2026-06-29T19:42:44,2026-06-29T19:42:44,1.1406,2026-06-29,European Central Bank euro foreign exchange reference rates,True,False,False,Fallback value from FotMob embedded __NEXT_DATA__ marketValues.values; latest SciSports EUR value dated on or before 2026-06-11.,FotMob / SciSports,https://www.fotmob.com/players/532700/ricardo-ade,fotmob_scisports_market_value_latest_pre_cutoff,True,True
Haiti,Jean-Ricner Bellegarde,Midfielder,Wolves,28.0,17600000.0,20074560.0,17600000.0,20074560.0,17600000.0,EUR,2026-06-01,2026-06-01,https://www.footballtransfers.com/en/players/jeanricner-bellegarde,https://www.footballtransfers.com/en/players/jeanricner-bellegarde,https://www.footballtransfers.com/en/players/jeanricner-bellegarde,2026-06-29T19:54:36,2026-06-29T19:54:36,1.1406,2026-06-29,European Central Bank euro foreign exchange reference rates,True,False,False,FootballTransfers ETV manually remediated; decision=manual_verified_existing_country_gap. Accepted after profile-title review; original search text lacked team/nationality alias.,FootballTransfers,https://www.footballtransfers.com/en/players/jeanricner-bellegarde,footballtransfers_etv_validated,True,False
Haiti,Danley JEAN JACQUES,Midfielder,Philadelphia,,1900000.0,2167140.0,1900000.0,2167140.0,1900000.0,EUR,2026-06-01,2026-06-01,https://www.footballtransfers.com/en/players/jean-jacques-danley,https://www.footballtransfers.com/en/players/jean-jacques-danley,https://www.footballtransfers.com/en/players/jean-jacques-danley,2026-06-29T19:42:44,2026-06-29T19:42:44,1.1406,2026-06-29,European Central Bank euro foreign exchange reference rates,True,False,False,FootballTransfers ETV used as non-Transfermarkt player-value proxy. match_method=exact_name_country_match.,FootballTransfers,https://www.footballtransfers.com/en/players/jean-jacques-danley,footballtransfers_etv_validated,True,False
Haiti,Ruben PROVIDENCE,Forward,Almere City,24.0,300000.0,342180.0,300000.0,342180.0,300000.0,EUR,2026-06-01,2026-06-01,https://www.footballtransfers.com/en/players/ruben-providence,https://www.footballtransfers.com/en/players/ruben-providence,https://www.footballtransfers.com/en/players/ruben-providence,2026-06-29T19:54:36,2026-06-29T19:54:36,1.1406,2026-06-29,European Central Bank euro foreign exchange reference rates,True,False,False,FootballTransfers ETV manually remediated; decision=manual_verified_existing_country_gap. Accepted after profile-title review; original search text lacked team/nationality alias.,FootballTransfers,https://www.footballtransfers.com/en/players/ruben-providence,footballtransfers_etv_validated,True,False
Haiti,Carlens ARCUS,Defender,Angers,,1300000.0,1482780.0,1300000.0,1482780.0,1300000.0,EUR,2026-06-01,2026-06-01,https://www.footballtransfers.com/en/players/carlens-jean-fedlaire-ruby-arcus,https://www.footballtransfers.com/en/players/carlens-jean-fedlaire-ruby-arcus,https://www.footballtransfers.com/en/players/carlens-jean-fedlaire-ruby-arcus,2026-06-29T19:42:44,2026-06-29T19:42:44,1.1406,2026-06-29,European Central Bank euro foreign exchange reference rates,True,False,False,FootballTransfers ETV used as non-Transfermarkt player-value proxy. match_method=exact_name_country_match.,FootballTransfers,https://www.footballtransfers.com/en/players/carlens-jean-fedlaire-ruby-arcus,footballtransfers_etv_validated,True,False
Haiti,Frantzdy Pierrot,Forward,Rizespor,,1400000.0,1596840.0,1400000.0,1596840.0,1400000.0,EUR,2026-06-01,2026-06-01,https://www.footballtransfers.com/en/players/frantzdy-pierrot,https://www.footballtransfers.com/en/players/frantzdy-pierrot,https://www.footballtransfers.com/en/players/frantzdy-pierrot,2026-06-29T19:42:44,2026-06-29T19:42:44,1.1406,2026-06-29,European Central Bank euro foreign exchange reference rates,True,False,False,FootballTransfers ETV used as non-Transfermarkt player-value proxy. match_method=exact_name_country_match.,FootballTransfers,https://www.footballtransfers.com/en/players/frantzdy-pierrot,footballtransfers_etv_validated,True,False
Haiti,Josue CASIMIR,Forward,Auxerre,24.0,4400000.0,5018640.0,4400000.0,5018640.0,4400000.0,EUR,2026-06-01,2026-06-01,https://www.footballtransfers.com/en/players/josue-casimir,https://www.footballtransfers.com/en/players/josue-casimir,https://www.footballtransfers.com/en/players/josue-casimir,2026-06-29T19:54:36,2026-06-29T19:54:36,1.1406,2026-06-29,European Central Bank euro foreign exchange reference rates,True,False,False,FootballTransfers ETV manually remediated; decision=manual_verified_existing_country_gap. Accepted after profile-title review; original search text lacked team/nationality alias.,FootballTransfers,https://www.footballtransfers.com/en/players/josue-casimir,footballtransfers_etv_validated,True,False
Haiti,Jean-Kevin DUVERNE,Defender,Gent,,1500000.0,1710900.0,1500000.0,1710900.0,1500000.0,EUR,2026-06-01,2026-06-01,https://www.footballtransfers.com/en/players/jeankevin-duverne,https://www.footballtransfers.com/en/players/jeankevin-duverne,https://www.footballtransfers.com/en/players/jeankevin-duverne,2026-06-29T19:42:44,2026-06-29T19:42:44,1.1406,2026-06-29,European Central Bank euro foreign exchange reference rates,True,False,False,FootballTransfers ETV used as non-Transfermarkt player-value proxy. match_method=exact_name_country_match.,FootballTransfers,https://www.footballtransfers.com/en/players/jeankevin-duverne,footballtransfers_etv_validated,True,False
IR Iran,Ali NEMATI,Defender,,,,,162663.0,185533.4178,162663.0,EUR,2026-06-01,2026-06-01,https://www.fotmob.com/players/872575/ali-nemati,https://www.fotmob.com/players/872575/ali-nemati,https://www.fotmob.com/players/872575/ali-nemati,2026-06-29T19:42:44,2026-06-29T19:42:44,1.1406,2026-06-29,European Central Bank euro foreign exchange reference rates,True,False,False,Fallback value from FotMob embedded __NEXT_DATA__ marketValues.values; latest SciSports EUR value dated on or before 2026-06-11.,FotMob / SciSports,https://www.fotmob.com/players/872575/ali-nemati,fotmob_scisports_market_value_latest_pre_cutoff,True,True
IR Iran,Alireza BEIRANVAND,Goalkeeper,,,,,167812.0,191406.3672,167812.0,EUR,2026-06-01,2026-06-01,https://www.fotmob.com/players/505313/alireza-beiranvand,https://www.fotmob.com/players/505313/alireza-beiranvand,https://www.fotmob.com/players/505313/alireza-beiranvand,2026-06-29T19:42:44,2026-06-29T19:42:44,1.1406,2026-06-29,European Central Bank euro foreign exchange reference rates,True,False,False,Fallback value from FotMob embedded __NEXT_DATA__ marketValues.values; latest SciSports EUR value dated on or before 2026-06-11.,FotMob / SciSports,https://www.fotmob.com/players/505313/alireza-beiranvand,fotmob_scisports_market_value_latest_pre_cutoff,True,True
IR Iran,Ramin REZAEIAN,Defender,,,,,78208.0,89204.0448,78208.0,EUR,2026-06-01,2026-06-01,https://www.fotmob.com/players/505959/ramin-rezaeian,https://www.fotmob.com/players/505959/ramin-rezaeian,https://www.fotmob.com/players/505959/ramin-rezaeian,2026-06-29T19:42:44,2026-06-29T19:42:44,1.1406,2026-06-29,European Central Bank euro foreign exchange reference rates,True,False,False,Fallback value from FotMob embedded __NEXT_DATA__ marketValues.values; latest SciSports EUR value dated on or before 2026-06-11.,FotMob / SciSports,https://www.fotmob.com/players/505959/ramin-rezaeian,fotmob_scisports_market_value_latest_pre_cutoff,True,True
IR Iran,Shoja KHALILZADEH,Defender,,,,,68178.0,77763.8268,68178.0,EUR,2026-06-01,2026-06-01,https://www.fotmob.com/players/511397/shoja-khalilzadeh,https://www.fotmob.com/players/511397/shoja-khalilzadeh,https://www.fotmob.com/players/511397/shoja-khalilzadeh,2026-06-29T19:42:44,2026-06-29T19:42:44,1.1406,2026-06-29,European Central Bank euro foreign exchange reference rates,True,False,False,Fallback value from FotMob embedded __NEXT_DATA__ marketValues.values; latest SciSports EUR value dated on or before 2026-06-11.,FotMob / SciSports,https://www.fotmob.com/players/511397/shoja-khalilzadeh,fotmob_scisports_market_value_latest_pre_cutoff,True,True
IR Iran,Saeid EZATOLAHI,Midfielder,,,,,915421.0,1044129.1926,915421.0,EUR,2026-06-01,2026-06-01,https://www.fotmob.com/players/505281/saeid-ezatolahi,https://www.fotmob.com/players/505281/saeid-ezatolahi,https://www.fotmob.com/players/505281/saeid-ezatolahi,2026-06-29T19:42:44,2026-06-29T19:42:44,1.1406,2026-06-29,European Central Bank euro foreign exchange reference rates,True,False,False,Fallback value from FotMob embedded __NEXT_DATA__ marketValues.values; latest SciSports EUR value dated on or before 2026-06-11.,FotMob / SciSports,https://www.fotmob.com/players/505281/saeid-ezatolahi,fotmob_scisports_market_value_latest_pre_cutoff,True,True
IR Iran,Mehdi TAREMI,Forward,Olympiacos,,1700000.0,1939020.0,1700000.0,1939020.0,1700000.0,EUR,2026-06-01,2026-06-01,https://www.footballtransfers.com/en/players/mehdi-taremi,https://www.footballtransfers.com/en/players/mehdi-taremi,https://www.footballtransfers.com/en/players/mehdi-taremi,2026-06-29T19:42:44,2026-06-29T19:42:44,1.1406,2026-06-29,European Central Bank euro foreign exchange reference rates,True,False,False,FootballTransfers ETV used as non-Transfermarkt player-value proxy. match_method=exact_name_country_match.,FootballTransfers,https://www.footballtransfers.com/en/players/mehdi-taremi,footballtransfers_etv_validated,True,False
IR Iran,Mohammad MOHEBBI,Midfielder,,,1500000.0,1710900.0,1500000.0,1710900.0,1500000.0,EUR,,,https://www.footballtransfers.com/en/players/mohammad-mohebi,https://www.footballtransfers.com/en/players/mohammad-mohebi,https://www.footballtransfers.com/en/players/mohammad-mohebi,2026-06-30,2026-06-30,1.1406,2026-06-29,European Central Bank euro foreign exchange reference rates,,True,False,"Manual fallback from existing FootballTransfers search cache; exact identity accepted after alias/spelling check. Valuation date not visible, so date is unverified.",FootballTransfers,https://www.footballtransfers.com/en/players/mohammad-mohebi,manual_fallback_footballtransfers_search_cache_date_unverified,False,True
IR Iran,Milad MOHAMMADI,Defender,,,,,900000.0,1026540.0,900000.0,EUR,2026-05-21,2026-05-21,https://www.transfermarkt.com/schnellsuche/ergebnis/schnellsuche?query=Milad+Mohammadi,https://www.transfermarkt.com/schnellsuche/ergebnis/schnellsuche?query=Milad+Mohammadi,https://www.transfermarkt.com/schnellsuche/ergebnis/schnellsuche?query=Milad+Mohammadi,2026-06-30,2026-06-30,1.1406,2026-06-29,European Central Bank euro foreign exchange reference rates,True,False,False,Milad MOHAMMADI matched to indexed identity Milad Mohammadi. Manual user-supplied indexed value patched 2026-06-30; source URL is the source-site indexed lookup for the accepted identity.,Transfermarkt,https://www.transfermarkt.com/schnellsuche/ergebnis/schnellsuche?query=Milad+Mohammadi,manual indexed market value,True,True
IR Iran,Saman GHODDOS,Midfielder,Al Ittihad,,1000000.0,1140600.0,1000000.0,1140600.0,1000000.0,EUR,2026-06-01,2026-06-01,https://www.footballtransfers.com/en/players/saman-ghoddos,https://www.footballtransfers.com/en/players/saman-ghoddos,https://www.footballtransfers.com/en/players/saman-ghoddos,2026-06-29T19:42:44,2026-06-29T19:42:44,1.1406,2026-06-29,European Central Bank euro foreign exchange reference rates,True,False,False,FootballTransfers ETV used as non-Transfermarkt player-value proxy. match_method=exact_name_country_match.,FootballTransfers,https://www.footballtransfers.com/en/players/saman-ghoddos,footballtransfers_etv_validated,True,False
IR Iran,Hossein KANANI,Defender,,,,,996782.0,1136929.5492,996782.0,EUR,2026-06-01,2026-06-01,https://www.fotmob.com/players/500637/hossein-kanani,https://www.fotmob.com/players/500637/hossein-kanani,https://www.fotmob.com/players/500637/hossein-kanani,2026-06-29T19:42:44,2026-06-29T19:42:44,1.1406,2026-06-29,European Central Bank euro foreign exchange reference rates,True,False,False,Fallback value from FotMob embedded __NEXT_DATA__ marketValues.values; latest SciSports EUR value dated on or before 2026-06-11.,FotMob / SciSports,https://www.fotmob.com/players/500637/hossein-kanani,fotmob_scisports_market_value_latest_pre_cutoff,True,True
IR Iran,Shahriyar MOGHANLOO,Forward,,,,,549743.0,627036.8658,549743.0,EUR,2026-06-01,2026-06-01,https://www.fotmob.com/players/641121/shahriyar-moghanloo,https://www.fotmob.com/players/641121/shahriyar-moghanloo,https://www.fotmob.com/players/641121/shahriyar-moghanloo,2026-06-29T19:42:44,2026-06-29T19:42:44,1.1406,2026-06-29,European Central Bank euro foreign exchange reference rates,True,False,False,Fallback value from FotMob embedded __NEXT_DATA__ marketValues.values; latest SciSports EUR value dated on or before 2026-06-11.,FotMob / SciSports,https://www.fotmob.com/players/641121/shahriyar-moghanloo,fotmob_scisports_market_value_latest_pre_cutoff,True,True
Iraq,AKAM HASHIM,Defender,,,,,700000.0,798420.0,700000.0,EUR,,,https://www.transfermarkt.com/schnellsuche/ergebnis/schnellsuche?query=Akam+Hashem,https://www.transfermarkt.com/schnellsuche/ergebnis/schnellsuche?query=Akam+Hashem,https://www.transfermarkt.com/schnellsuche/ergebnis/schnellsuche?query=Akam+Hashem,2026-06-30,2026-06-30,1.1406,2026-06-29,European Central Bank euro foreign exchange reference rates,,True,False,AKAM HASHIM is indexed as Akam Hashem. Manual user-supplied indexed value patched 2026-06-30; source URL is the source-site indexed lookup for the accepted identity.,Transfermarkt,https://www.transfermarkt.com/schnellsuche/ergebnis/schnellsuche?query=Akam+Hashem,manual indexed market value,False,True
Iraq,MERCHAS DOSKI,Defender,V. Plzen,,900000.0,1026540.0,900000.0,1026540.0,900000.0,EUR,2026-06-01,2026-06-01,https://www.footballtransfers.com/en/players/merchas-doski,https://www.footballtransfers.com/en/players/merchas-doski,https://www.footballtransfers.com/en/players/merchas-doski,2026-06-29T19:42:44,2026-06-29T19:42:44,1.1406,2026-06-29,European Central Bank euro foreign exchange reference rates,True,False,False,FootballTransfers ETV used as non-Transfermarkt player-value proxy. match_method=exact_name_country_match.,FootballTransfers,https://www.footballtransfers.com/en/players/merchas-doski,footballtransfers_etv_validated,True,False
Iraq,AMIR ALAMMARI,Midfielder,Cracovia,,800000.0,912480.0,800000.0,912480.0,800000.0,EUR,2026-06-02,2026-06-02,https://www.footballtransfers.com/en/players/amir-alammari,https://www.footballtransfers.com/en/players/amir-alammari,https://www.footballtransfers.com/en/players/amir-alammari,2026-06-29T19:42:44,2026-06-29T19:42:44,1.1406,2026-06-29,European Central Bank euro foreign exchange reference rates,True,False,False,FootballTransfers ETV used as non-Transfermarkt player-value proxy. match_method=normalized_name_country_match. Single same-country normalized title/slug match.,FootballTransfers,https://www.footballtransfers.com/en/players/amir-alammari,footballtransfers_etv_validated,True,False
Iraq,IBRAHIM BAYESH,Midfielder,,,,,800000.0,912480.0,800000.0,EUR,2026-05-26,2026-05-26,https://www.transfermarkt.com/schnellsuche/ergebnis/schnellsuche?query=Ibrahim+Bayesh,https://www.transfermarkt.com/schnellsuche/ergebnis/schnellsuche?query=Ibrahim+Bayesh,https://www.transfermarkt.com/schnellsuche/ergebnis/schnellsuche?query=Ibrahim+Bayesh,2026-06-30,2026-06-30,1.1406,2026-06-29,European Central Bank euro foreign exchange reference rates,True,False,False,IBRAHIM BAYESH matched to indexed identity Ibrahim Bayesh. Manual user-supplied indexed value patched 2026-06-30; source URL is the source-site indexed lookup for the accepted identity.,Transfermarkt,https://www.transfermarkt.com/schnellsuche/ergebnis/schnellsuche?query=Ibrahim+Bayesh,manual indexed market value,True,True
Iraq,ZIDANE IQBAL,Midfielder,Jong FC Utrecht,,1600000.0,1824960.0,1600000.0,1824960.0,1600000.0,EUR,2026-06-01,2026-06-01,https://www.footballtransfers.com/en/players/zidane-iqbal,https://www.footballtransfers.com/en/players/zidane-iqbal,https://www.footballtransfers.com/en/players/zidane-iqbal,2026-06-29T19:42:44,2026-06-29T19:42:44,1.1406,2026-06-29,European Central Bank euro foreign exchange reference rates,True,False,False,FootballTransfers ETV used as non-Transfermarkt player-value proxy. match_method=exact_name_country_match.,FootballTransfers,https://www.footballtransfers.com/en/players/zidane-iqbal,footballtransfers_etv_validated,True,False
Iraq,ALI ALHAMADI,Forward,Luton,,1600000.0,1824960.0,1600000.0,1824960.0,1600000.0,EUR,2026-06-02,2026-06-02,https://www.footballtransfers.com/en/players/ali-alhamadi,https://www.footballtransfers.com/en/players/ali-alhamadi,https://www.footballtransfers.com/en/players/ali-alhamadi,2026-06-29T19:42:44,2026-06-29T19:42:44,1.1406,2026-06-29,European Central Bank euro foreign exchange reference rates,True,False,False,FootballTransfers ETV used as non-Transfermarkt player-value proxy. match_method=normalized_name_country_match. Single same-country normalized title/slug match.,FootballTransfers,https://www.footballtransfers.com/en/players/ali-alhamadi,footballtransfers_etv_validated,True,False
Iraq,AHMED BASIL,Goalkeeper,,,,,450000.0,513270.0,450000.0,EUR,,,https://www.transfermarkt.com/schnellsuche/ergebnis/schnellsuche?query=Ahmed+Basil+Fadhil,https://www.transfermarkt.com/schnellsuche/ergebnis/schnellsuche?query=Ahmed+Basil+Fadhil,https://www.transfermarkt.com/schnellsuche/ergebnis/schnellsuche?query=Ahmed+Basil+Fadhil,2026-06-30,2026-06-30,1.1406,2026-06-29,European Central Bank euro foreign exchange reference rates,,True,False,AHMED BASIL is indexed as Ahmed Basil Fadhil. Manual user-supplied indexed value patched 2026-06-30; source URL is the source-site indexed lookup for the accepted identity.,Transfermarkt,https://www.transfermarkt.com/schnellsuche/ergebnis/schnellsuche?query=Ahmed+Basil+Fadhil,manual indexed market value,False,True
Iraq,Hussein Ali,Defender,,,,,400000.0,456240.0,400000.0,EUR,2026-06-04,2026-06-04,https://www.transfermarkt.com/schnellsuche/ergebnis/schnellsuche?query=Hussein+Ali,https://www.transfermarkt.com/schnellsuche/ergebnis/schnellsuche?query=Hussein+Ali,https://www.transfermarkt.com/schnellsuche/ergebnis/schnellsuche?query=Hussein+Ali,2026-06-30,2026-06-30,1.1406,2026-06-29,European Central Bank euro foreign exchange reference rates,True,False,False,Hussein Ali matched to indexed identity Hussein Ali. Manual user-supplied indexed value patched 2026-06-30; source URL is the source-site indexed lookup for the accepted identity.,Transfermarkt,https://www.transfermarkt.com/schnellsuche/ergebnis/schnellsuche?query=Hussein+Ali,manual indexed market value,True,True
Iraq,ZAID TAHSEEN,Defender,,,,,197397.0,225151.0182,197397.0,EUR,2026-06-01,2026-06-01,https://www.fotmob.com/players/1420369/zaid-tahseen,https://www.fotmob.com/players/1420369/zaid-tahseen,https://www.fotmob.com/players/1420369/zaid-tahseen,2026-06-29T19:42:44,2026-06-29T19:42:44,1.1406,2026-06-29,European Central Bank euro foreign exchange reference rates,True,False,False,Fallback value from FotMob embedded __NEXT_DATA__ marketValues.values; latest SciSports EUR value dated on or before 2026-06-11.,FotMob / SciSports,https://www.fotmob.com/players/1420369/zaid-tahseen,fotmob_scisports_market_value_latest_pre_cutoff,True,True
Iraq,AHMED QASEM,Forward,Nashville,22.0,3500000.0,3992100.0,3500000.0,3992100.0,3500000.0,EUR,2026-06-01,2026-06-01,https://www.footballtransfers.com/en/players/ahmed-qasem,https://www.footballtransfers.com/en/players/ahmed-qasem,https://www.footballtransfers.com/en/players/ahmed-qasem,2026-06-29T19:54:36,2026-06-29T19:54:36,1.1406,2026-06-29,European Central Bank euro foreign exchange reference rates,True,False,False,FootballTransfers ETV manually remediated; decision=manual_verified_existing_country_gap. Accepted after profile-title review; original search text lacked team/nationality alias.,FootballTransfers,https://www.footballtransfers.com/en/players/ahmed-qasem,footballtransfers_etv_validated,True,False
Iraq,ALI JASIM,Forward,Al-Najma SC,,600000.0,684360.0,600000.0,684360.0,600000.0,EUR,2026-06-01,2026-06-01,https://www.footballtransfers.com/en/players/ali-jasim-1,https://www.footballtransfers.com/en/players/ali-jasim-1,https://www.footballtransfers.com/en/players/ali-jasim-1,2026-06-29T19:42:44,2026-06-29T19:42:44,1.1406,2026-06-29,European Central Bank euro foreign exchange reference rates,True,False,False,FootballTransfers ETV used as non-Transfermarkt player-value proxy. match_method=exact_name_country_match.,FootballTransfers,https://www.footballtransfers.com/en/players/ali-jasim-1,footballtransfers_etv_validated,True,False
Japan,Hiroki ITO,Defender,Bayern,,19400000.0,22127640.0,19400000.0,22127640.0,19400000.0,EUR,2026-06-01,2026-06-01,https://www.footballtransfers.com/en/players/hiroki-ito,https://www.footballtransfers.com/en/players/hiroki-ito,https://www.footballtransfers.com/en/players/hiroki-ito,2026-06-29T19:42:44,2026-06-29T19:42:44,1.1406,2026-06-29,European Central Bank euro foreign exchange reference rates,True,False,False,FootballTransfers ETV used as non-Transfermarkt player-value proxy. match_method=exact_name_country_match.,FootballTransfers,https://www.footballtransfers.com/en/players/hiroki-ito,footballtransfers_etv_validated,True,False
Japan,Zion Suzuki,Goalkeeper,Parma,,24100000.0,27488460.0,24100000.0,27488460.0,24100000.0,EUR,2026-06-01,2026-06-01,https://www.footballtransfers.com/en/players/zion-suzuki,https://www.footballtransfers.com/en/players/zion-suzuki,https://www.footballtransfers.com/en/players/zion-suzuki,2026-06-29T19:42:44,2026-06-29T19:42:44,1.1406,2026-06-29,European Central Bank euro foreign exchange reference rates,True,False,False,FootballTransfers ETV used as non-Transfermarkt player-value proxy. match_method=exact_name_country_match.,FootballTransfers,https://www.footballtransfers.com/en/players/zion-suzuki,footballtransfers_etv_validated,True,False
Japan,Daichi KAMADA,Midfielder,C. Palace,,10200000.0,11634120.0,10200000.0,11634120.0,10200000.0,EUR,2026-06-01,2026-06-01,https://www.footballtransfers.com/en/players/daichi-kamada,https://www.footballtransfers.com/en/players/daichi-kamada,https://www.footballtransfers.com/en/players/daichi-kamada,2026-06-29T19:42:44,2026-06-29T19:42:44,1.1406,2026-06-29,European Central Bank euro foreign exchange reference rates,True,False,False,FootballTransfers ETV used as non-Transfermarkt player-value proxy. match_method=exact_name_country_match.,FootballTransfers,https://www.footballtransfers.com/en/players/daichi-kamada,footballtransfers_etv_validated,True,False
Japan,Keito Nakamura,Midfielder,Reims,,9900000.0,11291940.0,9900000.0,11291940.0,9900000.0,EUR,2026-06-01,2026-06-01,https://www.footballtransfers.com/en/players/keito-nakamura,https://www.footballtransfers.com/en/players/keito-nakamura,https://www.footballtransfers.com/en/players/keito-nakamura,2026-06-29T19:42:44,2026-06-29T19:42:44,1.1406,2026-06-29,European Central Bank euro foreign exchange reference rates,True,False,False,FootballTransfers ETV used as non-Transfermarkt player-value proxy. match_method=exact_name_country_match.,FootballTransfers,https://www.footballtransfers.com/en/players/keito-nakamura,footballtransfers_etv_validated,True,False
Japan,Ayase UEDA,Forward,Feyenoord,,17300000.0,19732380.0,17300000.0,19732380.0,17300000.0,EUR,2026-06-01,2026-06-01,https://www.footballtransfers.com/en/players/ueda-ayase,https://www.footballtransfers.com/en/players/ueda-ayase,https://www.footballtransfers.com/en/players/ueda-ayase,2026-06-29T19:42:44,2026-06-29T19:42:44,1.1406,2026-06-29,European Central Bank euro foreign exchange reference rates,True,False,False,FootballTransfers ETV used as non-Transfermarkt player-value proxy. match_method=exact_name_country_match.,FootballTransfers,https://www.footballtransfers.com/en/players/ueda-ayase,footballtransfers_etv_validated,True,False
Japan,Ritsu DOAN,Midfielder,E. Frankfurt,,21700000.0,24751020.0,21700000.0,24751020.0,21700000.0,EUR,2026-06-01,2026-06-01,https://www.footballtransfers.com/en/players/ritsu-doan,https://www.footballtransfers.com/en/players/ritsu-doan,https://www.footballtransfers.com/en/players/ritsu-doan,2026-06-29T19:42:44,2026-06-29T19:42:44,1.1406,2026-06-29,European Central Bank euro foreign exchange reference rates,True,False,False,FootballTransfers ETV used as non-Transfermarkt player-value proxy. match_method=exact_name_country_match.,FootballTransfers,https://www.footballtransfers.com/en/players/ritsu-doan,footballtransfers_etv_validated,True,False
Japan,Ao TANAKA,Midfielder,Leeds Utd,,12100000.0,13801260.0,12100000.0,13801260.0,12100000.0,EUR,2026-06-01,2026-06-01,https://www.footballtransfers.com/en/players/ao-tanaka,https://www.footballtransfers.com/en/players/ao-tanaka,https://www.footballtransfers.com/en/players/ao-tanaka,2026-06-29T19:42:44,2026-06-29T19:42:44,1.1406,2026-06-29,European Central Bank euro foreign exchange reference rates,True,False,False,FootballTransfers ETV used as non-Transfermarkt player-value proxy. match_method=exact_name_country_match.,FootballTransfers,https://www.footballtransfers.com/en/players/ao-tanaka,footballtransfers_etv_validated,True,False
Japan,Kaishu SANO,Midfielder,Mainz 05,,29200000.0,33305520.0,29200000.0,33305520.0,29200000.0,EUR,2026-06-01,2026-06-01,https://www.footballtransfers.com/en/players/kaishu-sano,https://www.footballtransfers.com/en/players/kaishu-sano,https://www.footballtransfers.com/en/players/kaishu-sano,2026-06-29T19:42:44,2026-06-29T19:42:44,1.1406,2026-06-29,European Central Bank euro foreign exchange reference rates,True,False,False,FootballTransfers ETV used as non-Transfermarkt player-value proxy. match_method=exact_name_country_match.,FootballTransfers,https://www.footballtransfers.com/en/players/kaishu-sano,footballtransfers_etv_validated,True,False
Japan,Daizen MAEDA,Midfielder,Celtic,,12600000.0,14371560.0,12600000.0,14371560.0,12600000.0,EUR,2026-06-01,2026-06-01,https://www.footballtransfers.com/en/players/daizen-maeda,https://www.footballtransfers.com/en/players/daizen-maeda,https://www.footballtransfers.com/en/players/daizen-maeda,2026-06-29T19:42:44,2026-06-29T19:42:44,1.1406,2026-06-29,European Central Bank euro foreign exchange reference rates,True,False,False,FootballTransfers ETV used as non-Transfermarkt player-value proxy. match_method=exact_name_country_match.,FootballTransfers,https://www.footballtransfers.com/en/players/daizen-maeda,footballtransfers_etv_validated,True,False
Japan,Junya ITO,Midfielder,Genk,,2300000.0,2623380.0,2300000.0,2623380.0,2300000.0,EUR,2026-06-01,2026-06-01,https://www.footballtransfers.com/en/players/junya-ito,https://www.footballtransfers.com/en/players/junya-ito,https://www.footballtransfers.com/en/players/junya-ito,2026-06-29T19:42:44,2026-06-29T19:42:44,1.1406,2026-06-29,European Central Bank euro foreign exchange reference rates,True,False,False,FootballTransfers ETV used as non-Transfermarkt player-value proxy. match_method=exact_name_country_match.,FootballTransfers,https://www.footballtransfers.com/en/players/junya-ito,footballtransfers_etv_validated,True,False
Japan,Shogo TANIGUCHI,Defender,Sint-Truiden,,500000.0,570300.0,500000.0,570300.0,500000.0,EUR,2026-05-01,2026-05-01,https://www.footballtransfers.com/en/players/shogo-taniguchi,https://www.footballtransfers.com/en/players/shogo-taniguchi,https://www.footballtransfers.com/en/players/shogo-taniguchi,2026-06-29T19:42:44,2026-06-29T19:42:44,1.1406,2026-06-29,European Central Bank euro foreign exchange reference rates,True,False,False,FootballTransfers ETV used as non-Transfermarkt player-value proxy. match_method=exact_name_country_match.,FootballTransfers,https://www.footballtransfers.com/en/players/shogo-taniguchi,footballtransfers_etv_validated,True,False
Jordan,NOOR ALRAWABDEH,Midfielder,,,,,500000.0,570300.0,500000.0,EUR,,,https://www.transfermarkt.com/schnellsuche/ergebnis/schnellsuche?query=Noor+Al+Rawabdeh,https://www.transfermarkt.com/schnellsuche/ergebnis/schnellsuche?query=Noor+Al+Rawabdeh,https://www.transfermarkt.com/schnellsuche/ergebnis/schnellsuche?query=Noor+Al+Rawabdeh,2026-06-30,2026-06-30,1.1406,2026-06-29,European Central Bank euro foreign exchange reference rates,,True,False,NOOR ALRAWABDEH matched to indexed identity Noor Al Rawabdeh. Manual user-supplied indexed value patched 2026-06-30; source URL is the source-site indexed lookup for the accepted identity.,Transfermarkt,https://www.transfermarkt.com/schnellsuche/ergebnis/schnellsuche?query=Noor+Al+Rawabdeh,manual indexed market value,False,True
Jordan,YAZAN ALARAB,Defender,,,600000.0,684360.0,600000.0,684360.0,600000.0,EUR,,,https://www.footballtransfers.com/en/players/yazan-alarab,https://www.footballtransfers.com/en/players/yazan-alarab,https://www.footballtransfers.com/en/players/yazan-alarab,2026-06-29T19:42:44,2026-06-29T19:42:44,1.1406,2026-06-29,European Central Bank euro foreign exchange reference rates,,True,False,FootballTransfers ETV retained per controlled fallback rule; profile had usable ETV but no verifiable update date.,FootballTransfers,https://www.footballtransfers.com/en/players/yazan-alarab,footballtransfers_etv_profile_value_date_unverified,False,True
Jordan,YAZEED ABULAILA,Goalkeeper,,,,,300000.0,342180.0,300000.0,EUR,2026-06-03,2026-06-03,https://www.transfermarkt.com/schnellsuche/ergebnis/schnellsuche?query=Yazeed+Abulaila,https://www.transfermarkt.com/schnellsuche/ergebnis/schnellsuche?query=Yazeed+Abulaila,https://www.transfermarkt.com/schnellsuche/ergebnis/schnellsuche?query=Yazeed+Abulaila,2026-06-30,2026-06-30,1.1406,2026-06-29,European Central Bank euro foreign exchange reference rates,True,False,False,YAZEED ABULAILA matched to indexed identity Yazeed Abulaila. Manual user-supplied indexed value patched 2026-06-30; source URL is the source-site indexed lookup for the accepted identity.,Transfermarkt,https://www.transfermarkt.com/schnellsuche/ergebnis/schnellsuche?query=Yazeed+Abulaila,manual indexed market value,True,True
Jordan,ALI OLWAN,Forward,,,,,344010.0,392377.806,344010.0,EUR,2026-06-01,2026-06-01,https://www.fotmob.com/players/1028896/ali-olwan,https://www.fotmob.com/players/1028896/ali-olwan,https://www.fotmob.com/players/1028896/ali-olwan,2026-06-29T19:42:44,2026-06-29T19:42:44,1.1406,2026-06-29,European Central Bank euro foreign exchange reference rates,True,False,False,Fallback value from FotMob embedded __NEXT_DATA__ marketValues.values; latest SciSports EUR value dated on or before 2026-06-11.,FotMob / SciSports,https://www.fotmob.com/players/1028896/ali-olwan,fotmob_scisports_market_value_latest_pre_cutoff,True,True
Jordan,MOHANNAD ABUTAHA,Midfielder,,,,,385919.0,440179.2114,385919.0,EUR,2025-08-01,2025-08-01,https://www.fotmob.com/players/1247001/mohannad-abu-taha,https://www.fotmob.com/players/1247001/mohannad-abu-taha,https://www.fotmob.com/players/1247001/mohannad-abu-taha,2026-06-29T19:42:44,2026-06-29T19:42:44,1.1406,2026-06-29,European Central Bank euro foreign exchange reference rates,True,False,False,Fallback value from FotMob embedded __NEXT_DATA__ marketValues.values; latest SciSports EUR value dated on or before 2026-06-11.,FotMob / SciSports,https://www.fotmob.com/players/1247001/mohannad-abu-taha,fotmob_scisports_market_value_latest_pre_cutoff,True,True
Jordan,NIZAR ALRASHDAN,Midfielder,,,,,181960.0,207543.576,181960.0,EUR,2026-06-01,2026-06-01,https://www.fotmob.com/players/1195369/nizar-al-rashdan,https://www.fotmob.com/players/1195369/nizar-al-rashdan,https://www.fotmob.com/players/1195369/nizar-al-rashdan,2026-06-29T19:42:44,2026-06-29T19:42:44,1.1406,2026-06-29,European Central Bank euro foreign exchange reference rates,True,False,False,Fallback value from FotMob embedded __NEXT_DATA__ marketValues.values; latest SciSports EUR value dated on or before 2026-06-11.,FotMob / SciSports,https://www.fotmob.com/players/1195369/nizar-al-rashdan,fotmob_scisports_market_value_latest_pre_cutoff,True,True
Jordan,ABDALLAH NASIB,Defender,,,,,400000.0,456240.0,400000.0,EUR,,,https://www.transfermarkt.com/schnellsuche/ergebnis/schnellsuche?query=Abdallah+Nasib,https://www.transfermarkt.com/schnellsuche/ergebnis/schnellsuche?query=Abdallah+Nasib,https://www.transfermarkt.com/schnellsuche/ergebnis/schnellsuche?query=Abdallah+Nasib,2026-06-30,2026-06-30,1.1406,2026-06-29,European Central Bank euro foreign exchange reference rates,,True,False,ABDALLAH NASIB matched to indexed identity Abdallah Nasib. Manual user-supplied indexed value patched 2026-06-30; source URL is the source-site indexed lookup for the accepted identity.,Transfermarkt,https://www.transfermarkt.com/schnellsuche/ergebnis/schnellsuche?query=Abdallah+Nasib,manual indexed market value,False,True
Jordan,EHSAN HADDAD,Defender,,,,,300000.0,342180.0,300000.0,EUR,2026-06-03,2026-06-03,https://www.transfermarkt.com/schnellsuche/ergebnis/schnellsuche?query=Ehsan+Haddad,https://www.transfermarkt.com/schnellsuche/ergebnis/schnellsuche?query=Ehsan+Haddad,https://www.transfermarkt.com/schnellsuche/ergebnis/schnellsuche?query=Ehsan+Haddad,2026-06-30,2026-06-30,1.1406,2026-06-29,European Central Bank euro foreign exchange reference rates,True,False,False,EHSAN HADDAD matched to indexed identity Ehsan Haddad. Manual user-supplied indexed value patched 2026-06-30; source URL is the source-site indexed lookup for the accepted identity.,Transfermarkt,https://www.transfermarkt.com/schnellsuche/ergebnis/schnellsuche?query=Ehsan+Haddad,manual indexed market value,True,True
Jordan,ODEH FAKHOURY,Forward,,,,,350000.0,399210.0,350000.0,EUR,2026-05-20,2026-05-20,https://www.transfermarkt.com/schnellsuche/ergebnis/schnellsuche?query=Odeh+Fakhoury,https://www.transfermarkt.com/schnellsuche/ergebnis/schnellsuche?query=Odeh+Fakhoury,https://www.transfermarkt.com/schnellsuche/ergebnis/schnellsuche?query=Odeh+Fakhoury,2026-06-30,2026-06-30,1.1406,2026-06-29,European Central Bank euro foreign exchange reference rates,True,False,False,ODEH FAKHOURY matched to indexed identity Odeh Fakhoury. Manual user-supplied indexed value patched 2026-06-30; source URL is the source-site indexed lookup for the accepted identity.,Transfermarkt,https://www.transfermarkt.com/schnellsuche/ergebnis/schnellsuche?query=Odeh+Fakhoury,manual indexed market value,True,True
Jordan,HUSAM ABUDAHAB,Defender,,,,,350000.0,399210.0,350000.0,EUR,2026-06-03,2026-06-03,https://www.transfermarkt.com/schnellsuche/ergebnis/schnellsuche?query=Husam+Abu+Dahab,https://www.transfermarkt.com/schnellsuche/ergebnis/schnellsuche?query=Husam+Abu+Dahab,https://www.transfermarkt.com/schnellsuche/ergebnis/schnellsuche?query=Husam+Abu+Dahab,2026-06-30,2026-06-30,1.1406,2026-06-29,European Central Bank euro foreign exchange reference rates,True,False,False,HUSAM ABUDAHAB matched to indexed identity Husam Abu Dahab. Manual user-supplied indexed value patched 2026-06-30; source URL is the source-site indexed lookup for the accepted identity.,Transfermarkt,https://www.transfermarkt.com/schnellsuche/ergebnis/schnellsuche?query=Husam+Abu+Dahab,manual indexed market value,True,True
Jordan,MOUSA ALTAMARI,Forward,Rennes,29.0,5300000.0,6045180.0,5300000.0,6045180.0,5300000.0,EUR,2026-06-01,2026-06-01,https://www.footballtransfers.com/en/players/musa-altaamari,https://www.footballtransfers.com/en/players/musa-altaamari,https://www.footballtransfers.com/en/players/musa-altaamari,2026-06-29T19:54:36,2026-06-29T19:54:36,1.1406,2026-06-29,European Central Bank euro foreign exchange reference rates,True,False,False,FootballTransfers ETV manually remediated; decision=manual_profile_verified. FootballTransfers profile/search uses Mousa Tamari / Musa Al-Taamari spelling.,FootballTransfers,https://www.footballtransfers.com/en/players/musa-altaamari,footballtransfers_etv_validated,True,False
Korea Republic,KIM Seunggyu,Goalkeeper,,,,,428072.0,488258.9232,428072.0,EUR,2026-06-01,2026-06-01,https://www.fotmob.com/players/167247/seung-gyu-kim,https://www.fotmob.com/players/167247/seung-gyu-kim,https://www.fotmob.com/players/167247/seung-gyu-kim,2026-06-29T19:42:44,2026-06-29T19:42:44,1.1406,2026-06-29,European Central Bank euro foreign exchange reference rates,True,False,False,Fallback value from FotMob embedded __NEXT_DATA__ marketValues.values; latest SciSports EUR value dated on or before 2026-06-11.,FotMob / SciSports,https://www.fotmob.com/players/167247/seung-gyu-kim,fotmob_scisports_market_value_latest_pre_cutoff,True,True
Korea Republic,LEE Gihyuk,Midfielder,Gangwon,,600000.0,684360.0,600000.0,684360.0,600000.0,EUR,2026-06-02,2026-06-02,https://www.footballtransfers.com/en/players/gihyuk-lee,https://www.footballtransfers.com/en/players/gihyuk-lee,https://www.footballtransfers.com/en/players/gihyuk-lee,2026-06-29T19:42:44,2026-06-29T19:42:44,1.1406,2026-06-29,European Central Bank euro foreign exchange reference rates,True,False,False,FootballTransfers ETV used as non-Transfermarkt player-value proxy. match_method=normalized_name_country_match. Single same-country normalized title/slug match.,FootballTransfers,https://www.footballtransfers.com/en/players/gihyuk-lee,footballtransfers_etv_validated,True,False
Korea Republic,LEE Hanbeom,Defender,Midtjylland,,1900000.0,2167140.0,1900000.0,2167140.0,1900000.0,EUR,2026-06-01,2026-06-01,https://www.footballtransfers.com/en/players/hanbeom-lee,https://www.footballtransfers.com/en/players/hanbeom-lee,https://www.footballtransfers.com/en/players/hanbeom-lee,2026-06-29T19:42:44,2026-06-29T19:42:44,1.1406,2026-06-29,European Central Bank euro foreign exchange reference rates,True,False,False,FootballTransfers ETV used as non-Transfermarkt player-value proxy. match_method=normalized_name_country_match. Single same-country normalized title/slug match.,FootballTransfers,https://www.footballtransfers.com/en/players/hanbeom-lee,footballtransfers_etv_validated,True,False
Korea Republic,LEE Kangin,Midfielder,PSG,,30700000.0,35016420.0,30700000.0,35016420.0,30700000.0,EUR,2026-06-02,2026-06-02,https://www.footballtransfers.com/en/players/lee-kangin,https://www.footballtransfers.com/en/players/lee-kangin,https://www.footballtransfers.com/en/players/lee-kangin,2026-06-29T19:42:44,2026-06-29T19:42:44,1.1406,2026-06-29,European Central Bank euro foreign exchange reference rates,True,False,False,FootballTransfers ETV used as non-Transfermarkt player-value proxy. match_method=normalized_name_country_match. Single same-country normalized title/slug match.,FootballTransfers,https://www.footballtransfers.com/en/players/lee-kangin,footballtransfers_etv_validated,True,False
Korea Republic,HWANG Inbeom,Midfielder,Feyenoord,,6700000.0,7642020.0,6700000.0,7642020.0,6700000.0,EUR,2026-06-02,2026-06-02,https://www.footballtransfers.com/en/players/inbeom-hwang,https://www.footballtransfers.com/en/players/inbeom-hwang,https://www.footballtransfers.com/en/players/inbeom-hwang,2026-06-29T19:42:44,2026-06-29T19:42:44,1.1406,2026-06-29,European Central Bank euro foreign exchange reference rates,True,False,False,FootballTransfers ETV used as non-Transfermarkt player-value proxy. match_method=normalized_name_country_match. Single same-country normalized title/slug match.,FootballTransfers,https://www.footballtransfers.com/en/players/inbeom-hwang,footballtransfers_etv_validated,True,False
Korea Republic,SEOL Youngwoo,Defender,Red Star,,3700000.0,4220220.0,3700000.0,4220220.0,3700000.0,EUR,2026-06-01,2026-06-01,https://www.footballtransfers.com/en/players/youngwoo-seol,https://www.footballtransfers.com/en/players/youngwoo-seol,https://www.footballtransfers.com/en/players/youngwoo-seol,2026-06-29T19:42:44,2026-06-29T19:42:44,1.1406,2026-06-29,European Central Bank euro foreign exchange reference rates,True,False,False,FootballTransfers ETV used as non-Transfermarkt player-value proxy. match_method=normalized_name_country_match. Single same-country normalized title/slug match.,FootballTransfers,https://www.footballtransfers.com/en/players/youngwoo-seol,footballtransfers_etv_validated,True,False
Korea Republic,KIM Minjae,Defender,Bayern,,28300000.0,32278980.0,28300000.0,32278980.0,28300000.0,EUR,2026-06-02,2026-06-02,https://www.footballtransfers.com/en/players/minjae-kim,https://www.footballtransfers.com/en/players/minjae-kim,https://www.footballtransfers.com/en/players/minjae-kim,2026-06-29T19:42:44,2026-06-29T19:42:44,1.1406,2026-06-29,European Central Bank euro foreign exchange reference rates,True,False,False,FootballTransfers ETV used as non-Transfermarkt player-value proxy. match_method=normalized_name_country_match. Single same-country normalized title/slug match.,FootballTransfers,https://www.footballtransfers.com/en/players/minjae-kim,footballtransfers_etv_validated,True,False
Korea Republic,PAIK Seungho,Midfielder,Birmingham,,1700000.0,1939020.0,1700000.0,1939020.0,1700000.0,EUR,2026-06-01,2026-06-01,https://www.footballtransfers.com/en/players/seungho-paik,https://www.footballtransfers.com/en/players/seungho-paik,https://www.footballtransfers.com/en/players/seungho-paik,2026-06-29T19:42:44,2026-06-29T19:42:44,1.1406,2026-06-29,European Central Bank euro foreign exchange reference rates,True,False,False,FootballTransfers ETV used as non-Transfermarkt player-value proxy. match_method=normalized_name_country_match. Single same-country normalized title/slug match.,FootballTransfers,https://www.footballtransfers.com/en/players/seungho-paik,footballtransfers_etv_validated,True,False
Korea Republic,HWANG Heechan,Midfielder,Wolves,,9700000.0,11063820.0,9700000.0,11063820.0,9700000.0,EUR,2026-06-01,2026-06-01,https://www.footballtransfers.com/en/players/heechan-hwang,https://www.footballtransfers.com/en/players/heechan-hwang,https://www.footballtransfers.com/en/players/heechan-hwang,2026-06-29T19:42:44,2026-06-29T19:42:44,1.1406,2026-06-29,European Central Bank euro foreign exchange reference rates,True,False,False,FootballTransfers ETV used as non-Transfermarkt player-value proxy. match_method=normalized_name_country_match. Single same-country normalized title/slug match.,FootballTransfers,https://www.footballtransfers.com/en/players/heechan-hwang,footballtransfers_etv_validated,True,False
Korea Republic,LEE Taeseok,Defender,Austria Wien,,1500000.0,1710900.0,1500000.0,1710900.0,1500000.0,EUR,2026-06-02,2026-06-02,https://www.footballtransfers.com/en/players/taeseok-lee,https://www.footballtransfers.com/en/players/taeseok-lee,https://www.footballtransfers.com/en/players/taeseok-lee,2026-06-29T19:42:44,2026-06-29T19:42:44,1.1406,2026-06-29,European Central Bank euro foreign exchange reference rates,True,False,False,FootballTransfers ETV used as non-Transfermarkt player-value proxy. match_method=normalized_name_country_match. Single same-country normalized title/slug match.,FootballTransfers,https://www.footballtransfers.com/en/players/taeseok-lee,footballtransfers_etv_validated,True,False
Korea Republic,OH Hyeongyu,Forward,Besiktas,,11000000.0,12546600.0,11000000.0,12546600.0,11000000.0,EUR,2026-06-02,2026-06-02,https://www.footballtransfers.com/en/players/hyungyu-oh,https://www.footballtransfers.com/en/players/hyungyu-oh,https://www.footballtransfers.com/en/players/hyungyu-oh,2026-06-29T19:42:44,2026-06-29T19:42:44,1.1406,2026-06-29,European Central Bank euro foreign exchange reference rates,True,False,False,FootballTransfers ETV used as non-Transfermarkt player-value proxy. match_method=normalized_name_country_match. Single same-country normalized title/slug match.,FootballTransfers,https://www.footballtransfers.com/en/players/hyungyu-oh,footballtransfers_etv_validated,True,False
Mexico,Roberto ALVARADO,Forward,Chivas,,6900000.0,7870140.0,6900000.0,7870140.0,6900000.0,EUR,2026-06-01,2026-06-01,https://www.footballtransfers.com/en/players/roberto-carlos-alvarado-hernandez,https://www.footballtransfers.com/en/players/roberto-carlos-alvarado-hernandez,https://www.footballtransfers.com/en/players/roberto-carlos-alvarado-hernandez,2026-06-29T19:42:44,2026-06-29T19:42:44,1.1406,2026-06-29,European Central Bank euro foreign exchange reference rates,True,False,False,FootballTransfers ETV used as non-Transfermarkt player-value proxy. match_method=exact_name_country_match.,FootballTransfers,https://www.footballtransfers.com/en/players/roberto-carlos-alvarado-hernandez,footballtransfers_etv_validated,True,False
Mexico,Raul RANGEL,Goalkeeper,Chivas,,7400000.0,8440440.0,7400000.0,8440440.0,7400000.0,EUR,2026-06-01,2026-06-01,https://www.footballtransfers.com/en/players/jose-rangel,https://www.footballtransfers.com/en/players/jose-rangel,https://www.footballtransfers.com/en/players/jose-rangel,2026-06-29T19:42:44,2026-06-29T19:42:44,1.1406,2026-06-29,European Central Bank euro foreign exchange reference rates,True,False,False,FootballTransfers ETV used as non-Transfermarkt player-value proxy. match_method=exact_name_country_match.,FootballTransfers,https://www.footballtransfers.com/en/players/jose-rangel,footballtransfers_etv_validated,True,False
Mexico,Julian QUINONES,Forward,,,12100000.0,13801260.0,12100000.0,13801260.0,12100000.0,EUR,2026-06-01,2026-06-01,https://www.footballtransfers.com/en/players/julian-andres-quinones-quinones,https://www.footballtransfers.com/en/players/julian-andres-quinones-quinones,https://www.footballtransfers.com/en/players/julian-andres-quinones-quinones,2026-06-29T19:42:44,2026-06-29T19:42:44,1.1406,2026-06-29,European Central Bank euro foreign exchange reference rates,True,False,False,FootballTransfers ETV used as non-Transfermarkt player-value proxy. match_method=exact_name_country_match.,FootballTransfers,https://www.footballtransfers.com/en/players/julian-andres-quinones-quinones,footballtransfers_etv_validated,True,False
Mexico,Edson ALVAREZ,Defender,Fenerbahce,,16400000.0,18705840.0,16400000.0,18705840.0,16400000.0,EUR,2026-06-01,2026-06-01,https://www.footballtransfers.com/en/players/edson-alvarez,https://www.footballtransfers.com/en/players/edson-alvarez,https://www.footballtransfers.com/en/players/edson-alvarez,2026-06-29T19:42:44,2026-06-29T19:42:44,1.1406,2026-06-29,European Central Bank euro foreign exchange reference rates,True,False,False,FootballTransfers ETV used as non-Transfermarkt player-value proxy. match_method=exact_name_country_match.,FootballTransfers,https://www.footballtransfers.com/en/players/edson-alvarez,footballtransfers_etv_validated,True,False
Mexico,Jesus GALLARDO,Defender,Toluca,,2100000.0,2395260.0,2100000.0,2395260.0,2100000.0,EUR,2026-06-01,2026-06-01,https://www.footballtransfers.com/en/players/jesus-gallardo,https://www.footballtransfers.com/en/players/jesus-gallardo,https://www.footballtransfers.com/en/players/jesus-gallardo,2026-06-29T19:42:44,2026-06-29T19:42:44,1.1406,2026-06-29,European Central Bank euro foreign exchange reference rates,True,False,False,FootballTransfers ETV used as non-Transfermarkt player-value proxy. match_method=exact_name_country_match.,FootballTransfers,https://www.footballtransfers.com/en/players/jesus-gallardo,footballtransfers_etv_validated,True,False
Mexico,Israel REYES,Defender,America,,3700000.0,4220220.0,3700000.0,4220220.0,3700000.0,EUR,2026-06-01,2026-06-01,https://www.footballtransfers.com/en/players/israel-reyes-romero,https://www.footballtransfers.com/en/players/israel-reyes-romero,https://www.footballtransfers.com/en/players/israel-reyes-romero,2026-06-29T19:42:44,2026-06-29T19:42:44,1.1406,2026-06-29,European Central Bank euro foreign exchange reference rates,True,False,False,FootballTransfers ETV used as non-Transfermarkt player-value proxy. match_method=exact_name_country_match.,FootballTransfers,https://www.footballtransfers.com/en/players/israel-reyes-romero,footballtransfers_etv_validated,True,False
Mexico,Cesar MONTES,Defender,Lokomotiv,,6000000.0,6843600.0,6000000.0,6843600.0,6000000.0,EUR,2026-06-01,2026-06-01,https://www.footballtransfers.com/en/players/cesar-jasib-montes-castro,https://www.footballtransfers.com/en/players/cesar-jasib-montes-castro,https://www.footballtransfers.com/en/players/cesar-jasib-montes-castro,2026-06-29T19:42:44,2026-06-29T19:42:44,1.1406,2026-06-29,European Central Bank euro foreign exchange reference rates,True,False,False,FootballTransfers ETV used as non-Transfermarkt player-value proxy. match_method=exact_name_country_match.,FootballTransfers,https://www.footballtransfers.com/en/players/cesar-jasib-montes-castro,footballtransfers_etv_validated,True,False
Mexico,Johan VASQUEZ,Defender,Genoa,,15500000.0,17679300.0,15500000.0,17679300.0,15500000.0,EUR,2026-06-01,2026-06-01,https://www.footballtransfers.com/en/players/johan-felipe-vasquez-ibarra,https://www.footballtransfers.com/en/players/johan-felipe-vasquez-ibarra,https://www.footballtransfers.com/en/players/johan-felipe-vasquez-ibarra,2026-06-29T19:42:44,2026-06-29T19:42:44,1.1406,2026-06-29,European Central Bank euro foreign exchange reference rates,True,False,False,FootballTransfers ETV used as non-Transfermarkt player-value proxy. match_method=exact_name_country_match.,FootballTransfers,https://www.footballtransfers.com/en/players/johan-felipe-vasquez-ibarra,footballtransfers_etv_validated,True,False
Mexico,Jorge SANCHEZ,Defender,PAOK,,1600000.0,1824960.0,1600000.0,1824960.0,1600000.0,EUR,2026-06-01,2026-06-01,https://www.footballtransfers.com/en/players/jorge-eduardo-sanchez,https://www.footballtransfers.com/en/players/jorge-eduardo-sanchez,https://www.footballtransfers.com/en/players/jorge-eduardo-sanchez,2026-06-29T19:42:44,2026-06-29T19:42:44,1.1406,2026-06-29,European Central Bank euro foreign exchange reference rates,True,False,False,FootballTransfers ETV used as non-Transfermarkt player-value proxy. match_method=exact_name_country_match.,FootballTransfers,https://www.footballtransfers.com/en/players/jorge-eduardo-sanchez,footballtransfers_etv_validated,True,False
Mexico,Erik LIRA,Midfielder,Cruz Azul,,12700000.0,14485620.0,12700000.0,14485620.0,12700000.0,EUR,2026-06-01,2026-06-01,https://www.footballtransfers.com/en/players/erik-antonio-lira-mendez,https://www.footballtransfers.com/en/players/erik-antonio-lira-mendez,https://www.footballtransfers.com/en/players/erik-antonio-lira-mendez,2026-06-29T19:42:44,2026-06-29T19:42:44,1.1406,2026-06-29,European Central Bank euro foreign exchange reference rates,True,False,False,FootballTransfers ETV used as non-Transfermarkt player-value proxy. match_method=exact_name_country_match.,FootballTransfers,https://www.footballtransfers.com/en/players/erik-antonio-lira-mendez,footballtransfers_etv_validated,True,False
Mexico,Raul JIMENEZ,Forward,Fulham,,3600000.0,4106160.0,3600000.0,4106160.0,3600000.0,EUR,2026-06-01,2026-06-01,https://www.footballtransfers.com/en/players/raul-jimenez,https://www.footballtransfers.com/en/players/raul-jimenez,https://www.footballtransfers.com/en/players/raul-jimenez,2026-06-29T19:42:44,2026-06-29T19:42:44,1.1406,2026-06-29,European Central Bank euro foreign exchange reference rates,True,False,False,FootballTransfers ETV used as non-Transfermarkt player-value proxy. match_method=exact_name_country_match.,FootballTransfers,https://www.footballtransfers.com/en/players/raul-jimenez,footballtransfers_etv_validated,True,False
Morocco,Achraf HAKIMI,Defender,PSG,,81200000.0,92616720.0,81200000.0,92616720.0,81200000.0,EUR,2026-06-01,2026-06-01,https://www.footballtransfers.com/en/players/achraf-hakimi,https://www.footballtransfers.com/en/players/achraf-hakimi,https://www.footballtransfers.com/en/players/achraf-hakimi,2026-06-29T19:42:44,2026-06-29T19:42:44,1.1406,2026-06-29,European Central Bank euro foreign exchange reference rates,True,False,False,FootballTransfers ETV used as non-Transfermarkt player-value proxy. match_method=exact_name_country_match.,FootballTransfers,https://www.footballtransfers.com/en/players/achraf-hakimi,footballtransfers_etv_validated,True,False
Morocco,Chadi RIAD,Defender,C. Palace,,16800000.0,19162080.0,16800000.0,19162080.0,16800000.0,EUR,2026-06-01,2026-06-01,https://www.footballtransfers.com/en/players/chadi,https://www.footballtransfers.com/en/players/chadi,https://www.footballtransfers.com/en/players/chadi,2026-06-29T19:42:44,2026-06-29T19:42:44,1.1406,2026-06-29,European Central Bank euro foreign exchange reference rates,True,False,False,FootballTransfers ETV used as non-Transfermarkt player-value proxy. match_method=exact_name_country_match.,FootballTransfers,https://www.footballtransfers.com/en/players/chadi,footballtransfers_etv_validated,True,False
Morocco,Yassine BOUNOU,Goalkeeper,Al-Hilal,,2400000.0,2737440.0,2400000.0,2737440.0,2400000.0,EUR,2026-06-01,2026-06-01,https://www.footballtransfers.com/en/players/yassine-bounou,https://www.footballtransfers.com/en/players/yassine-bounou,https://www.footballtransfers.com/en/players/yassine-bounou,2026-06-29T19:42:44,2026-06-29T19:42:44,1.1406,2026-06-29,European Central Bank euro foreign exchange reference rates,True,False,False,FootballTransfers ETV used as non-Transfermarkt player-value proxy. match_method=exact_name_country_match.,FootballTransfers,https://www.footballtransfers.com/en/players/yassine-bounou,footballtransfers_etv_validated,True,False
Morocco,Neil EL AYNAOUI,Midfielder,Roma,,22300000.0,25435380.0,22300000.0,25435380.0,22300000.0,EUR,2026-06-01,2026-06-01,https://www.footballtransfers.com/en/players/neil-el-aynaoui,https://www.footballtransfers.com/en/players/neil-el-aynaoui,https://www.footballtransfers.com/en/players/neil-el-aynaoui,2026-06-29T19:42:44,2026-06-29T19:42:44,1.1406,2026-06-29,European Central Bank euro foreign exchange reference rates,True,False,False,FootballTransfers ETV used as non-Transfermarkt player-value proxy. match_method=exact_name_country_match.,FootballTransfers,https://www.footballtransfers.com/en/players/neil-el-aynaoui,footballtransfers_etv_validated,True,False
Morocco,Bilal EL KHANNOUSS,Midfielder,Stuttgart,,40000000.0,45624000.0,40000000.0,45624000.0,40000000.0,EUR,2026-06-01,2026-06-01,https://www.footballtransfers.com/en/players/bilal-el-khannous,https://www.footballtransfers.com/en/players/bilal-el-khannous,https://www.footballtransfers.com/en/players/bilal-el-khannous,2026-06-29T19:42:44,2026-06-29T19:42:44,1.1406,2026-06-29,European Central Bank euro foreign exchange reference rates,True,False,False,FootballTransfers ETV used as non-Transfermarkt player-value proxy. match_method=exact_name_country_match.,FootballTransfers,https://www.footballtransfers.com/en/players/bilal-el-khannous,footballtransfers_etv_validated,True,False
Morocco,Ismael SAIBARI,Midfielder,PSV,,30400000.0,34674240.0,30400000.0,34674240.0,30400000.0,EUR,2026-06-01,2026-06-01,https://www.footballtransfers.com/en/players/ismael-saibari-ben-el-basra,https://www.footballtransfers.com/en/players/ismael-saibari-ben-el-basra,https://www.footballtransfers.com/en/players/ismael-saibari-ben-el-basra,2026-06-29T19:42:44,2026-06-29T19:42:44,1.1406,2026-06-29,European Central Bank euro foreign exchange reference rates,True,False,False,FootballTransfers ETV used as non-Transfermarkt player-value proxy. match_method=exact_name_country_match.,FootballTransfers,https://www.footballtransfers.com/en/players/ismael-saibari-ben-el-basra,footballtransfers_etv_validated,True,False
Morocco,Brahim DIAZ,Forward,Real Madrid,,35000000.0,39921000.0,35000000.0,39921000.0,35000000.0,EUR,2026-06-01,2026-06-01,https://www.footballtransfers.com/en/players/brahim-diaz,https://www.footballtransfers.com/en/players/brahim-diaz,https://www.footballtransfers.com/en/players/brahim-diaz,2026-06-29T19:42:44,2026-06-29T19:42:44,1.1406,2026-06-29,European Central Bank euro foreign exchange reference rates,True,False,False,FootballTransfers ETV used as non-Transfermarkt player-value proxy. match_method=exact_name_country_match.,FootballTransfers,https://www.footballtransfers.com/en/players/brahim-diaz,footballtransfers_etv_validated,True,False
Morocco,Ayyoub BOUADDI,Midfielder,Lille,18.0,48000000.0,54748800.0,48000000.0,54748800.0,48000000.0,EUR,2026-06-01,2026-06-01,https://www.footballtransfers.com/en/players/ayyoub-bouaddi,https://www.footballtransfers.com/en/players/ayyoub-bouaddi,https://www.footballtransfers.com/en/players/ayyoub-bouaddi,2026-06-29T19:54:36,2026-06-29T19:54:36,1.1406,2026-06-29,European Central Bank euro foreign exchange reference rates,True,False,False,FootballTransfers ETV manually remediated; decision=manual_verified_existing_country_gap. Accepted after profile-title review; original search text lacked team/nationality alias.,FootballTransfers,https://www.footballtransfers.com/en/players/ayyoub-bouaddi,footballtransfers_etv_validated,True,False
Morocco,Issa Diop,Defender,Fulham,29.0,11100000.0,12660660.0,11100000.0,12660660.0,11100000.0,EUR,2026-06-01,2026-06-01,https://www.footballtransfers.com/en/players/issa-diop,https://www.footballtransfers.com/en/players/issa-diop,https://www.footballtransfers.com/en/players/issa-diop,2026-06-29T19:54:36,2026-06-29T19:54:36,1.1406,2026-06-29,European Central Bank euro foreign exchange reference rates,True,False,False,FootballTransfers ETV manually remediated; decision=manual_verified_existing_country_gap. Accepted after profile-title review; original search text lacked team/nationality alias.,FootballTransfers,https://www.footballtransfers.com/en/players/issa-diop,footballtransfers_etv_validated,True,False
Morocco,Noussair MAZRAOUI,Defender,Man Utd,,23500000.0,26804100.0,23500000.0,26804100.0,23500000.0,EUR,2026-06-01,2026-06-01,https://www.footballtransfers.com/en/players/noussair-mazraoui,https://www.footballtransfers.com/en/players/noussair-mazraoui,https://www.footballtransfers.com/en/players/noussair-mazraoui,2026-06-29T19:42:44,2026-06-29T19:42:44,1.1406,2026-06-29,European Central Bank euro foreign exchange reference rates,True,False,False,FootballTransfers ETV used as non-Transfermarkt player-value proxy. match_method=exact_name_country_match.,FootballTransfers,https://www.footballtransfers.com/en/players/noussair-mazraoui,footballtransfers_etv_validated,True,False
Morocco,Azzedine OUNAHI,Midfielder,Girona,,11100000.0,12660660.0,11100000.0,12660660.0,11100000.0,EUR,2026-06-01,2026-06-01,https://www.footballtransfers.com/en/players/azzedine-ounahi,https://www.footballtransfers.com/en/players/azzedine-ounahi,https://www.footballtransfers.com/en/players/azzedine-ounahi,2026-06-29T19:42:44,2026-06-29T19:42:44,1.1406,2026-06-29,European Central Bank euro foreign exchange reference rates,True,False,False,FootballTransfers ETV used as non-Transfermarkt player-value proxy. match_method=exact_name_country_match.,FootballTransfers,https://www.footballtransfers.com/en/players/azzedine-ounahi,footballtransfers_etv_validated,True,False
Netherlands,Bart Verbruggen,Goalkeeper,Brighton,,53600000.0,61136160.0,53600000.0,61136160.0,53600000.0,EUR,2026-06-01,2026-06-01,https://www.footballtransfers.com/en/players/bart-verbruggen,https://www.footballtransfers.com/en/players/bart-verbruggen,https://www.footballtransfers.com/en/players/bart-verbruggen,2026-06-29T19:42:44,2026-06-29T19:42:44,1.1406,2026-06-29,European Central Bank euro foreign exchange reference rates,True,False,False,FootballTransfers ETV used as non-Transfermarkt player-value proxy. match_method=exact_name_country_match.,FootballTransfers,https://www.footballtransfers.com/en/players/bart-verbruggen,footballtransfers_etv_validated,True,False
Netherlands,Denzel DUMFRIES,Defender,Inter,,22100000.0,25207260.0,22100000.0,25207260.0,22100000.0,EUR,2026-06-01,2026-06-01,https://www.footballtransfers.com/en/players/denzel-dumfries,https://www.footballtransfers.com/en/players/denzel-dumfries,https://www.footballtransfers.com/en/players/denzel-dumfries,2026-06-29T19:42:44,2026-06-29T19:42:44,1.1406,2026-06-29,European Central Bank euro foreign exchange reference rates,True,False,False,FootballTransfers ETV used as non-Transfermarkt player-value proxy. match_method=exact_name_country_match.,FootballTransfers,https://www.footballtransfers.com/en/players/denzel-dumfries,footballtransfers_etv_validated,True,False
Netherlands,Jan Paul VAN HECKE,Defender,Brighton,,44300000.0,50528580.0,44300000.0,50528580.0,44300000.0,EUR,2026-06-01,2026-06-01,https://www.footballtransfers.com/en/players/jan-paul-van-hecke,https://www.footballtransfers.com/en/players/jan-paul-van-hecke,https://www.footballtransfers.com/en/players/jan-paul-van-hecke,2026-06-29T19:42:44,2026-06-29T19:42:44,1.1406,2026-06-29,European Central Bank euro foreign exchange reference rates,True,False,False,FootballTransfers ETV used as non-Transfermarkt player-value proxy. match_method=exact_name_country_match.,FootballTransfers,https://www.footballtransfers.com/en/players/jan-paul-van-hecke,footballtransfers_etv_validated,True,False
Netherlands,Virgil VAN DIJK,Defender,Liverpool,,7800000.0,8896680.0,7800000.0,8896680.0,7800000.0,EUR,2026-06-01,2026-06-01,https://www.footballtransfers.com/en/players/virgil-van-dijk,https://www.footballtransfers.com/en/players/virgil-van-dijk,https://www.footballtransfers.com/en/players/virgil-van-dijk,2026-06-29T19:42:44,2026-06-29T19:42:44,1.1406,2026-06-29,European Central Bank euro foreign exchange reference rates,True,False,False,FootballTransfers ETV used as non-Transfermarkt player-value proxy. match_method=exact_name_country_match.,FootballTransfers,https://www.footballtransfers.com/en/players/virgil-van-dijk,footballtransfers_etv_validated,True,False
Netherlands,Ryan GRAVENBERCH,Midfielder,Liverpool,,103800000.0,118394280.0,103800000.0,118394280.0,103800000.0,EUR,2026-06-01,2026-06-01,https://www.footballtransfers.com/en/players/ryan-jiro-gravenberch,https://www.footballtransfers.com/en/players/ryan-jiro-gravenberch,https://www.footballtransfers.com/en/players/ryan-jiro-gravenberch,2026-06-29T19:42:44,2026-06-29T19:42:44,1.1406,2026-06-29,European Central Bank euro foreign exchange reference rates,True,False,False,FootballTransfers ETV used as non-Transfermarkt player-value proxy. match_method=exact_name_country_match.,FootballTransfers,https://www.footballtransfers.com/en/players/ryan-jiro-gravenberch,footballtransfers_etv_validated,True,False
Netherlands,Cody GAKPO,Forward,Liverpool,,69100000.0,78815460.0,69100000.0,78815460.0,69100000.0,EUR,2026-06-01,2026-06-01,https://www.footballtransfers.com/en/players/cody-gakpo,https://www.footballtransfers.com/en/players/cody-gakpo,https://www.footballtransfers.com/en/players/cody-gakpo,2026-06-29T19:42:44,2026-06-29T19:42:44,1.1406,2026-06-29,European Central Bank euro foreign exchange reference rates,True,False,False,FootballTransfers ETV used as non-Transfermarkt player-value proxy. match_method=exact_name_country_match.,FootballTransfers,https://www.footballtransfers.com/en/players/cody-gakpo,footballtransfers_etv_validated,True,False
Netherlands,Donyell Malen,Forward,Roma,,19100000.0,21785460.0,19100000.0,21785460.0,19100000.0,EUR,2026-06-01,2026-06-01,https://www.footballtransfers.com/en/players/donyell-malen,https://www.footballtransfers.com/en/players/donyell-malen,https://www.footballtransfers.com/en/players/donyell-malen,2026-06-29T19:42:44,2026-06-29T19:42:44,1.1406,2026-06-29,European Central Bank euro foreign exchange reference rates,True,False,False,FootballTransfers ETV used as non-Transfermarkt player-value proxy. match_method=exact_name_country_match.,FootballTransfers,https://www.footballtransfers.com/en/players/donyell-malen,footballtransfers_etv_validated,True,False
Netherlands,Frenkie DE JONG,Midfielder,Barcelona,,42800000.0,48817680.0,42800000.0,48817680.0,42800000.0,EUR,2026-06-01,2026-06-01,https://www.footballtransfers.com/en/players/frenkie-de-jong,https://www.footballtransfers.com/en/players/frenkie-de-jong,https://www.footballtransfers.com/en/players/frenkie-de-jong,2026-06-29T19:42:44,2026-06-29T19:42:44,1.1406,2026-06-29,European Central Bank euro foreign exchange reference rates,True,False,False,FootballTransfers ETV used as non-Transfermarkt player-value proxy. match_method=exact_name_country_match.,FootballTransfers,https://www.footballtransfers.com/en/players/frenkie-de-jong,footballtransfers_etv_validated,True,False
Netherlands,Tijjani REIJNDERS,Midfielder,Man City,,61900000.0,70603140.0,61900000.0,70603140.0,61900000.0,EUR,2026-06-01,2026-06-01,https://www.footballtransfers.com/en/players/tijjani-reijnders,https://www.footballtransfers.com/en/players/tijjani-reijnders,https://www.footballtransfers.com/en/players/tijjani-reijnders,2026-06-29T19:42:44,2026-06-29T19:42:44,1.1406,2026-06-29,European Central Bank euro foreign exchange reference rates,True,False,False,FootballTransfers ETV used as non-Transfermarkt player-value proxy. match_method=exact_name_country_match.,FootballTransfers,https://www.footballtransfers.com/en/players/tijjani-reijnders,footballtransfers_etv_validated,True,False
Netherlands,Micky VAN DE VEN,Defender,Tottenham,,73500000.0,83834100.0,73500000.0,83834100.0,73500000.0,EUR,2026-06-01,2026-06-01,https://www.footballtransfers.com/en/players/micky-van-de-ven,https://www.footballtransfers.com/en/players/micky-van-de-ven,https://www.footballtransfers.com/en/players/micky-van-de-ven,2026-06-29T19:42:44,2026-06-29T19:42:44,1.1406,2026-06-29,European Central Bank euro foreign exchange reference rates,True,False,False,FootballTransfers ETV used as non-Transfermarkt player-value proxy. match_method=exact_name_country_match.,FootballTransfers,https://www.footballtransfers.com/en/players/micky-van-de-ven,footballtransfers_etv_validated,True,False
Netherlands,Brian BROBBEY,Forward,Sunderland,,27700000.0,31594620.0,27700000.0,31594620.0,27700000.0,EUR,2026-06-01,2026-06-01,https://www.footballtransfers.com/en/players/brian-ebenezer-adjei-brobbey,https://www.footballtransfers.com/en/players/brian-ebenezer-adjei-brobbey,https://www.footballtransfers.com/en/players/brian-ebenezer-adjei-brobbey,2026-06-29T19:42:44,2026-06-29T19:42:44,1.1406,2026-06-29,European Central Bank euro foreign exchange reference rates,True,False,False,FootballTransfers ETV used as non-Transfermarkt player-value proxy. match_method=exact_name_country_match.,FootballTransfers,https://www.footballtransfers.com/en/players/brian-ebenezer-adjei-brobbey,footballtransfers_etv_validated,True,False
New Zealand,Chris WOOD,Forward,N. Forest,,6400000.0,7299840.0,6400000.0,7299840.0,6400000.0,EUR,2026-06-01,2026-06-01,https://www.footballtransfers.com/en/players/chris-wood-2,https://www.footballtransfers.com/en/players/chris-wood-2,https://www.footballtransfers.com/en/players/chris-wood-2,2026-06-29T19:42:44,2026-06-29T19:42:44,1.1406,2026-06-29,European Central Bank euro foreign exchange reference rates,True,False,False,FootballTransfers ETV used as non-Transfermarkt player-value proxy. match_method=exact_name_country_match.,FootballTransfers,https://www.footballtransfers.com/en/players/chris-wood-2,footballtransfers_etv_validated,True,False
New Zealand,Finn SURMAN,Defender,Portland,,1300000.0,1482780.0,1300000.0,1482780.0,1300000.0,EUR,2026-06-01,2026-06-01,https://www.footballtransfers.com/en/players/finn-surman,https://www.footballtransfers.com/en/players/finn-surman,https://www.footballtransfers.com/en/players/finn-surman,2026-06-29T19:42:44,2026-06-29T19:42:44,1.1406,2026-06-29,European Central Bank euro foreign exchange reference rates,True,False,False,FootballTransfers ETV used as non-Transfermarkt player-value proxy. match_method=exact_name_country_match.,FootballTransfers,https://www.footballtransfers.com/en/players/finn-surman,footballtransfers_etv_validated,True,False
New Zealand,Max CROCOMBE,Goalkeeper,Millwall,,600000.0,684360.0,600000.0,684360.0,600000.0,EUR,2026-06-01,2026-06-01,https://www.footballtransfers.com/en/players/max-crocombe,https://www.footballtransfers.com/en/players/max-crocombe,https://www.footballtransfers.com/en/players/max-crocombe,2026-06-29T19:42:44,2026-06-29T19:42:44,1.1406,2026-06-29,European Central Bank euro foreign exchange reference rates,True,False,False,FootballTransfers ETV used as non-Transfermarkt player-value proxy. match_method=exact_name_country_match.,FootballTransfers,https://www.footballtransfers.com/en/players/max-crocombe,footballtransfers_etv_validated,True,False
New Zealand,Marko STAMENIC,Midfielder,Swansea,,3700000.0,4220220.0,3700000.0,4220220.0,3700000.0,EUR,2026-06-01,2026-06-01,https://www.footballtransfers.com/en/players/marko-stamenic,https://www.footballtransfers.com/en/players/marko-stamenic,https://www.footballtransfers.com/en/players/marko-stamenic,2026-06-29T19:42:44,2026-06-29T19:42:44,1.1406,2026-06-29,European Central Bank euro foreign exchange reference rates,True,False,False,FootballTransfers ETV used as non-Transfermarkt player-value proxy. match_method=exact_name_country_match.,FootballTransfers,https://www.footballtransfers.com/en/players/marko-stamenic,footballtransfers_etv_validated,True,False
New Zealand,Elijah JUST,Midfielder,Motherwell,,800000.0,912480.0,800000.0,912480.0,800000.0,EUR,2026-06-01,2026-06-01,https://www.footballtransfers.com/en/players/elijah-henry-just,https://www.footballtransfers.com/en/players/elijah-henry-just,https://www.footballtransfers.com/en/players/elijah-henry-just,2026-06-29T19:42:44,2026-06-29T19:42:44,1.1406,2026-06-29,European Central Bank euro foreign exchange reference rates,True,False,False,FootballTransfers ETV used as non-Transfermarkt player-value proxy. match_method=exact_name_country_match.,FootballTransfers,https://www.footballtransfers.com/en/players/elijah-henry-just,footballtransfers_etv_validated,True,False
New Zealand,Joe BELL,Midfielder,Viking,,1900000.0,2167140.0,1900000.0,2167140.0,1900000.0,EUR,2026-06-01,2026-06-01,https://www.footballtransfers.com/en/players/joe-bell,https://www.footballtransfers.com/en/players/joe-bell,https://www.footballtransfers.com/en/players/joe-bell,2026-06-29T19:42:44,2026-06-29T19:42:44,1.1406,2026-06-29,European Central Bank euro foreign exchange reference rates,True,False,False,FootballTransfers ETV used as non-Transfermarkt player-value proxy. match_method=exact_name_country_match.,FootballTransfers,https://www.footballtransfers.com/en/players/joe-bell,footballtransfers_etv_validated,True,False
New Zealand,Sarpreet SINGH,Midfielder,,,,,224443.0,255999.6858,224443.0,EUR,2026-06-01,2026-06-01,https://www.fotmob.com/players/724531/sarpreet-singh,https://www.fotmob.com/players/724531/sarpreet-singh,https://www.fotmob.com/players/724531/sarpreet-singh,2026-06-29T19:42:44,2026-06-29T19:42:44,1.1406,2026-06-29,European Central Bank euro foreign exchange reference rates,True,False,False,Fallback value from FotMob embedded __NEXT_DATA__ marketValues.values; latest SciSports EUR value dated on or before 2026-06-11.,FotMob / SciSports,https://www.fotmob.com/players/724531/sarpreet-singh,fotmob_scisports_market_value_latest_pre_cutoff,True,True
New Zealand,Michael BOXALL,Defender,,,,,103344.0,117874.1664,103344.0,EUR,2026-06-01,2026-06-01,https://www.fotmob.com/players/128949/michael-boxall,https://www.fotmob.com/players/128949/michael-boxall,https://www.fotmob.com/players/128949/michael-boxall,2026-06-29T19:42:44,2026-06-29T19:42:44,1.1406,2026-06-29,European Central Bank euro foreign exchange reference rates,True,False,False,Fallback value from FotMob embedded __NEXT_DATA__ marketValues.values; latest SciSports EUR value dated on or before 2026-06-11.,FotMob / SciSports,https://www.fotmob.com/players/128949/michael-boxall,fotmob_scisports_market_value_latest_pre_cutoff,True,True
New Zealand,Tim PAYNE,Defender,,,,,204771.0,233561.8026,204771.0,EUR,2026-06-01,2026-06-01,https://www.fotmob.com/players/324305/tim-payne,https://www.fotmob.com/players/324305/tim-payne,https://www.fotmob.com/players/324305/tim-payne,2026-06-29T19:42:44,2026-06-29T19:42:44,1.1406,2026-06-29,European Central Bank euro foreign exchange reference rates,True,False,False,Fallback value from FotMob embedded __NEXT_DATA__ marketValues.values; latest SciSports EUR value dated on or before 2026-06-11.,FotMob / SciSports,https://www.fotmob.com/players/324305/tim-payne,fotmob_scisports_market_value_latest_pre_cutoff,True,True
New Zealand,Liberato CACACE,Defender,Wrexham,,2400000.0,2737440.0,2400000.0,2737440.0,2400000.0,EUR,2026-06-01,2026-06-01,https://www.footballtransfers.com/en/players/liberato-cacace,https://www.footballtransfers.com/en/players/liberato-cacace,https://www.footballtransfers.com/en/players/liberato-cacace,2026-06-29T19:42:44,2026-06-29T19:42:44,1.1406,2026-06-29,European Central Bank euro foreign exchange reference rates,True,False,False,FootballTransfers ETV used as non-Transfermarkt player-value proxy. match_method=exact_name_country_match.,FootballTransfers,https://www.footballtransfers.com/en/players/liberato-cacace,footballtransfers_etv_validated,True,False
New Zealand,Callum McCOWATT,Midfielder,Silkeborg,,1700000.0,1939020.0,1700000.0,1939020.0,1700000.0,EUR,2026-06-01,2026-06-01,https://www.footballtransfers.com/en/players/callum-mccowatt,https://www.footballtransfers.com/en/players/callum-mccowatt,https://www.footballtransfers.com/en/players/callum-mccowatt,2026-06-29T19:42:44,2026-06-29T19:42:44,1.1406,2026-06-29,European Central Bank euro foreign exchange reference rates,True,False,False,FootballTransfers ETV used as non-Transfermarkt player-value proxy. match_method=exact_name_country_match.,FootballTransfers,https://www.footballtransfers.com/en/players/callum-mccowatt,footballtransfers_etv_validated,True,False
Norway,Fredrik AURSNES,Midfielder,Benfica,,16400000.0,18705840.0,16400000.0,18705840.0,16400000.0,EUR,2026-06-01,2026-06-01,https://www.footballtransfers.com/en/players/fredrik-aursnes,https://www.footballtransfers.com/en/players/fredrik-aursnes,https://www.footballtransfers.com/en/players/fredrik-aursnes,2026-06-29T19:42:44,2026-06-29T19:42:44,1.1406,2026-06-29,European Central Bank euro foreign exchange reference rates,True,False,False,FootballTransfers ETV used as non-Transfermarkt player-value proxy. match_method=exact_name_country_match.,FootballTransfers,https://www.footballtransfers.com/en/players/fredrik-aursnes,footballtransfers_etv_validated,True,False
Norway,Erling HAALAND,Forward,Man City,,141800000.0,161737080.0,141800000.0,161737080.0,141800000.0,EUR,2026-06-01,2026-06-01,https://www.footballtransfers.com/en/players/erling-braut-haaland,https://www.footballtransfers.com/en/players/erling-braut-haaland,https://www.footballtransfers.com/en/players/erling-braut-haaland,2026-06-29T19:42:44,2026-06-29T19:42:44,1.1406,2026-06-29,European Central Bank euro foreign exchange reference rates,True,False,False,FootballTransfers ETV used as non-Transfermarkt player-value proxy. match_method=exact_name_country_match.,FootballTransfers,https://www.footballtransfers.com/en/players/erling-braut-haaland,footballtransfers_etv_validated,True,False
Norway,Kristoffer AJER,Defender,Brentford,,20500000.0,23382300.0,20500000.0,23382300.0,20500000.0,EUR,2026-06-01,2026-06-01,https://www.footballtransfers.com/en/players/kristoffer-ajer,https://www.footballtransfers.com/en/players/kristoffer-ajer,https://www.footballtransfers.com/en/players/kristoffer-ajer,2026-06-29T19:42:44,2026-06-29T19:42:44,1.1406,2026-06-29,European Central Bank euro foreign exchange reference rates,True,False,False,FootballTransfers ETV used as non-Transfermarkt player-value proxy. match_method=exact_name_country_match.,FootballTransfers,https://www.footballtransfers.com/en/players/kristoffer-ajer,footballtransfers_etv_validated,True,False
Norway,Orjan NYLAND,Goalkeeper,Sevilla,,500000.0,570300.0,500000.0,570300.0,500000.0,EUR,2026-06-01,2026-06-01,https://www.footballtransfers.com/en/players/orjan-nyland,https://www.footballtransfers.com/en/players/orjan-nyland,https://www.footballtransfers.com/en/players/orjan-nyland,2026-06-29T19:42:44,2026-06-29T19:42:44,1.1406,2026-06-29,European Central Bank euro foreign exchange reference rates,True,False,False,FootballTransfers ETV used as non-Transfermarkt player-value proxy. match_method=exact_name_country_match.,FootballTransfers,https://www.footballtransfers.com/en/players/orjan-nyland,footballtransfers_etv_validated,True,False
Norway,Sander BERGE,Midfielder,Fulham,,27100000.0,30910260.0,27100000.0,30910260.0,27100000.0,EUR,2026-06-01,2026-06-01,https://www.footballtransfers.com/en/players/sander-gard-bolin-berge,https://www.footballtransfers.com/en/players/sander-gard-bolin-berge,https://www.footballtransfers.com/en/players/sander-gard-bolin-berge,2026-06-29T19:42:44,2026-06-29T19:42:44,1.1406,2026-06-29,European Central Bank euro foreign exchange reference rates,True,False,False,FootballTransfers ETV used as non-Transfermarkt player-value proxy. match_method=exact_name_country_match.,FootballTransfers,https://www.footballtransfers.com/en/players/sander-gard-bolin-berge,footballtransfers_etv_validated,True,False
Norway,Martin ODEGAARD,Midfielder,Arsenal,,65400000.0,74595240.0,65400000.0,74595240.0,65400000.0,EUR,2026-06-01,2026-06-01,https://www.footballtransfers.com/en/players/martin-odegaard,https://www.footballtransfers.com/en/players/martin-odegaard,https://www.footballtransfers.com/en/players/martin-odegaard,2026-06-29T19:42:44,2026-06-29T19:42:44,1.1406,2026-06-29,European Central Bank euro foreign exchange reference rates,True,False,False,FootballTransfers ETV used as non-Transfermarkt player-value proxy. match_method=exact_name_country_match.,FootballTransfers,https://www.footballtransfers.com/en/players/martin-odegaard,footballtransfers_etv_validated,True,False
Norway,Torbjorn HEGGEM,Defender,Bologna,,14700000.0,16766820.0,14700000.0,16766820.0,14700000.0,EUR,2026-06-01,2026-06-01,https://www.footballtransfers.com/en/players/torbjorn-lysaker-heggem,https://www.footballtransfers.com/en/players/torbjorn-lysaker-heggem,https://www.footballtransfers.com/en/players/torbjorn-lysaker-heggem,2026-06-29T19:42:44,2026-06-29T19:42:44,1.1406,2026-06-29,European Central Bank euro foreign exchange reference rates,True,False,False,FootballTransfers ETV used as non-Transfermarkt player-value proxy. match_method=exact_name_country_match.,FootballTransfers,https://www.footballtransfers.com/en/players/torbjorn-lysaker-heggem,footballtransfers_etv_validated,True,False
Norway,David MOLLER WOLFE,Defender,Wolves,,9600000.0,10949760.0,9600000.0,10949760.0,9600000.0,EUR,2026-06-01,2026-06-01,https://www.footballtransfers.com/en/players/david-moller-wolfe,https://www.footballtransfers.com/en/players/david-moller-wolfe,https://www.footballtransfers.com/en/players/david-moller-wolfe,2026-06-29T19:42:44,2026-06-29T19:42:44,1.1406,2026-06-29,European Central Bank euro foreign exchange reference rates,True,False,False,FootballTransfers ETV used as non-Transfermarkt player-value proxy. match_method=exact_name_country_match.,FootballTransfers,https://www.footballtransfers.com/en/players/david-moller-wolfe,footballtransfers_etv_validated,True,False
Norway,Antonio NUSA,Forward,RB Leipzig,,44400000.0,50642640.0,44400000.0,50642640.0,44400000.0,EUR,2026-06-01,2026-06-01,https://www.footballtransfers.com/en/players/antonio-eromonsele-nordby-nusa,https://www.footballtransfers.com/en/players/antonio-eromonsele-nordby-nusa,https://www.footballtransfers.com/en/players/antonio-eromonsele-nordby-nusa,2026-06-29T19:42:44,2026-06-29T19:42:44,1.1406,2026-06-29,European Central Bank euro foreign exchange reference rates,True,False,False,FootballTransfers ETV used as non-Transfermarkt player-value proxy. match_method=exact_name_country_match.,FootballTransfers,https://www.footballtransfers.com/en/players/antonio-eromonsele-nordby-nusa,footballtransfers_etv_validated,True,False
Norway,Alexander SORLOTH,Forward,Atlético Madrid,,22400000.0,25549440.0,22400000.0,25549440.0,22400000.0,EUR,2026-06-01,2026-06-01,https://www.footballtransfers.com/en/players/alexander-sorloth,https://www.footballtransfers.com/en/players/alexander-sorloth,https://www.footballtransfers.com/en/players/alexander-sorloth,2026-06-29T19:42:44,2026-06-29T19:42:44,1.1406,2026-06-29,European Central Bank euro foreign exchange reference rates,True,False,False,FootballTransfers ETV used as non-Transfermarkt player-value proxy. match_method=exact_name_country_match.,FootballTransfers,https://www.footballtransfers.com/en/players/alexander-sorloth,footballtransfers_etv_validated,True,False
Norway,Andreas SCHJELDERUP,Midfielder,Benfica,,21900000.0,24979140.0,21900000.0,24979140.0,21900000.0,EUR,2026-06-01,2026-06-01,https://www.footballtransfers.com/en/players/andreas-schjelderup,https://www.footballtransfers.com/en/players/andreas-schjelderup,https://www.footballtransfers.com/en/players/andreas-schjelderup,2026-06-29T19:42:44,2026-06-29T19:42:44,1.1406,2026-06-29,European Central Bank euro foreign exchange reference rates,True,False,False,FootballTransfers ETV used as non-Transfermarkt player-value proxy. match_method=exact_name_country_match.,FootballTransfers,https://www.footballtransfers.com/en/players/andreas-schjelderup,footballtransfers_etv_validated,True,False
Panama,Amir MURILLO,Defender,Besiktas,,8400000.0,9581040.0,8400000.0,9581040.0,8400000.0,EUR,2026-06-01,2026-06-01,https://www.footballtransfers.com/en/players/michael-murillo,https://www.footballtransfers.com/en/players/michael-murillo,https://www.footballtransfers.com/en/players/michael-murillo,2026-06-29T19:42:44,2026-06-29T19:42:44,1.1406,2026-06-29,European Central Bank euro foreign exchange reference rates,True,False,False,FootballTransfers ETV used as non-Transfermarkt player-value proxy. match_method=exact_name_country_match.,FootballTransfers,https://www.footballtransfers.com/en/players/michael-murillo,footballtransfers_etv_validated,True,False
Panama,Andres ANDRADE,Defender,LASK,,1400000.0,1596840.0,1400000.0,1596840.0,1400000.0,EUR,2026-06-01,2026-06-01,https://www.footballtransfers.com/en/players/andres-alberto-andrade-cedeno,https://www.footballtransfers.com/en/players/andres-alberto-andrade-cedeno,https://www.footballtransfers.com/en/players/andres-alberto-andrade-cedeno,2026-06-29T19:42:44,2026-06-29T19:42:44,1.1406,2026-06-29,European Central Bank euro foreign exchange reference rates,True,False,False,FootballTransfers ETV used as non-Transfermarkt player-value proxy. match_method=exact_name_country_match.,FootballTransfers,https://www.footballtransfers.com/en/players/andres-alberto-andrade-cedeno,footballtransfers_etv_validated,True,False
Panama,Jose CORDOBA,Defender,Norwich,,4100000.0,4676460.0,4100000.0,4676460.0,4100000.0,EUR,2026-06-01,2026-06-01,https://www.footballtransfers.com/en/players/jose-angel-cordoba-chambers,https://www.footballtransfers.com/en/players/jose-angel-cordoba-chambers,https://www.footballtransfers.com/en/players/jose-angel-cordoba-chambers,2026-06-29T19:42:44,2026-06-29T19:42:44,1.1406,2026-06-29,European Central Bank euro foreign exchange reference rates,True,False,False,FootballTransfers ETV used as non-Transfermarkt player-value proxy. match_method=exact_name_country_match.,FootballTransfers,https://www.footballtransfers.com/en/players/jose-angel-cordoba-chambers,footballtransfers_etv_validated,True,False
Panama,Orlando MOSQUERA,Goalkeeper,,,,,289356.0,330039.4536,289356.0,EUR,2026-06-01,2026-06-01,https://www.fotmob.com/players/531913/orlando-mosquera,https://www.fotmob.com/players/531913/orlando-mosquera,https://www.fotmob.com/players/531913/orlando-mosquera,2026-06-29T19:42:44,2026-06-29T19:42:44,1.1406,2026-06-29,European Central Bank euro foreign exchange reference rates,True,False,False,Fallback value from FotMob embedded __NEXT_DATA__ marketValues.values; latest SciSports EUR value dated on or before 2026-06-11.,FotMob / SciSports,https://www.fotmob.com/players/531913/orlando-mosquera,fotmob_scisports_market_value_latest_pre_cutoff,True,True
Panama,Carlos HARVEY,Defender,,,,,381854.0,435542.6724,381854.0,EUR,2026-06-01,2026-06-01,https://www.fotmob.com/players/1017520/carlos-harvey,https://www.fotmob.com/players/1017520/carlos-harvey,https://www.fotmob.com/players/1017520/carlos-harvey,2026-06-29T19:42:44,2026-06-29T19:42:44,1.1406,2026-06-29,European Central Bank euro foreign exchange reference rates,True,False,False,Fallback value from FotMob embedded __NEXT_DATA__ marketValues.values; latest SciSports EUR value dated on or before 2026-06-11.,FotMob / SciSports,https://www.fotmob.com/players/1017520/carlos-harvey,fotmob_scisports_market_value_latest_pre_cutoff,True,True
Panama,Edgar Yoel BARCENAS,Midfielder,,,500000.0,570300.0,500000.0,570300.0,500000.0,EUR,,,https://www.footballtransfers.com/en/players/yoel-barcenas,https://www.footballtransfers.com/en/players/yoel-barcenas,https://www.footballtransfers.com/en/players/yoel-barcenas,2026-06-30,2026-06-30,1.1406,2026-06-29,European Central Bank euro foreign exchange reference rates,,True,False,"Manual fallback from existing FootballTransfers search cache; exact identity accepted after alias/spelling check. Valuation date not visible, so date is unverified.",FootballTransfers,https://www.footballtransfers.com/en/players/yoel-barcenas,manual_fallback_footballtransfers_search_cache_date_unverified,False,True
Panama,Cristian MARTINEZ,Midfielder,Hapoel Ironi Kiryat-Shmona,,600000.0,684360.0,600000.0,684360.0,600000.0,EUR,2026-06-01,2026-06-01,https://www.footballtransfers.com/en/players/c-martinez,https://www.footballtransfers.com/en/players/c-martinez,https://www.footballtransfers.com/en/players/c-martinez,2026-06-29T19:42:44,2026-06-29T19:42:44,1.1406,2026-06-29,European Central Bank euro foreign exchange reference rates,True,False,False,FootballTransfers ETV used as non-Transfermarkt player-value proxy. match_method=exact_name_country_match.,FootballTransfers,https://www.footballtransfers.com/en/players/c-martinez,footballtransfers_etv_validated,True,False
Panama,Jose Luis RODRIGUEZ,Midfielder,Vasco,29.0,1200000.0,1368720.0,1200000.0,1368720.0,1200000.0,EUR,2026-06-01,2026-06-01,https://www.footballtransfers.com/en/players/jose-luis-rodriguez-bebanz,https://www.footballtransfers.com/en/players/jose-luis-rodriguez-bebanz,https://www.footballtransfers.com/en/players/jose-luis-rodriguez-bebanz,2026-06-29T19:54:36,2026-06-29T19:54:36,1.1406,2026-06-29,European Central Bank euro foreign exchange reference rates,True,False,False,FootballTransfers ETV manually remediated; decision=manual_verified_existing_country_gap. Accepted after profile-title review; original search text lacked team/nationality alias.,FootballTransfers,https://www.footballtransfers.com/en/players/jose-luis-rodriguez-bebanz,footballtransfers_etv_validated,True,False
Panama,Cesar BLACKMAN,Defender,Slovan,,1600000.0,1824960.0,1600000.0,1824960.0,1600000.0,EUR,2026-06-01,2026-06-01,https://www.footballtransfers.com/en/players/cesar-rodolfo-blackman-camarena,https://www.footballtransfers.com/en/players/cesar-rodolfo-blackman-camarena,https://www.footballtransfers.com/en/players/cesar-rodolfo-blackman-camarena,2026-06-29T19:42:44,2026-06-29T19:42:44,1.1406,2026-06-29,European Central Bank euro foreign exchange reference rates,True,False,False,FootballTransfers ETV used as non-Transfermarkt player-value proxy. match_method=exact_name_country_match.,FootballTransfers,https://www.footballtransfers.com/en/players/cesar-rodolfo-blackman-camarena,footballtransfers_etv_validated,True,False
Panama,Jiovany RAMOS,Defender,,,,,121444.0,138519.0264,121444.0,EUR,2026-06-01,2026-06-01,https://www.fotmob.com/players/688448/jiovany-ramos,https://www.fotmob.com/players/688448/jiovany-ramos,https://www.fotmob.com/players/688448/jiovany-ramos,2026-06-29T19:42:44,2026-06-29T19:42:44,1.1406,2026-06-29,European Central Bank euro foreign exchange reference rates,True,False,False,Fallback value from FotMob embedded __NEXT_DATA__ marketValues.values; latest SciSports EUR value dated on or before 2026-06-11.,FotMob / SciSports,https://www.fotmob.com/players/688448/jiovany-ramos,fotmob_scisports_market_value_latest_pre_cutoff,True,True
Panama,Jose FAJARDO,Forward,,,,,550000.0,627330.0,550000.0,EUR,,,https://www.transfermarkt.com/schnellsuche/ergebnis/schnellsuche?query=Jose+Fajardo,https://www.transfermarkt.com/schnellsuche/ergebnis/schnellsuche?query=Jose+Fajardo,https://www.transfermarkt.com/schnellsuche/ergebnis/schnellsuche?query=Jose+Fajardo,2026-06-30,2026-06-30,1.1406,2026-06-29,European Central Bank euro foreign exchange reference rates,,True,False,Jose FAJARDO matched to indexed identity Jose Fajardo. Manual user-supplied indexed value patched 2026-06-30; source URL is the source-site indexed lookup for the accepted identity.,Transfermarkt,https://www.transfermarkt.com/schnellsuche/ergebnis/schnellsuche?query=Jose+Fajardo,manual indexed market value,False,True
Paraguay,Andres CUBAS,Midfielder,Whitecaps,,2100000.0,2395260.0,2100000.0,2395260.0,2100000.0,EUR,2026-06-01,2026-06-01,https://www.footballtransfers.com/en/players/adrian-andres-cubas,https://www.footballtransfers.com/en/players/adrian-andres-cubas,https://www.footballtransfers.com/en/players/adrian-andres-cubas,2026-06-29T19:42:44,2026-06-29T19:42:44,1.1406,2026-06-29,European Central Bank euro foreign exchange reference rates,True,False,False,FootballTransfers ETV used as non-Transfermarkt player-value proxy. match_method=exact_name_country_match.,FootballTransfers,https://www.footballtransfers.com/en/players/adrian-andres-cubas,footballtransfers_etv_validated,True,False
Paraguay,Gustavo GOMEZ,Defender,Palmeiras,,2600000.0,2965560.0,2600000.0,2965560.0,2600000.0,EUR,2026-06-01,2026-06-01,https://www.footballtransfers.com/en/players/gustavo-raoul-gomez-portillo,https://www.footballtransfers.com/en/players/gustavo-raoul-gomez-portillo,https://www.footballtransfers.com/en/players/gustavo-raoul-gomez-portillo,2026-06-29T19:42:44,2026-06-29T19:42:44,1.1406,2026-06-29,European Central Bank euro foreign exchange reference rates,True,False,False,FootballTransfers ETV used as non-Transfermarkt player-value proxy. match_method=exact_name_country_match.,FootballTransfers,https://www.footballtransfers.com/en/players/gustavo-raoul-gomez-portillo,footballtransfers_etv_validated,True,False
Paraguay,Orlando GILL,Goalkeeper,San Lorenzo,,5100000.0,5817060.0,5100000.0,5817060.0,5100000.0,EUR,2026-06-01,2026-06-01,https://www.footballtransfers.com/en/players/orlando-david-gill-noldin,https://www.footballtransfers.com/en/players/orlando-david-gill-noldin,https://www.footballtransfers.com/en/players/orlando-david-gill-noldin,2026-06-29T19:42:44,2026-06-29T19:42:44,1.1406,2026-06-29,European Central Bank euro foreign exchange reference rates,True,False,False,FootballTransfers ETV used as non-Transfermarkt player-value proxy. match_method=exact_name_country_match.,FootballTransfers,https://www.footballtransfers.com/en/players/orlando-david-gill-noldin,footballtransfers_etv_validated,True,False
Paraguay,Julio ENCISO,Forward,Strasbourg,,25500000.0,29085300.0,25500000.0,29085300.0,25500000.0,EUR,2026-06-01,2026-06-01,https://www.footballtransfers.com/en/players/julio-cesar-enciso,https://www.footballtransfers.com/en/players/julio-cesar-enciso,https://www.footballtransfers.com/en/players/julio-cesar-enciso,2026-06-29T19:42:44,2026-06-29T19:42:44,1.1406,2026-06-29,European Central Bank euro foreign exchange reference rates,True,False,False,FootballTransfers ETV used as non-Transfermarkt player-value proxy. match_method=exact_name_country_match.,FootballTransfers,https://www.footballtransfers.com/en/players/julio-cesar-enciso,footballtransfers_etv_validated,True,False
Paraguay,Omar ALDERETE,Defender,Sunderland,,18000000.0,20530800.0,18000000.0,20530800.0,18000000.0,EUR,2026-06-01,2026-06-01,https://www.footballtransfers.com/en/players/omar-alderete,https://www.footballtransfers.com/en/players/omar-alderete,https://www.footballtransfers.com/en/players/omar-alderete,2026-06-29T19:42:44,2026-06-29T19:42:44,1.1406,2026-06-29,European Central Bank euro foreign exchange reference rates,True,False,False,FootballTransfers ETV used as non-Transfermarkt player-value proxy. match_method=exact_name_country_match.,FootballTransfers,https://www.footballtransfers.com/en/players/omar-alderete,footballtransfers_etv_validated,True,False
Paraguay,Juan Jose CACERES,Defender,Dinamo,,3800000.0,4334280.0,3800000.0,4334280.0,3800000.0,EUR,2026-06-01,2026-06-01,https://www.footballtransfers.com/en/players/juan-jose-caceres,https://www.footballtransfers.com/en/players/juan-jose-caceres,https://www.footballtransfers.com/en/players/juan-jose-caceres,2026-06-29T19:42:44,2026-06-29T19:42:44,1.1406,2026-06-29,European Central Bank euro foreign exchange reference rates,True,False,False,FootballTransfers ETV used as non-Transfermarkt player-value proxy. match_method=exact_name_country_match.,FootballTransfers,https://www.footballtransfers.com/en/players/juan-jose-caceres,footballtransfers_etv_validated,True,False
Paraguay,Diego GOMEZ,Midfielder,Brighton,,3400000.0,3878040.0,3400000.0,3878040.0,3400000.0,EUR,2026-06-01,2026-06-01,https://www.footballtransfers.com/en/players/diego-gomez-amarilla,https://www.footballtransfers.com/en/players/diego-gomez-amarilla,https://www.footballtransfers.com/en/players/diego-gomez-amarilla,2026-06-29T19:42:44,2026-06-29T19:42:44,1.1406,2026-06-29,European Central Bank euro foreign exchange reference rates,True,False,False,FootballTransfers ETV used as non-Transfermarkt player-value proxy. match_method=exact_name_country_match.,FootballTransfers,https://www.footballtransfers.com/en/players/diego-gomez-amarilla,footballtransfers_etv_validated,True,False
Paraguay,Junior ALONSO,Defender,Atl Mineiro,,1400000.0,1596840.0,1400000.0,1596840.0,1400000.0,EUR,2026-06-01,2026-06-01,https://www.footballtransfers.com/en/players/junior-osmar-ignacio-alonso,https://www.footballtransfers.com/en/players/junior-osmar-ignacio-alonso,https://www.footballtransfers.com/en/players/junior-osmar-ignacio-alonso,2026-06-29T19:42:44,2026-06-29T19:42:44,1.1406,2026-06-29,European Central Bank euro foreign exchange reference rates,True,False,False,FootballTransfers ETV used as non-Transfermarkt player-value proxy. match_method=exact_name_country_match.,FootballTransfers,https://www.footballtransfers.com/en/players/junior-osmar-ignacio-alonso,footballtransfers_etv_validated,True,False
Paraguay,Matias GALARZA,Midfielder,Atlanta Utd,,2500000.0,2851500.0,2500000.0,2851500.0,2500000.0,EUR,2026-06-02,2026-06-02,https://www.footballtransfers.com/en/players/matias-galarza,https://www.footballtransfers.com/en/players/matias-galarza,https://www.footballtransfers.com/en/players/matias-galarza,2026-06-29T19:42:44,2026-06-29T19:42:44,1.1406,2026-06-29,European Central Bank euro foreign exchange reference rates,True,False,False,FootballTransfers ETV used as non-Transfermarkt player-value proxy. match_method=normalized_name_country_match. Single same-country normalized title/slug match.,FootballTransfers,https://www.footballtransfers.com/en/players/matias-galarza,footballtransfers_etv_validated,True,False
Paraguay,Miguel ALMIRON,Midfielder,Atlanta Utd,,18100000.0,20644860.0,18100000.0,20644860.0,18100000.0,EUR,2026-06-01,2026-06-01,https://www.footballtransfers.com/en/players/miguel-angel-almiron-rejala,https://www.footballtransfers.com/en/players/miguel-angel-almiron-rejala,https://www.footballtransfers.com/en/players/miguel-angel-almiron-rejala,2026-06-29T19:42:44,2026-06-29T19:42:44,1.1406,2026-06-29,European Central Bank euro foreign exchange reference rates,True,False,False,FootballTransfers ETV used as non-Transfermarkt player-value proxy. match_method=exact_name_country_match.,FootballTransfers,https://www.footballtransfers.com/en/players/miguel-angel-almiron-rejala,footballtransfers_etv_validated,True,False
Paraguay,Gustavo VELAZQUEZ,Defender,,,,,400000.0,456240.0,400000.0,EUR,2026-05-18,2026-05-18,https://www.transfermarkt.com/schnellsuche/ergebnis/schnellsuche?query=Gustavo+Velazquez,https://www.transfermarkt.com/schnellsuche/ergebnis/schnellsuche?query=Gustavo+Velazquez,https://www.transfermarkt.com/schnellsuche/ergebnis/schnellsuche?query=Gustavo+Velazquez,2026-06-30,2026-06-30,1.1406,2026-06-29,European Central Bank euro foreign exchange reference rates,True,False,False,Gustavo VELAZQUEZ matched to indexed identity Gustavo Velazquez. Manual user-supplied indexed value patched 2026-06-30; source URL is the source-site indexed lookup for the accepted identity.,Transfermarkt,https://www.transfermarkt.com/schnellsuche/ergebnis/schnellsuche?query=Gustavo+Velazquez,manual indexed market value,True,True
Portugal,BRUNO FERNANDES,Midfielder,Man Utd,,41400000.0,47220840.0,41400000.0,47220840.0,41400000.0,EUR,2026-06-01,2026-06-01,https://www.footballtransfers.com/en/players/bruno-fernandes,https://www.footballtransfers.com/en/players/bruno-fernandes,https://www.footballtransfers.com/en/players/bruno-fernandes,2026-06-29T19:42:44,2026-06-29T19:42:44,1.1406,2026-06-29,European Central Bank euro foreign exchange reference rates,True,False,False,FootballTransfers ETV used as non-Transfermarkt player-value proxy. match_method=exact_name_country_match.,FootballTransfers,https://www.footballtransfers.com/en/players/bruno-fernandes,footballtransfers_etv_validated,True,False
Portugal,CRISTIANO RONALDO,Forward,Al-Nassr,,10400000.0,11862240.0,10400000.0,11862240.0,10400000.0,EUR,2026-06-01,2026-06-01,https://www.footballtransfers.com/en/players/cristiano-ronaldo,https://www.footballtransfers.com/en/players/cristiano-ronaldo,https://www.footballtransfers.com/en/players/cristiano-ronaldo,2026-06-29T19:42:44,2026-06-29T19:42:44,1.1406,2026-06-29,European Central Bank euro foreign exchange reference rates,True,False,False,FootballTransfers ETV used as non-Transfermarkt player-value proxy. match_method=exact_name_country_match.,FootballTransfers,https://www.footballtransfers.com/en/players/cristiano-ronaldo,footballtransfers_etv_validated,True,False
Portugal,DIOGO COSTA,Goalkeeper,Porto,,41300000.0,47106780.0,41300000.0,47106780.0,41300000.0,EUR,2026-06-01,2026-06-01,https://www.footballtransfers.com/en/players/diogo-costa-diogo-costa,https://www.footballtransfers.com/en/players/diogo-costa-diogo-costa,https://www.footballtransfers.com/en/players/diogo-costa-diogo-costa,2026-06-29T19:42:44,2026-06-29T19:42:44,1.1406,2026-06-29,European Central Bank euro foreign exchange reference rates,True,False,False,FootballTransfers ETV used as non-Transfermarkt player-value proxy. match_method=exact_name_country_match.,FootballTransfers,https://www.footballtransfers.com/en/players/diogo-costa-diogo-costa,footballtransfers_etv_validated,True,False
Portugal,RENATO VEIGA,Defender,Villarreal,,27400000.0,31252440.0,27400000.0,31252440.0,27400000.0,EUR,2026-06-01,2026-06-01,https://www.footballtransfers.com/en/players/renato-palma-veiga,https://www.footballtransfers.com/en/players/renato-palma-veiga,https://www.footballtransfers.com/en/players/renato-palma-veiga,2026-06-29T19:42:44,2026-06-29T19:42:44,1.1406,2026-06-29,European Central Bank euro foreign exchange reference rates,True,False,False,FootballTransfers ETV used as non-Transfermarkt player-value proxy. match_method=exact_name_country_match.,FootballTransfers,https://www.footballtransfers.com/en/players/renato-palma-veiga,footballtransfers_etv_validated,True,False
Portugal,JOAO CANCELO,Defender,Barcelona,,8000000.0,9124800.0,8000000.0,9124800.0,8000000.0,EUR,2026-06-01,2026-06-01,https://www.footballtransfers.com/en/players/joao-cancelo,https://www.footballtransfers.com/en/players/joao-cancelo,https://www.footballtransfers.com/en/players/joao-cancelo,2026-06-29T19:42:44,2026-06-29T19:42:44,1.1406,2026-06-29,European Central Bank euro foreign exchange reference rates,True,False,False,FootballTransfers ETV used as non-Transfermarkt player-value proxy. match_method=exact_name_country_match.,FootballTransfers,https://www.footballtransfers.com/en/players/joao-cancelo,footballtransfers_etv_validated,True,False
Portugal,NUNO MENDES,Defender,PSG,,74100000.0,84518460.0,74100000.0,84518460.0,74100000.0,EUR,2026-06-01,2026-06-01,https://www.footballtransfers.com/en/players/nuno-alexandre-tavares-mendes,https://www.footballtransfers.com/en/players/nuno-alexandre-tavares-mendes,https://www.footballtransfers.com/en/players/nuno-alexandre-tavares-mendes,2026-06-29T19:42:44,2026-06-29T19:42:44,1.1406,2026-06-29,European Central Bank euro foreign exchange reference rates,True,False,False,FootballTransfers ETV used as non-Transfermarkt player-value proxy. match_method=exact_name_country_match.,FootballTransfers,https://www.footballtransfers.com/en/players/nuno-alexandre-tavares-mendes,footballtransfers_etv_validated,True,False
Portugal,PEDRO NETO,Forward,Chelsea,,63800000.0,72770280.0,63800000.0,72770280.0,63800000.0,EUR,2026-06-01,2026-06-01,https://www.footballtransfers.com/en/players/pedro-neto-1,https://www.footballtransfers.com/en/players/pedro-neto-1,https://www.footballtransfers.com/en/players/pedro-neto-1,2026-06-29T19:42:44,2026-06-29T19:42:44,1.1406,2026-06-29,European Central Bank euro foreign exchange reference rates,True,False,False,FootballTransfers ETV used as non-Transfermarkt player-value proxy. match_method=exact_name_country_match.,FootballTransfers,https://www.footballtransfers.com/en/players/pedro-neto-1,footballtransfers_etv_validated,True,False
Portugal,VITINHA,Midfielder,PSG,26.0,115300000.0,131511180.0,115300000.0,131511180.0,115300000.0,EUR,2026-06-01,2026-06-01,https://www.footballtransfers.com/en/players/vitinha-4,https://www.footballtransfers.com/en/players/vitinha-4,https://www.footballtransfers.com/en/players/vitinha-4,2026-06-29T19:54:36,2026-06-29T19:54:36,1.1406,2026-06-29,European Central Bank euro foreign exchange reference rates,True,False,False,FootballTransfers ETV manually remediated; decision=manual_profile_verified. Portugal midfielder; candidate is Portuguese player at PSG.,FootballTransfers,https://www.footballtransfers.com/en/players/vitinha-4,footballtransfers_etv_validated,True,False
Portugal,RUBEN DIAS,Defender,Man City,,51900000.0,59197140.0,51900000.0,59197140.0,51900000.0,EUR,2026-06-01,2026-06-01,https://www.footballtransfers.com/en/players/ruben-dias,https://www.footballtransfers.com/en/players/ruben-dias,https://www.footballtransfers.com/en/players/ruben-dias,2026-06-29T19:42:44,2026-06-29T19:42:44,1.1406,2026-06-29,European Central Bank euro foreign exchange reference rates,True,False,False,FootballTransfers ETV used as non-Transfermarkt player-value proxy. match_method=exact_name_country_match.,FootballTransfers,https://www.footballtransfers.com/en/players/ruben-dias,footballtransfers_etv_validated,True,False
Portugal,JOAO NEVES,Midfielder,PSG,,83200000.0,94897920.0,83200000.0,94897920.0,83200000.0,EUR,2026-06-01,2026-06-01,https://www.footballtransfers.com/en/players/joao-pedro-goncalves-neves,https://www.footballtransfers.com/en/players/joao-pedro-goncalves-neves,https://www.footballtransfers.com/en/players/joao-pedro-goncalves-neves,2026-06-29T19:42:44,2026-06-29T19:42:44,1.1406,2026-06-29,European Central Bank euro foreign exchange reference rates,True,False,False,FootballTransfers ETV used as non-Transfermarkt player-value proxy. match_method=exact_name_country_match.,FootballTransfers,https://www.footballtransfers.com/en/players/joao-pedro-goncalves-neves,footballtransfers_etv_validated,True,False
Portugal,JOAO FELIX,Forward,Al-Nassr,,18600000.0,21215160.0,18600000.0,21215160.0,18600000.0,EUR,2026-06-01,2026-06-01,https://www.footballtransfers.com/en/players/joao-felix,https://www.footballtransfers.com/en/players/joao-felix,https://www.footballtransfers.com/en/players/joao-felix,2026-06-29T19:42:44,2026-06-29T19:42:44,1.1406,2026-06-29,European Central Bank euro foreign exchange reference rates,True,False,False,FootballTransfers ETV used as non-Transfermarkt player-value proxy. match_method=exact_name_country_match.,FootballTransfers,https://www.footballtransfers.com/en/players/joao-felix,footballtransfers_etv_validated,True,False
Qatar,BOUALEM KHOUKHI,Defender,,,,,384771.0,438869.8026,384771.0,EUR,2026-06-01,2026-06-01,https://www.fotmob.com/players/308921/boualem-khoukhi,https://www.fotmob.com/players/308921/boualem-khoukhi,https://www.fotmob.com/players/308921/boualem-khoukhi,2026-06-29T19:42:44,2026-06-29T19:42:44,1.1406,2026-06-29,European Central Bank euro foreign exchange reference rates,True,False,False,Fallback value from FotMob embedded __NEXT_DATA__ marketValues.values; latest SciSports EUR value dated on or before 2026-06-11.,FotMob / SciSports,https://www.fotmob.com/players/308921/boualem-khoukhi,fotmob_scisports_market_value_latest_pre_cutoff,True,True
Qatar,ISSA LAYE,Defender,,,,,328299.0,374457.8394,328299.0,EUR,2026-06-01,2026-06-01,https://www.fotmob.com/players/1839745/issa-laye,https://www.fotmob.com/players/1839745/issa-laye,https://www.fotmob.com/players/1839745/issa-laye,2026-06-29T19:42:44,2026-06-29T19:42:44,1.1406,2026-06-29,European Central Bank euro foreign exchange reference rates,True,False,False,Fallback value from FotMob embedded __NEXT_DATA__ marketValues.values; latest SciSports EUR value dated on or before 2026-06-11.,FotMob / SciSports,https://www.fotmob.com/players/1839745/issa-laye,fotmob_scisports_market_value_latest_pre_cutoff,True,True
Qatar,MAHMOUD ABUNADA,Goalkeeper,,,,,403968.0,460765.9008,403968.0,EUR,2026-06-01,2026-06-01,https://www.fotmob.com/players/1213141/mahmoud-abunada,https://www.fotmob.com/players/1213141/mahmoud-abunada,https://www.fotmob.com/players/1213141/mahmoud-abunada,2026-06-29T19:42:44,2026-06-29T19:42:44,1.1406,2026-06-29,European Central Bank euro foreign exchange reference rates,True,False,False,Fallback value from FotMob embedded __NEXT_DATA__ marketValues.values; latest SciSports EUR value dated on or before 2026-06-11.,FotMob / SciSports,https://www.fotmob.com/players/1213141/mahmoud-abunada,fotmob_scisports_market_value_latest_pre_cutoff,True,True
Qatar,PEDRO MIGUEL,Defender,,,,,150000.0,171090.0,150000.0,EUR,2026-05-14,2026-05-14,https://www.transfermarkt.com/schnellsuche/ergebnis/schnellsuche?query=Pedro+Miguel,https://www.transfermarkt.com/schnellsuche/ergebnis/schnellsuche?query=Pedro+Miguel,https://www.transfermarkt.com/schnellsuche/ergebnis/schnellsuche?query=Pedro+Miguel,2026-06-30,2026-06-30,1.1406,2026-06-29,European Central Bank euro foreign exchange reference rates,True,False,False,PEDRO MIGUEL matched to indexed identity Pedro Miguel. Manual user-supplied indexed value patched 2026-06-30; source URL is the source-site indexed lookup for the accepted identity.,Transfermarkt,https://www.transfermarkt.com/schnellsuche/ergebnis/schnellsuche?query=Pedro+Miguel,manual indexed market value,True,True
Qatar,EDMILSON JUNIOR,Forward,Al Duhail,,1000000.0,1140600.0,1000000.0,1140600.0,1000000.0,EUR,2026-06-01,2026-06-01,https://www.footballtransfers.com/en/players/edmilson-junior,https://www.footballtransfers.com/en/players/edmilson-junior,https://www.footballtransfers.com/en/players/edmilson-junior,2026-06-29T19:42:44,2026-06-29T19:42:44,1.1406,2026-06-29,European Central Bank euro foreign exchange reference rates,True,False,False,FootballTransfers ETV used as non-Transfermarkt player-value proxy. match_method=exact_name_country_match.,FootballTransfers,https://www.footballtransfers.com/en/players/edmilson-junior,footballtransfers_etv_validated,True,False
Qatar,AKRAM AFIF,Forward,Al Sadd,,4000000.0,4562400.0,4000000.0,4562400.0,4000000.0,EUR,2026-06-01,2026-06-01,https://www.footballtransfers.com/en/players/akram-afif,https://www.footballtransfers.com/en/players/akram-afif,https://www.footballtransfers.com/en/players/akram-afif,2026-06-29T19:42:44,2026-06-29T19:42:44,1.1406,2026-06-29,European Central Bank euro foreign exchange reference rates,True,False,False,FootballTransfers ETV used as non-Transfermarkt player-value proxy. match_method=exact_name_country_match.,FootballTransfers,https://www.footballtransfers.com/en/players/akram-afif,footballtransfers_etv_validated,True,False
Qatar,JASSEM GABER,Defender,Al Rayyan,,500000.0,570300.0,500000.0,570300.0,500000.0,EUR,2026-06-01,2026-06-01,https://www.footballtransfers.com/en/players/jassem-gaber-abdulsallam,https://www.footballtransfers.com/en/players/jassem-gaber-abdulsallam,https://www.footballtransfers.com/en/players/jassem-gaber-abdulsallam,2026-06-29T19:42:44,2026-06-29T19:42:44,1.1406,2026-06-29,European Central Bank euro foreign exchange reference rates,True,False,False,FootballTransfers ETV used as non-Transfermarkt player-value proxy. match_method=exact_name_country_match.,FootballTransfers,https://www.footballtransfers.com/en/players/jassem-gaber-abdulsallam,footballtransfers_etv_validated,True,False
Qatar,HOMAM AHMED,Defender,,,,,500000.0,570300.0,500000.0,EUR,,,https://www.transfermarkt.com/schnellsuche/ergebnis/schnellsuche?query=Homam+Al-Amin,https://www.transfermarkt.com/schnellsuche/ergebnis/schnellsuche?query=Homam+Al-Amin,https://www.transfermarkt.com/schnellsuche/ergebnis/schnellsuche?query=Homam+Al-Amin,2026-06-30,2026-06-30,1.1406,2026-06-29,European Central Bank euro foreign exchange reference rates,,True,False,HOMAM AHMED is indexed as Homam Al-Amin. Manual user-supplied indexed value patched 2026-06-30; source URL is the source-site indexed lookup for the accepted identity.,Transfermarkt,https://www.transfermarkt.com/schnellsuche/ergebnis/schnellsuche?query=Homam+Al-Amin,manual indexed market value,False,True
Qatar,ASSIM MADIBO,Midfielder,,,,,192857.0,219972.6942,192857.0,EUR,2026-06-01,2026-06-01,https://www.fotmob.com/players/615414/assim-madibo,https://www.fotmob.com/players/615414/assim-madibo,https://www.fotmob.com/players/615414/assim-madibo,2026-06-29T19:42:44,2026-06-29T19:42:44,1.1406,2026-06-29,European Central Bank euro foreign exchange reference rates,True,False,False,Fallback value from FotMob embedded __NEXT_DATA__ marketValues.values; latest SciSports EUR value dated on or before 2026-06-11.,FotMob / SciSports,https://www.fotmob.com/players/615414/assim-madibo,fotmob_scisports_market_value_latest_pre_cutoff,True,True
Qatar,AYOUB ALOUI,Defender,,,,,375000.0,427725.0,375000.0,EUR,2026-05-14,2026-05-14,https://www.transfermarkt.com/schnellsuche/ergebnis/schnellsuche?query=Ayoub+Al-Oui,https://www.transfermarkt.com/schnellsuche/ergebnis/schnellsuche?query=Ayoub+Al-Oui,https://www.transfermarkt.com/schnellsuche/ergebnis/schnellsuche?query=Ayoub+Al-Oui,2026-06-30,2026-06-30,1.1406,2026-06-29,European Central Bank euro foreign exchange reference rates,True,False,False,AYOUB ALOUI is indexed as Ayoub Al-Oui. Manual user-supplied indexed value patched 2026-06-30; source URL is the source-site indexed lookup for the accepted identity.,Transfermarkt,https://www.transfermarkt.com/schnellsuche/ergebnis/schnellsuche?query=Ayoub+Al-Oui,manual indexed market value,True,True
Qatar,SULTAN ALBRAKE,Defender,,,,,254130.0,289860.678,254130.0,EUR,2026-06-01,2026-06-01,https://www.fotmob.com/players/644014/sultan-al-brake,https://www.fotmob.com/players/644014/sultan-al-brake,https://www.fotmob.com/players/644014/sultan-al-brake,2026-06-29T19:42:44,2026-06-29T19:42:44,1.1406,2026-06-29,European Central Bank euro foreign exchange reference rates,True,False,False,Fallback value from FotMob embedded __NEXT_DATA__ marketValues.values; latest SciSports EUR value dated on or before 2026-06-11.,FotMob / SciSports,https://www.fotmob.com/players/644014/sultan-al-brake,fotmob_scisports_market_value_latest_pre_cutoff,True,True
Saudi Arabia,MOHAMMED ALOWAIS,Goalkeeper,,,,,141322.0,161191.8732,141322.0,EUR,2026-06-01,2026-06-01,https://www.fotmob.com/players/535669/mohammed-al-owais,https://www.fotmob.com/players/535669/mohammed-al-owais,https://www.fotmob.com/players/535669/mohammed-al-owais,2026-06-29T19:42:44,2026-06-29T19:42:44,1.1406,2026-06-29,European Central Bank euro foreign exchange reference rates,True,False,False,Fallback value from FotMob embedded __NEXT_DATA__ marketValues.values; latest SciSports EUR value dated on or before 2026-06-11.,FotMob / SciSports,https://www.fotmob.com/players/535669/mohammed-al-owais,fotmob_scisports_market_value_latest_pre_cutoff,True,True
Saudi Arabia,SAUD ABDULHAMID,Defender,Lens,,3200000.0,3649920.0,3200000.0,3649920.0,3200000.0,EUR,2026-06-01,2026-06-01,https://www.footballtransfers.com/en/players/saud-abdullah-abdulhamid,https://www.footballtransfers.com/en/players/saud-abdullah-abdulhamid,https://www.footballtransfers.com/en/players/saud-abdullah-abdulhamid,2026-06-29T19:42:44,2026-06-29T19:42:44,1.1406,2026-06-29,European Central Bank euro foreign exchange reference rates,True,False,False,FootballTransfers ETV used as non-Transfermarkt player-value proxy. match_method=exact_name_country_match.,FootballTransfers,https://www.footballtransfers.com/en/players/saud-abdullah-abdulhamid,footballtransfers_etv_validated,True,False
Saudi Arabia,ABDULLAH ALKHAIBARI,Midfielder,Al-Nassr,,600000.0,684360.0,600000.0,684360.0,600000.0,EUR,2026-06-02,2026-06-02,https://www.footballtransfers.com/en/players/abdullah-alkhaibari-abdullah-alkhaibari,https://www.footballtransfers.com/en/players/abdullah-alkhaibari-abdullah-alkhaibari,https://www.footballtransfers.com/en/players/abdullah-alkhaibari-abdullah-alkhaibari,2026-06-29T19:42:44,2026-06-29T19:42:44,1.1406,2026-06-29,European Central Bank euro foreign exchange reference rates,True,False,False,FootballTransfers ETV used as non-Transfermarkt player-value proxy. match_method=normalized_name_country_match. Single same-country normalized title/slug match.,FootballTransfers,https://www.footballtransfers.com/en/players/abdullah-alkhaibari-abdullah-alkhaibari,footballtransfers_etv_validated,True,False
Saudi Arabia,SALEM ALDAWSARI,Forward,Al-Hilal,,900000.0,1026540.0,900000.0,1026540.0,900000.0,EUR,2026-06-01,2026-06-01,https://www.footballtransfers.com/en/players/salem-al-dawsari,https://www.footballtransfers.com/en/players/salem-al-dawsari,https://www.footballtransfers.com/en/players/salem-al-dawsari,2026-06-29T19:42:44,2026-06-29T19:42:44,1.1406,2026-06-29,European Central Bank euro foreign exchange reference rates,True,False,False,FootballTransfers ETV used as non-Transfermarkt player-value proxy. match_method=normalized_name_country_match. Single same-country normalized title/slug match.,FootballTransfers,https://www.footballtransfers.com/en/players/salem-al-dawsari,footballtransfers_etv_validated,True,False
Saudi Arabia,Abdulelah ALAMRI,Defender,Al-Nassr,,800000.0,912480.0,800000.0,912480.0,800000.0,EUR,2026-06-02,2026-06-02,https://www.footballtransfers.com/en/players/abdulelah-al-amri,https://www.footballtransfers.com/en/players/abdulelah-al-amri,https://www.footballtransfers.com/en/players/abdulelah-al-amri,2026-06-29T19:42:44,2026-06-29T19:42:44,1.1406,2026-06-29,European Central Bank euro foreign exchange reference rates,True,False,False,FootballTransfers ETV used as non-Transfermarkt player-value proxy. match_method=normalized_name_country_match. Single same-country normalized title/slug match.,FootballTransfers,https://www.footballtransfers.com/en/players/abdulelah-al-amri,footballtransfers_etv_validated,True,False
Saudi Arabia,FERAS ALBRIKAN,Forward,,,3800000.0,4334280.0,3800000.0,4334280.0,3800000.0,EUR,,,https://www.footballtransfers.com/en/players/firas-tariq-nasser-alburaikan,https://www.footballtransfers.com/en/players/firas-tariq-nasser-alburaikan,https://www.footballtransfers.com/en/players/firas-tariq-nasser-alburaikan,2026-06-30,2026-06-30,1.1406,2026-06-29,European Central Bank euro foreign exchange reference rates,,True,False,"Manual fallback from existing FootballTransfers search cache; exact identity accepted after alias/spelling check. Valuation date not visible, so date is unverified.",FootballTransfers,https://www.footballtransfers.com/en/players/firas-tariq-nasser-alburaikan,manual_fallback_footballtransfers_search_cache_date_unverified,False,True
Saudi Arabia,HASSAN ALTAMBAKTI,Defender,Al-Hilal,27.0,1300000.0,1482780.0,1300000.0,1482780.0,1300000.0,EUR,2026-06-02,2026-06-02,https://www.footballtransfers.com/en/players/hassan-mohamed-al-tembakti,https://www.footballtransfers.com/en/players/hassan-mohamed-al-tembakti,https://www.footballtransfers.com/en/players/hassan-mohamed-al-tembakti,2026-06-29T19:54:36,2026-06-29T19:54:36,1.1406,2026-06-29,European Central Bank euro foreign exchange reference rates,True,False,False,FootballTransfers ETV manually remediated; decision=verified_normalized_same_country. Conservative variant search; accepted only a single normalized candidate.,FootballTransfers,https://www.footballtransfers.com/en/players/hassan-mohamed-al-tembakti,footballtransfers_etv_validated,True,False
Saudi Arabia,NASSER ALDAWSARI,Midfielder,Al-Hilal,,600000.0,684360.0,600000.0,684360.0,600000.0,EUR,2026-06-01,2026-06-01,https://www.footballtransfers.com/en/players/nasser-aldawsari,https://www.footballtransfers.com/en/players/nasser-aldawsari,https://www.footballtransfers.com/en/players/nasser-aldawsari,2026-06-29T19:42:44,2026-06-29T19:42:44,1.1406,2026-06-29,European Central Bank euro foreign exchange reference rates,True,False,False,FootballTransfers ETV used as non-Transfermarkt player-value proxy. match_method=normalized_name_country_match. Single same-country normalized title/slug match.,FootballTransfers,https://www.footballtransfers.com/en/players/nasser-aldawsari,footballtransfers_etv_validated,True,False
Saudi Arabia,MOHAMED KANNO,Midfielder,Al-Hilal,,700000.0,798420.0,700000.0,798420.0,700000.0,EUR,2026-06-01,2026-06-01,https://www.footballtransfers.com/en/players/mohamed-kanno,https://www.footballtransfers.com/en/players/mohamed-kanno,https://www.footballtransfers.com/en/players/mohamed-kanno,2026-06-29T19:42:44,2026-06-29T19:42:44,1.1406,2026-06-29,European Central Bank euro foreign exchange reference rates,True,False,False,FootballTransfers ETV used as non-Transfermarkt player-value proxy. match_method=exact_name_country_match.,FootballTransfers,https://www.footballtransfers.com/en/players/mohamed-kanno,footballtransfers_etv_validated,True,False
Saudi Arabia,MOTEB ALHARBI,Defender,Al-Hilal,,900000.0,1026540.0,900000.0,1026540.0,900000.0,EUR,2026-06-02,2026-06-02,https://www.footballtransfers.com/en/players/moteb-alharbi,https://www.footballtransfers.com/en/players/moteb-alharbi,https://www.footballtransfers.com/en/players/moteb-alharbi,2026-06-29T19:42:44,2026-06-29T19:42:44,1.1406,2026-06-29,European Central Bank euro foreign exchange reference rates,True,False,False,FootballTransfers ETV used as non-Transfermarkt player-value proxy. match_method=normalized_name_country_match. Single same-country normalized title/slug match.,FootballTransfers,https://www.footballtransfers.com/en/players/moteb-alharbi,footballtransfers_etv_validated,True,False
Saudi Arabia,ALI LAJAMI,Defender,,,600000.0,684360.0,600000.0,684360.0,600000.0,EUR,,,https://www.footballtransfers.com/en/players/ali-aloujami,https://www.footballtransfers.com/en/players/ali-aloujami,https://www.footballtransfers.com/en/players/ali-aloujami,2026-06-29T19:42:44,2026-06-29T19:42:44,1.1406,2026-06-29,European Central Bank euro foreign exchange reference rates,,True,False,FootballTransfers ETV retained per controlled fallback rule; profile had usable ETV but no verifiable update date.,FootballTransfers,https://www.footballtransfers.com/en/players/ali-aloujami,footballtransfers_etv_profile_value_date_unverified,False,True
Scotland,Angus Gunn,Goalkeeper,N. Forest,,1200000.0,1368720.0,1200000.0,1368720.0,1200000.0,EUR,2026-06-01,2026-06-01,https://www.footballtransfers.com/en/players/angus-gunn,https://www.footballtransfers.com/en/players/angus-gunn,https://www.footballtransfers.com/en/players/angus-gunn,2026-06-29T19:42:44,2026-06-29T19:42:44,1.1406,2026-06-29,European Central Bank euro foreign exchange reference rates,True,False,False,FootballTransfers ETV used as non-Transfermarkt player-value proxy. match_method=exact_name_country_match.,FootballTransfers,https://www.footballtransfers.com/en/players/angus-gunn,footballtransfers_etv_validated,True,False
Scotland,Jack Hendry,Defender,Al-Ettifaq,,1300000.0,1482780.0,1300000.0,1482780.0,1300000.0,EUR,2026-06-01,2026-06-01,https://www.footballtransfers.com/en/players/jack-hendry,https://www.footballtransfers.com/en/players/jack-hendry,https://www.footballtransfers.com/en/players/jack-hendry,2026-06-29T19:42:44,2026-06-29T19:42:44,1.1406,2026-06-29,European Central Bank euro foreign exchange reference rates,True,False,False,FootballTransfers ETV used as non-Transfermarkt player-value proxy. match_method=exact_name_country_match.,FootballTransfers,https://www.footballtransfers.com/en/players/jack-hendry,footballtransfers_etv_validated,True,False
Scotland,Lewis FERGUSON,Midfielder,Bologna,,19200000.0,21899520.0,19200000.0,21899520.0,19200000.0,EUR,2026-06-01,2026-06-01,https://www.footballtransfers.com/en/players/lewis-ferguson,https://www.footballtransfers.com/en/players/lewis-ferguson,https://www.footballtransfers.com/en/players/lewis-ferguson,2026-06-29T19:42:44,2026-06-29T19:42:44,1.1406,2026-06-29,European Central Bank euro foreign exchange reference rates,True,False,False,FootballTransfers ETV used as non-Transfermarkt player-value proxy. match_method=exact_name_country_match.,FootballTransfers,https://www.footballtransfers.com/en/players/lewis-ferguson,footballtransfers_etv_validated,True,False
Scotland,Scott McTominay,Midfielder,Napoli,,44900000.0,51212940.0,44900000.0,51212940.0,44900000.0,EUR,2026-06-01,2026-06-01,https://www.footballtransfers.com/en/players/scott-mctominay,https://www.footballtransfers.com/en/players/scott-mctominay,https://www.footballtransfers.com/en/players/scott-mctominay,2026-06-29T19:42:44,2026-06-29T19:42:44,1.1406,2026-06-29,European Central Bank euro foreign exchange reference rates,True,False,False,FootballTransfers ETV used as non-Transfermarkt player-value proxy. match_method=exact_name_country_match.,FootballTransfers,https://www.footballtransfers.com/en/players/scott-mctominay,footballtransfers_etv_validated,True,False
Scotland,Andy ROBERTSON,Defender,Liverpool,32.0,10300000.0,11748180.0,10300000.0,11748180.0,10300000.0,EUR,2026-06-02,2026-06-02,https://www.footballtransfers.com/en/players/andrew-robertson,https://www.footballtransfers.com/en/players/andrew-robertson,https://www.footballtransfers.com/en/players/andrew-robertson,2026-06-29T19:54:36,2026-06-29T19:54:36,1.1406,2026-06-29,European Central Bank euro foreign exchange reference rates,True,False,False,FootballTransfers ETV manually remediated; decision=manual_profile_verified. Known FootballTransfers profile uses Andrew Robertson.,FootballTransfers,https://www.footballtransfers.com/en/players/andrew-robertson,footballtransfers_etv_validated,True,False
Scotland,John McGinn,Midfielder,A. Villa,,17600000.0,20074560.0,17600000.0,20074560.0,17600000.0,EUR,2026-06-01,2026-06-01,https://www.footballtransfers.com/en/players/john-mcginn,https://www.footballtransfers.com/en/players/john-mcginn,https://www.footballtransfers.com/en/players/john-mcginn,2026-06-29T19:42:44,2026-06-29T19:42:44,1.1406,2026-06-29,European Central Bank euro foreign exchange reference rates,True,False,False,FootballTransfers ETV used as non-Transfermarkt player-value proxy. match_method=exact_name_country_match.,FootballTransfers,https://www.footballtransfers.com/en/players/john-mcginn,footballtransfers_etv_validated,True,False
Scotland,Grant Hanley,Defender,,,,,333933.0,380883.9798,333933.0,EUR,2026-06-01,2026-06-01,https://www.fotmob.com/players/202180/grant-hanley,https://www.fotmob.com/players/202180/grant-hanley,https://www.fotmob.com/players/202180/grant-hanley,2026-06-29T19:42:44,2026-06-29T19:42:44,1.1406,2026-06-29,European Central Bank euro foreign exchange reference rates,True,False,False,Fallback value from FotMob embedded __NEXT_DATA__ marketValues.values; latest SciSports EUR value dated on or before 2026-06-11.,FotMob / SciSports,https://www.fotmob.com/players/202180/grant-hanley,fotmob_scisports_market_value_latest_pre_cutoff,True,True
Scotland,Ben GANNON-DOAK,Forward,B'mouth,,21500000.0,24522900.0,21500000.0,24522900.0,21500000.0,EUR,2026-06-01,2026-06-01,https://www.footballtransfers.com/en/players/ben-doak,https://www.footballtransfers.com/en/players/ben-doak,https://www.footballtransfers.com/en/players/ben-doak,2026-06-29T19:42:44,2026-06-29T19:42:44,1.1406,2026-06-29,European Central Bank euro foreign exchange reference rates,True,False,False,FootballTransfers ETV used as non-Transfermarkt player-value proxy. match_method=exact_name_country_match.,FootballTransfers,https://www.footballtransfers.com/en/players/ben-doak,footballtransfers_etv_validated,True,False
Scotland,Nathan PATTERSON,Defender,Everton,,12600000.0,14371560.0,12600000.0,14371560.0,12600000.0,EUR,2026-06-01,2026-06-01,https://www.footballtransfers.com/en/players/nathan-patterson,https://www.footballtransfers.com/en/players/nathan-patterson,https://www.footballtransfers.com/en/players/nathan-patterson,2026-06-29T19:42:44,2026-06-29T19:42:44,1.1406,2026-06-29,European Central Bank euro foreign exchange reference rates,True,False,False,FootballTransfers ETV used as non-Transfermarkt player-value proxy. match_method=exact_name_country_match.,FootballTransfers,https://www.footballtransfers.com/en/players/nathan-patterson,footballtransfers_etv_validated,True,False
Scotland,Lawrence SHANKLAND,Forward,Hearts,,2200000.0,2509320.0,2200000.0,2509320.0,2200000.0,EUR,2026-06-01,2026-06-01,https://www.footballtransfers.com/en/players/lawrence-shankland,https://www.footballtransfers.com/en/players/lawrence-shankland,https://www.footballtransfers.com/en/players/lawrence-shankland,2026-06-29T19:42:44,2026-06-29T19:42:44,1.1406,2026-06-29,European Central Bank euro foreign exchange reference rates,True,False,False,FootballTransfers ETV used as non-Transfermarkt player-value proxy. match_method=exact_name_country_match.,FootballTransfers,https://www.footballtransfers.com/en/players/lawrence-shankland,footballtransfers_etv_validated,True,False
Scotland,Che Adams,Forward,Torino,,9000000.0,10265400.0,9000000.0,10265400.0,9000000.0,EUR,2026-06-01,2026-06-01,https://www.footballtransfers.com/en/players/che-adams,https://www.footballtransfers.com/en/players/che-adams,https://www.footballtransfers.com/en/players/che-adams,2026-06-29T19:42:44,2026-06-29T19:42:44,1.1406,2026-06-29,European Central Bank euro foreign exchange reference rates,True,False,False,FootballTransfers ETV used as non-Transfermarkt player-value proxy. match_method=exact_name_country_match.,FootballTransfers,https://www.footballtransfers.com/en/players/che-adams,footballtransfers_etv_validated,True,False
Senegal,Krepin DIATTA,Defender,Monaco,,3500000.0,3992100.0,3500000.0,3992100.0,3500000.0,EUR,2026-06-01,2026-06-01,https://www.footballtransfers.com/en/players/krepin-diatta,https://www.footballtransfers.com/en/players/krepin-diatta,https://www.footballtransfers.com/en/players/krepin-diatta,2026-06-29T19:42:44,2026-06-29T19:42:44,1.1406,2026-06-29,European Central Bank euro foreign exchange reference rates,True,False,False,FootballTransfers ETV used as non-Transfermarkt player-value proxy. match_method=exact_name_country_match.,FootballTransfers,https://www.footballtransfers.com/en/players/krepin-diatta,footballtransfers_etv_validated,True,False
Senegal,Moussa Niakhate,Defender,Lyon,,17800000.0,20302680.0,17800000.0,20302680.0,17800000.0,EUR,2026-06-01,2026-06-01,https://www.footballtransfers.com/en/players/moussa-niakhate,https://www.footballtransfers.com/en/players/moussa-niakhate,https://www.footballtransfers.com/en/players/moussa-niakhate,2026-06-29T19:42:44,2026-06-29T19:42:44,1.1406,2026-06-29,European Central Bank euro foreign exchange reference rates,True,False,False,FootballTransfers ETV used as non-Transfermarkt player-value proxy. match_method=exact_name_country_match.,FootballTransfers,https://www.footballtransfers.com/en/players/moussa-niakhate,footballtransfers_etv_validated,True,False
Senegal,Sadio MANE,Forward,Al-Nassr,,9300000.0,10607580.0,9300000.0,10607580.0,9300000.0,EUR,2026-06-01,2026-06-01,https://www.footballtransfers.com/en/players/sadio-mane,https://www.footballtransfers.com/en/players/sadio-mane,https://www.footballtransfers.com/en/players/sadio-mane,2026-06-29T19:42:44,2026-06-29T19:42:44,1.1406,2026-06-29,European Central Bank euro foreign exchange reference rates,True,False,False,FootballTransfers ETV used as non-Transfermarkt player-value proxy. match_method=exact_name_country_match.,FootballTransfers,https://www.footballtransfers.com/en/players/sadio-mane,footballtransfers_etv_validated,True,False
Senegal,Idrissa Gana GUEYE,Midfielder,,,,,1499663.0,1710515.6178,1499663.0,EUR,2026-06-01,2026-06-01,https://www.fotmob.com/players/179410/idrissa-gana-gueye,https://www.fotmob.com/players/179410/idrissa-gana-gueye,https://www.fotmob.com/players/179410/idrissa-gana-gueye,2026-06-29T19:42:44,2026-06-29T19:42:44,1.1406,2026-06-29,European Central Bank euro foreign exchange reference rates,True,False,False,Fallback value from FotMob embedded __NEXT_DATA__ marketValues.values; latest SciSports EUR value dated on or before 2026-06-11.,FotMob / SciSports,https://www.fotmob.com/players/179410/idrissa-gana-gueye,fotmob_scisports_market_value_latest_pre_cutoff,True,True
Senegal,Ismaila SARR,Forward,C. Palace,,41500000.0,47334900.0,41500000.0,47334900.0,41500000.0,EUR,2026-06-01,2026-06-01,https://www.footballtransfers.com/en/players/ismaila-sarr,https://www.footballtransfers.com/en/players/ismaila-sarr,https://www.footballtransfers.com/en/players/ismaila-sarr,2026-06-29T19:42:44,2026-06-29T19:42:44,1.1406,2026-06-29,European Central Bank euro foreign exchange reference rates,True,False,False,FootballTransfers ETV used as non-Transfermarkt player-value proxy. match_method=exact_name_country_match.,FootballTransfers,https://www.footballtransfers.com/en/players/ismaila-sarr,footballtransfers_etv_validated,True,False
Senegal,Nicolas JACKSON,Forward,Bayern,,44100000.0,50300460.0,44100000.0,50300460.0,44100000.0,EUR,2026-06-01,2026-06-01,https://www.footballtransfers.com/en/players/nicolas-jackson-1,https://www.footballtransfers.com/en/players/nicolas-jackson-1,https://www.footballtransfers.com/en/players/nicolas-jackson-1,2026-06-29T19:42:44,2026-06-29T19:42:44,1.1406,2026-06-29,European Central Bank euro foreign exchange reference rates,True,False,False,FootballTransfers ETV used as non-Transfermarkt player-value proxy. match_method=exact_name_country_match.,FootballTransfers,https://www.footballtransfers.com/en/players/nicolas-jackson-1,footballtransfers_etv_validated,True,False
Senegal,Lamine CAMARA,Midfielder,Monaco,,41000000.0,46764600.0,41000000.0,46764600.0,41000000.0,EUR,2026-06-01,2026-06-01,https://www.footballtransfers.com/en/players/mamadou-lamine-camara,https://www.footballtransfers.com/en/players/mamadou-lamine-camara,https://www.footballtransfers.com/en/players/mamadou-lamine-camara,2026-06-29T19:42:44,2026-06-29T19:42:44,1.1406,2026-06-29,European Central Bank euro foreign exchange reference rates,True,False,False,FootballTransfers ETV used as non-Transfermarkt player-value proxy. match_method=exact_name_country_match.,FootballTransfers,https://www.footballtransfers.com/en/players/mamadou-lamine-camara,footballtransfers_etv_validated,True,False
Senegal,Pape GUEYE,Midfielder,Villarreal,,30000000.0,34218000.0,30000000.0,34218000.0,30000000.0,EUR,2026-06-01,2026-06-01,https://www.footballtransfers.com/en/players/pape-alassane-gueye,https://www.footballtransfers.com/en/players/pape-alassane-gueye,https://www.footballtransfers.com/en/players/pape-alassane-gueye,2026-06-29T19:42:44,2026-06-29T19:42:44,1.1406,2026-06-29,European Central Bank euro foreign exchange reference rates,True,False,False,FootballTransfers ETV used as non-Transfermarkt player-value proxy. match_method=exact_name_country_match.,FootballTransfers,https://www.footballtransfers.com/en/players/pape-alassane-gueye,footballtransfers_etv_validated,True,False
Senegal,Kalidou KOULIBALY,Defender,Al-Hilal,,3400000.0,3878040.0,3400000.0,3878040.0,3400000.0,EUR,2026-06-01,2026-06-01,https://www.footballtransfers.com/en/players/kalidou-koulibaly,https://www.footballtransfers.com/en/players/kalidou-koulibaly,https://www.footballtransfers.com/en/players/kalidou-koulibaly,2026-06-29T19:42:44,2026-06-29T19:42:44,1.1406,2026-06-29,European Central Bank euro foreign exchange reference rates,True,False,False,FootballTransfers ETV used as non-Transfermarkt player-value proxy. match_method=exact_name_country_match.,FootballTransfers,https://www.footballtransfers.com/en/players/kalidou-koulibaly,footballtransfers_etv_validated,True,False
Senegal,Edouard MENDY,Goalkeeper,Al Ahli,,2200000.0,2509320.0,2200000.0,2509320.0,2200000.0,EUR,2026-06-01,2026-06-01,https://www.footballtransfers.com/en/players/edouard-mendy,https://www.footballtransfers.com/en/players/edouard-mendy,https://www.footballtransfers.com/en/players/edouard-mendy,2026-06-29T19:42:44,2026-06-29T19:42:44,1.1406,2026-06-29,European Central Bank euro foreign exchange reference rates,True,False,False,FootballTransfers ETV used as non-Transfermarkt player-value proxy. match_method=exact_name_country_match.,FootballTransfers,https://www.footballtransfers.com/en/players/edouard-mendy,footballtransfers_etv_validated,True,False
Senegal,El Hadji Malick DIOUF,Defender,West Ham,,42200000.0,48133320.0,42200000.0,48133320.0,42200000.0,EUR,2026-06-01,2026-06-01,https://www.footballtransfers.com/en/players/el-hadji-malick-diouf,https://www.footballtransfers.com/en/players/el-hadji-malick-diouf,https://www.footballtransfers.com/en/players/el-hadji-malick-diouf,2026-06-29T19:42:44,2026-06-29T19:42:44,1.1406,2026-06-29,European Central Bank euro foreign exchange reference rates,True,False,False,FootballTransfers ETV used as non-Transfermarkt player-value proxy. match_method=exact_name_country_match.,FootballTransfers,https://www.footballtransfers.com/en/players/el-hadji-malick-diouf,footballtransfers_etv_validated,True,False
South Africa,Ime OKON,Defender,Hannover 96,,1900000.0,2167140.0,1900000.0,2167140.0,1900000.0,EUR,2026-06-01,2026-06-01,https://www.footballtransfers.com/en/players/ime-okon,https://www.footballtransfers.com/en/players/ime-okon,https://www.footballtransfers.com/en/players/ime-okon,2026-06-29T19:42:44,2026-06-29T19:42:44,1.1406,2026-06-29,European Central Bank euro foreign exchange reference rates,True,False,False,FootballTransfers ETV used as non-Transfermarkt player-value proxy. match_method=exact_name_country_match.,FootballTransfers,https://www.footballtransfers.com/en/players/ime-okon,footballtransfers_etv_validated,True,False
South Africa,Khuliso MUDAU,Defender,Mamelodi,,500000.0,570300.0,500000.0,570300.0,500000.0,EUR,2026-06-01,2026-06-01,https://www.footballtransfers.com/en/players/khuliso-mudau,https://www.footballtransfers.com/en/players/khuliso-mudau,https://www.footballtransfers.com/en/players/khuliso-mudau,2026-06-29T19:42:44,2026-06-29T19:42:44,1.1406,2026-06-29,European Central Bank euro foreign exchange reference rates,True,False,False,FootballTransfers ETV used as non-Transfermarkt player-value proxy. match_method=exact_name_country_match.,FootballTransfers,https://www.footballtransfers.com/en/players/khuliso-mudau,footballtransfers_etv_validated,True,False
South Africa,Mbekezeli MBOKAZI,Defender,Chicago Fire,,700000.0,798420.0,700000.0,798420.0,700000.0,EUR,2026-06-01,2026-06-01,https://www.footballtransfers.com/en/players/mbekezeli-mbokazi-6,https://www.footballtransfers.com/en/players/mbekezeli-mbokazi-6,https://www.footballtransfers.com/en/players/mbekezeli-mbokazi-6,2026-06-29T19:42:44,2026-06-29T19:42:44,1.1406,2026-06-29,European Central Bank euro foreign exchange reference rates,True,False,False,FootballTransfers ETV used as non-Transfermarkt player-value proxy. match_method=exact_name_country_match.,FootballTransfers,https://www.footballtransfers.com/en/players/mbekezeli-mbokazi-6,footballtransfers_etv_validated,True,False
South Africa,Ronwen WILLIAMS,Goalkeeper,Mamelodi,,600000.0,684360.0,600000.0,684360.0,600000.0,EUR,2026-06-01,2026-06-01,https://www.footballtransfers.com/en/players/ronwen-williams,https://www.footballtransfers.com/en/players/ronwen-williams,https://www.footballtransfers.com/en/players/ronwen-williams,2026-06-29T19:42:44,2026-06-29T19:42:44,1.1406,2026-06-29,European Central Bank euro foreign exchange reference rates,True,False,False,FootballTransfers ETV used as non-Transfermarkt player-value proxy. match_method=exact_name_country_match.,FootballTransfers,https://www.footballtransfers.com/en/players/ronwen-williams,footballtransfers_etv_validated,True,False
South Africa,Aubrey MODIBA,Defender,Mamelodi,,800000.0,912480.0,800000.0,912480.0,800000.0,EUR,2026-06-01,2026-06-01,https://www.footballtransfers.com/en/players/aubrey-maphosa-modiba,https://www.footballtransfers.com/en/players/aubrey-maphosa-modiba,https://www.footballtransfers.com/en/players/aubrey-maphosa-modiba,2026-06-29T19:42:44,2026-06-29T19:42:44,1.1406,2026-06-29,European Central Bank euro foreign exchange reference rates,True,False,False,FootballTransfers ETV used as non-Transfermarkt player-value proxy. match_method=exact_name_country_match.,FootballTransfers,https://www.footballtransfers.com/en/players/aubrey-maphosa-modiba,footballtransfers_etv_validated,True,False
South Africa,Thalente MBATHA,Midfielder,Orlando,,800000.0,912480.0,800000.0,912480.0,800000.0,EUR,2026-06-01,2026-06-01,https://www.footballtransfers.com/en/players/thalente-mbatha,https://www.footballtransfers.com/en/players/thalente-mbatha,https://www.footballtransfers.com/en/players/thalente-mbatha,2026-06-29T19:42:44,2026-06-29T19:42:44,1.1406,2026-06-29,European Central Bank euro foreign exchange reference rates,True,False,False,FootballTransfers ETV used as non-Transfermarkt player-value proxy. match_method=exact_name_country_match.,FootballTransfers,https://www.footballtransfers.com/en/players/thalente-mbatha,footballtransfers_etv_validated,True,False
South Africa,Teboho MOKOENA,Midfielder,Mamelodi,,1500000.0,1710900.0,1500000.0,1710900.0,1500000.0,EUR,2026-06-01,2026-06-01,https://www.footballtransfers.com/en/players/teboho-mokoena,https://www.footballtransfers.com/en/players/teboho-mokoena,https://www.footballtransfers.com/en/players/teboho-mokoena,2026-06-29T19:42:44,2026-06-29T19:42:44,1.1406,2026-06-29,European Central Bank euro foreign exchange reference rates,True,False,False,FootballTransfers ETV used as non-Transfermarkt player-value proxy. match_method=exact_name_country_match.,FootballTransfers,https://www.footballtransfers.com/en/players/teboho-mokoena,footballtransfers_etv_validated,True,False
South Africa,Sphephelo SITHOLE,Midfielder,,,,,543888.0,620358.6528,543888.0,EUR,2026-06-01,2026-06-01,https://www.fotmob.com/players/1107735/sphephelo-sithole,https://www.fotmob.com/players/1107735/sphephelo-sithole,https://www.fotmob.com/players/1107735/sphephelo-sithole,2026-06-29T19:42:44,2026-06-29T19:42:44,1.1406,2026-06-29,European Central Bank euro foreign exchange reference rates,True,False,False,Fallback value from FotMob embedded __NEXT_DATA__ marketValues.values; latest SciSports EUR value dated on or before 2026-06-11.,FotMob / SciSports,https://www.fotmob.com/players/1107735/sphephelo-sithole,fotmob_scisports_market_value_latest_pre_cutoff,True,True
South Africa,Oswin APPOLLIS,Forward,Orlando,,700000.0,798420.0,700000.0,798420.0,700000.0,EUR,2026-06-01,2026-06-01,https://www.footballtransfers.com/en/players/oswin-appollis,https://www.footballtransfers.com/en/players/oswin-appollis,https://www.footballtransfers.com/en/players/oswin-appollis,2026-06-29T19:42:44,2026-06-29T19:42:44,1.1406,2026-06-29,European Central Bank euro foreign exchange reference rates,True,False,False,FootballTransfers ETV used as non-Transfermarkt player-value proxy. match_method=exact_name_country_match.,FootballTransfers,https://www.footballtransfers.com/en/players/oswin-appollis,footballtransfers_etv_validated,True,False
South Africa,Jayden ADAMS,Midfielder,,,,,264000.0,301118.4,264000.0,EUR,2026-06-01,2026-06-01,https://www.fotmob.com/players/1178629/jayden-adams,https://www.fotmob.com/players/1178629/jayden-adams,https://www.fotmob.com/players/1178629/jayden-adams,2026-06-29T19:42:44,2026-06-29T19:42:44,1.1406,2026-06-29,European Central Bank euro foreign exchange reference rates,True,False,False,Fallback value from FotMob embedded __NEXT_DATA__ marketValues.values; latest SciSports EUR value dated on or before 2026-06-11.,FotMob / SciSports,https://www.fotmob.com/players/1178629/jayden-adams,fotmob_scisports_market_value_latest_pre_cutoff,True,True
South Africa,Iqraam RAYNERS,Forward,Mamelodi,,1700000.0,1939020.0,1700000.0,1939020.0,1700000.0,EUR,2026-06-01,2026-06-01,https://www.footballtransfers.com/en/players/iqraam-rayners,https://www.footballtransfers.com/en/players/iqraam-rayners,https://www.footballtransfers.com/en/players/iqraam-rayners,2026-06-29T19:42:44,2026-06-29T19:42:44,1.1406,2026-06-29,European Central Bank euro foreign exchange reference rates,True,False,False,FootballTransfers ETV used as non-Transfermarkt player-value proxy. match_method=exact_name_country_match.,FootballTransfers,https://www.footballtransfers.com/en/players/iqraam-rayners,footballtransfers_etv_validated,True,False
Spain,Aymeric LAPORTE,Defender,Athletic,,7000000.0,7984200.0,7000000.0,7984200.0,7000000.0,EUR,2026-06-01,2026-06-01,https://www.footballtransfers.com/en/players/aymeric-laporte,https://www.footballtransfers.com/en/players/aymeric-laporte,https://www.footballtransfers.com/en/players/aymeric-laporte,2026-06-29T19:42:44,2026-06-29T19:42:44,1.1406,2026-06-29,European Central Bank euro foreign exchange reference rates,True,False,False,FootballTransfers ETV used as non-Transfermarkt player-value proxy. match_method=exact_name_country_match.,FootballTransfers,https://www.footballtransfers.com/en/players/aymeric-laporte,footballtransfers_etv_validated,True,False
Spain,Marc CUCURELLA,Defender,Chelsea,,45900000.0,52353540.0,45900000.0,52353540.0,45900000.0,EUR,2026-06-01,2026-06-01,https://www.footballtransfers.com/en/players/marc-cucurella-saseta,https://www.footballtransfers.com/en/players/marc-cucurella-saseta,https://www.footballtransfers.com/en/players/marc-cucurella-saseta,2026-06-29T19:42:44,2026-06-29T19:42:44,1.1406,2026-06-29,European Central Bank euro foreign exchange reference rates,True,False,False,FootballTransfers ETV used as non-Transfermarkt player-value proxy. match_method=exact_name_country_match.,FootballTransfers,https://www.footballtransfers.com/en/players/marc-cucurella-saseta,footballtransfers_etv_validated,True,False
Spain,Pau CUBARSI,Defender,Barcelona,,134000000.0,152840400.0,134000000.0,152840400.0,134000000.0,EUR,2026-06-01,2026-06-01,https://www.footballtransfers.com/en/players/pau-cubarsi,https://www.footballtransfers.com/en/players/pau-cubarsi,https://www.footballtransfers.com/en/players/pau-cubarsi,2026-06-29T19:42:44,2026-06-29T19:42:44,1.1406,2026-06-29,European Central Bank euro foreign exchange reference rates,True,False,False,FootballTransfers ETV used as non-Transfermarkt player-value proxy. match_method=exact_name_country_match.,FootballTransfers,https://www.footballtransfers.com/en/players/pau-cubarsi,footballtransfers_etv_validated,True,False
Spain,Unai SIMON,Goalkeeper,Athletic,,25500000.0,29085300.0,25500000.0,29085300.0,25500000.0,EUR,2026-06-01,2026-06-01,https://www.footballtransfers.com/en/players/unai-simon-mendibil,https://www.footballtransfers.com/en/players/unai-simon-mendibil,https://www.footballtransfers.com/en/players/unai-simon-mendibil,2026-06-29T19:42:44,2026-06-29T19:42:44,1.1406,2026-06-29,European Central Bank euro foreign exchange reference rates,True,False,False,FootballTransfers ETV used as non-Transfermarkt player-value proxy. match_method=exact_name_country_match.,FootballTransfers,https://www.footballtransfers.com/en/players/unai-simon-mendibil,footballtransfers_etv_validated,True,False
Spain,RODRI,Midfielder,Man City,,73100000.0,83377860.0,73100000.0,83377860.0,73100000.0,EUR,2026-06-01,2026-06-01,https://www.footballtransfers.com/en/players/rodri-5,https://www.footballtransfers.com/en/players/rodri-5,https://www.footballtransfers.com/en/players/rodri-5,2026-06-29T19:42:44,2026-06-29T19:42:44,1.1406,2026-06-29,European Central Bank euro foreign exchange reference rates,True,False,False,FootballTransfers ETV used as non-Transfermarkt player-value proxy. match_method=exact_name_country_match.,FootballTransfers,https://www.footballtransfers.com/en/players/rodri-5,footballtransfers_etv_validated,True,False
Spain,Mikel OYARZABAL,Forward,R. Sociedad,,34400000.0,39236640.0,34400000.0,39236640.0,34400000.0,EUR,2026-06-01,2026-06-01,https://www.footballtransfers.com/en/players/mikel-oyarzabal,https://www.footballtransfers.com/en/players/mikel-oyarzabal,https://www.footballtransfers.com/en/players/mikel-oyarzabal,2026-06-29T19:42:44,2026-06-29T19:42:44,1.1406,2026-06-29,European Central Bank euro foreign exchange reference rates,True,False,False,FootballTransfers ETV used as non-Transfermarkt player-value proxy. match_method=exact_name_country_match.,FootballTransfers,https://www.footballtransfers.com/en/players/mikel-oyarzabal,footballtransfers_etv_validated,True,False
Spain,PEDRI,Midfielder,Barcelona,,106900000.0,121930140.0,106900000.0,121930140.0,106900000.0,EUR,2026-06-01,2026-06-01,https://www.footballtransfers.com/en/players/pedri-1,https://www.footballtransfers.com/en/players/pedri-1,https://www.footballtransfers.com/en/players/pedri-1,2026-06-29T19:42:44,2026-06-29T19:42:44,1.1406,2026-06-29,European Central Bank euro foreign exchange reference rates,True,False,False,FootballTransfers ETV used as non-Transfermarkt player-value proxy. match_method=exact_name_country_match.,FootballTransfers,https://www.footballtransfers.com/en/players/pedri-1,footballtransfers_etv_validated,True,False
Spain,Marcos LLORENTE,Defender,Atlético Madrid,,18500000.0,21101100.0,18500000.0,21101100.0,18500000.0,EUR,2026-06-01,2026-06-01,https://www.footballtransfers.com/en/players/llorente-moreno,https://www.footballtransfers.com/en/players/llorente-moreno,https://www.footballtransfers.com/en/players/llorente-moreno,2026-06-29T19:42:44,2026-06-29T19:42:44,1.1406,2026-06-29,European Central Bank euro foreign exchange reference rates,True,False,False,FootballTransfers ETV used as non-Transfermarkt player-value proxy. match_method=exact_name_country_match.,FootballTransfers,https://www.footballtransfers.com/en/players/llorente-moreno,footballtransfers_etv_validated,True,False
Spain,Lamine YAMAL,Forward,Barcelona,,191200000.0,218082720.0,191200000.0,218082720.0,191200000.0,EUR,2026-06-01,2026-06-01,https://www.footballtransfers.com/en/players/lamine-yamal,https://www.footballtransfers.com/en/players/lamine-yamal,https://www.footballtransfers.com/en/players/lamine-yamal,2026-06-29T19:42:44,2026-06-29T19:42:44,1.1406,2026-06-29,European Central Bank euro foreign exchange reference rates,True,False,False,FootballTransfers ETV used as non-Transfermarkt player-value proxy. match_method=exact_name_country_match.,FootballTransfers,https://www.footballtransfers.com/en/players/lamine-yamal,footballtransfers_etv_validated,True,False
Spain,Fabian RUIZ,Midfielder,PSG,,33300000.0,37981980.0,33300000.0,37981980.0,33300000.0,EUR,2026-06-01,2026-06-01,https://www.footballtransfers.com/en/players/fabian-ruiz-pena,https://www.footballtransfers.com/en/players/fabian-ruiz-pena,https://www.footballtransfers.com/en/players/fabian-ruiz-pena,2026-06-29T19:42:44,2026-06-29T19:42:44,1.1406,2026-06-29,European Central Bank euro foreign exchange reference rates,True,False,False,FootballTransfers ETV used as non-Transfermarkt player-value proxy. match_method=exact_name_country_match.,FootballTransfers,https://www.footballtransfers.com/en/players/fabian-ruiz-pena,footballtransfers_etv_validated,True,False
Spain,Alex BAENA,Midfielder,Atlético Madrid,,45500000.0,51897300.0,45500000.0,51897300.0,45500000.0,EUR,2026-06-01,2026-06-01,https://www.footballtransfers.com/en/players/alejandro-baena-baena-rodriguez,https://www.footballtransfers.com/en/players/alejandro-baena-baena-rodriguez,https://www.footballtransfers.com/en/players/alejandro-baena-baena-rodriguez,2026-06-29T19:42:44,2026-06-29T19:42:44,1.1406,2026-06-29,European Central Bank euro foreign exchange reference rates,True,False,False,FootballTransfers ETV used as non-Transfermarkt player-value proxy. match_method=exact_name_country_match.,FootballTransfers,https://www.footballtransfers.com/en/players/alejandro-baena-baena-rodriguez,footballtransfers_etv_validated,True,False
Sweden,Gustaf LAGERBIELKE,Defender,Braga,,3400000.0,3878040.0,3400000.0,3878040.0,3400000.0,EUR,2026-06-01,2026-06-01,https://www.footballtransfers.com/en/players/gustaf-lagerbielke,https://www.footballtransfers.com/en/players/gustaf-lagerbielke,https://www.footballtransfers.com/en/players/gustaf-lagerbielke,2026-06-29T19:42:44,2026-06-29T19:42:44,1.1406,2026-06-29,European Central Bank euro foreign exchange reference rates,True,False,False,FootballTransfers ETV used as non-Transfermarkt player-value proxy. match_method=exact_name_country_match.,FootballTransfers,https://www.footballtransfers.com/en/players/gustaf-lagerbielke,footballtransfers_etv_validated,True,False
Sweden,Viktor GYOKERES,Forward,Arsenal,,67500000.0,76990500.0,67500000.0,76990500.0,67500000.0,EUR,2026-06-01,2026-06-01,https://www.footballtransfers.com/en/players/viktor-gyokeres,https://www.footballtransfers.com/en/players/viktor-gyokeres,https://www.footballtransfers.com/en/players/viktor-gyokeres,2026-06-29T19:42:44,2026-06-29T19:42:44,1.1406,2026-06-29,European Central Bank euro foreign exchange reference rates,True,False,False,FootballTransfers ETV used as non-Transfermarkt player-value proxy. match_method=exact_name_country_match.,FootballTransfers,https://www.footballtransfers.com/en/players/viktor-gyokeres,footballtransfers_etv_validated,True,False
Sweden,Alexander Isak,Forward,Liverpool,,103100000.0,117595860.0,103100000.0,117595860.0,103100000.0,EUR,2026-06-01,2026-06-01,https://www.footballtransfers.com/en/players/alexander-isak,https://www.footballtransfers.com/en/players/alexander-isak,https://www.footballtransfers.com/en/players/alexander-isak,2026-06-29T19:42:44,2026-06-29T19:42:44,1.1406,2026-06-29,European Central Bank euro foreign exchange reference rates,True,False,False,FootballTransfers ETV used as non-Transfermarkt player-value proxy. match_method=exact_name_country_match.,FootballTransfers,https://www.footballtransfers.com/en/players/alexander-isak,footballtransfers_etv_validated,True,False
Sweden,Victor LINDELOF,Defender,A. Villa,,5500000.0,6273300.0,5500000.0,6273300.0,5500000.0,EUR,2026-06-01,2026-06-01,https://www.footballtransfers.com/en/players/victor-lindelof,https://www.footballtransfers.com/en/players/victor-lindelof,https://www.footballtransfers.com/en/players/victor-lindelof,2026-06-29T19:42:44,2026-06-29T19:42:44,1.1406,2026-06-29,European Central Bank euro foreign exchange reference rates,True,False,False,FootballTransfers ETV used as non-Transfermarkt player-value proxy. match_method=exact_name_country_match.,FootballTransfers,https://www.footballtransfers.com/en/players/victor-lindelof,footballtransfers_etv_validated,True,False
Sweden,Yasin AYARI,Midfielder,Brighton,,38300000.0,43684980.0,38300000.0,43684980.0,38300000.0,EUR,2026-06-01,2026-06-01,https://www.footballtransfers.com/en/players/yasin-abbas-ayari,https://www.footballtransfers.com/en/players/yasin-abbas-ayari,https://www.footballtransfers.com/en/players/yasin-abbas-ayari,2026-06-29T19:42:44,2026-06-29T19:42:44,1.1406,2026-06-29,European Central Bank euro foreign exchange reference rates,True,False,False,FootballTransfers ETV used as non-Transfermarkt player-value proxy. match_method=exact_name_country_match.,FootballTransfers,https://www.footballtransfers.com/en/players/yasin-abbas-ayari,footballtransfers_etv_validated,True,False
Sweden,Gabriel GUDMUNDSSON,Defender,Leeds Utd,,20600000.0,23496360.0,20600000.0,23496360.0,20600000.0,EUR,2026-06-01,2026-06-01,https://www.footballtransfers.com/en/players/gabriel-gudmundsson,https://www.footballtransfers.com/en/players/gabriel-gudmundsson,https://www.footballtransfers.com/en/players/gabriel-gudmundsson,2026-06-29T19:42:44,2026-06-29T19:42:44,1.1406,2026-06-29,European Central Bank euro foreign exchange reference rates,True,False,False,FootballTransfers ETV used as non-Transfermarkt player-value proxy. match_method=exact_name_country_match.,FootballTransfers,https://www.footballtransfers.com/en/players/gabriel-gudmundsson,footballtransfers_etv_validated,True,False
Sweden,Isak HIEN,Defender,Atalanta,,27200000.0,31024320.0,27200000.0,31024320.0,27200000.0,EUR,2026-06-01,2026-06-01,https://www.footballtransfers.com/en/players/isak-hien,https://www.footballtransfers.com/en/players/isak-hien,https://www.footballtransfers.com/en/players/isak-hien,2026-06-29T19:42:44,2026-06-29T19:42:44,1.1406,2026-06-29,European Central Bank euro foreign exchange reference rates,True,False,False,FootballTransfers ETV used as non-Transfermarkt player-value proxy. match_method=exact_name_country_match.,FootballTransfers,https://www.footballtransfers.com/en/players/isak-hien,footballtransfers_etv_validated,True,False
Sweden,Alexander BERNHARDSSON,Defender,Holstein,,1900000.0,2167140.0,1900000.0,2167140.0,1900000.0,EUR,2026-06-01,2026-06-01,https://www.footballtransfers.com/en/players/alexander-bernhardsson,https://www.footballtransfers.com/en/players/alexander-bernhardsson,https://www.footballtransfers.com/en/players/alexander-bernhardsson,2026-06-29T19:42:44,2026-06-29T19:42:44,1.1406,2026-06-29,European Central Bank euro foreign exchange reference rates,True,False,False,FootballTransfers ETV used as non-Transfermarkt player-value proxy. match_method=exact_name_country_match.,FootballTransfers,https://www.footballtransfers.com/en/players/alexander-bernhardsson,footballtransfers_etv_validated,True,False
Sweden,Kristoffer NORDFELDT,Goalkeeper,,,,,217223.0,247764.5538,217223.0,EUR,2026-06-01,2026-06-01,https://www.fotmob.com/players/73462/kristoffer-nordfeldt,https://www.fotmob.com/players/73462/kristoffer-nordfeldt,https://www.fotmob.com/players/73462/kristoffer-nordfeldt,2026-06-29T19:42:44,2026-06-29T19:42:44,1.1406,2026-06-29,European Central Bank euro foreign exchange reference rates,True,False,False,Fallback value from FotMob embedded __NEXT_DATA__ marketValues.values; latest SciSports EUR value dated on or before 2026-06-11.,FotMob / SciSports,https://www.fotmob.com/players/73462/kristoffer-nordfeldt,fotmob_scisports_market_value_latest_pre_cutoff,True,True
Sweden,Anthony ELANGA,Forward,Newcastle,,49800000.0,56801880.0,49800000.0,56801880.0,49800000.0,EUR,2026-06-01,2026-06-01,https://www.footballtransfers.com/en/players/anthony-elanga,https://www.footballtransfers.com/en/players/anthony-elanga,https://www.footballtransfers.com/en/players/anthony-elanga,2026-06-29T19:42:44,2026-06-29T19:42:44,1.1406,2026-06-29,European Central Bank euro foreign exchange reference rates,True,False,False,FootballTransfers ETV used as non-Transfermarkt player-value proxy. match_method=exact_name_country_match.,FootballTransfers,https://www.footballtransfers.com/en/players/anthony-elanga,footballtransfers_etv_validated,True,False
Sweden,Jesper KARLSTROM,Midfielder,Udinese,,3300000.0,3763980.0,3300000.0,3763980.0,3300000.0,EUR,2026-06-01,2026-06-01,https://www.footballtransfers.com/en/players/jesper-karlstrom,https://www.footballtransfers.com/en/players/jesper-karlstrom,https://www.footballtransfers.com/en/players/jesper-karlstrom,2026-06-29T19:42:44,2026-06-29T19:42:44,1.1406,2026-06-29,European Central Bank euro foreign exchange reference rates,True,False,False,FootballTransfers ETV used as non-Transfermarkt player-value proxy. match_method=exact_name_country_match.,FootballTransfers,https://www.footballtransfers.com/en/players/jesper-karlstrom,footballtransfers_etv_validated,True,False
Switzerland,Granit XHAKA,Midfielder,Sunderland,,17100000.0,19504260.0,17100000.0,19504260.0,17100000.0,EUR,2026-06-01,2026-06-01,https://www.footballtransfers.com/en/players/granit-xhaka,https://www.footballtransfers.com/en/players/granit-xhaka,https://www.footballtransfers.com/en/players/granit-xhaka,2026-06-29T19:42:44,2026-06-29T19:42:44,1.1406,2026-06-29,European Central Bank euro foreign exchange reference rates,True,False,False,FootballTransfers ETV used as non-Transfermarkt player-value proxy. match_method=exact_name_country_match.,FootballTransfers,https://www.footballtransfers.com/en/players/granit-xhaka,footballtransfers_etv_validated,True,False
Switzerland,Gregor KOBEL,Goalkeeper,Dortmund,,41100000.0,46878660.0,41100000.0,46878660.0,41100000.0,EUR,2026-06-01,2026-06-01,https://www.footballtransfers.com/en/players/gregor-kobel,https://www.footballtransfers.com/en/players/gregor-kobel,https://www.footballtransfers.com/en/players/gregor-kobel,2026-06-29T19:42:44,2026-06-29T19:42:44,1.1406,2026-06-29,European Central Bank euro foreign exchange reference rates,True,False,False,FootballTransfers ETV used as non-Transfermarkt player-value proxy. match_method=exact_name_country_match.,FootballTransfers,https://www.footballtransfers.com/en/players/gregor-kobel,footballtransfers_etv_validated,True,False
Switzerland,Manuel AKANJI,Defender,Inter,,18100000.0,20644860.0,18100000.0,20644860.0,18100000.0,EUR,2026-06-01,2026-06-01,https://www.footballtransfers.com/en/players/manuel-obafemi-akanji,https://www.footballtransfers.com/en/players/manuel-obafemi-akanji,https://www.footballtransfers.com/en/players/manuel-obafemi-akanji,2026-06-29T19:42:44,2026-06-29T19:42:44,1.1406,2026-06-29,European Central Bank euro foreign exchange reference rates,True,False,False,FootballTransfers ETV used as non-Transfermarkt player-value proxy. match_method=exact_name_country_match.,FootballTransfers,https://www.footballtransfers.com/en/players/manuel-obafemi-akanji,footballtransfers_etv_validated,True,False
Switzerland,Nico ELVEDI,Defender,Gladbach,,6900000.0,7870140.0,6900000.0,7870140.0,6900000.0,EUR,2026-06-01,2026-06-01,https://www.footballtransfers.com/en/players/nico-elvedi,https://www.footballtransfers.com/en/players/nico-elvedi,https://www.footballtransfers.com/en/players/nico-elvedi,2026-06-29T19:42:44,2026-06-29T19:42:44,1.1406,2026-06-29,European Central Bank euro foreign exchange reference rates,True,False,False,FootballTransfers ETV used as non-Transfermarkt player-value proxy. match_method=exact_name_country_match.,FootballTransfers,https://www.footballtransfers.com/en/players/nico-elvedi,footballtransfers_etv_validated,True,False
Switzerland,Remo FREULER,Midfielder,Bologna,,2700000.0,3079620.0,2700000.0,3079620.0,2700000.0,EUR,2026-06-01,2026-06-01,https://www.footballtransfers.com/en/players/remo-freuler,https://www.footballtransfers.com/en/players/remo-freuler,https://www.footballtransfers.com/en/players/remo-freuler,2026-06-29T19:42:44,2026-06-29T19:42:44,1.1406,2026-06-29,European Central Bank euro foreign exchange reference rates,True,False,False,FootballTransfers ETV used as non-Transfermarkt player-value proxy. match_method=exact_name_country_match.,FootballTransfers,https://www.footballtransfers.com/en/players/remo-freuler,footballtransfers_etv_validated,True,False
Switzerland,Ricardo RODRIGUEZ,Defender,Real Betis,,1600000.0,1824960.0,1600000.0,1824960.0,1600000.0,EUR,2026-06-01,2026-06-01,https://www.footballtransfers.com/en/players/ricardo-rodriguez,https://www.footballtransfers.com/en/players/ricardo-rodriguez,https://www.footballtransfers.com/en/players/ricardo-rodriguez,2026-06-29T19:42:44,2026-06-29T19:42:44,1.1406,2026-06-29,European Central Bank euro foreign exchange reference rates,True,False,False,FootballTransfers ETV used as non-Transfermarkt player-value proxy. match_method=exact_name_country_match.,FootballTransfers,https://www.footballtransfers.com/en/players/ricardo-rodriguez,footballtransfers_etv_validated,True,False
Switzerland,Breel EMBOLO,Forward,Rennes,,12700000.0,14485620.0,12700000.0,14485620.0,12700000.0,EUR,2026-06-01,2026-06-01,https://www.footballtransfers.com/en/players/breeldonald-embolo,https://www.footballtransfers.com/en/players/breeldonald-embolo,https://www.footballtransfers.com/en/players/breeldonald-embolo,2026-06-29T19:42:44,2026-06-29T19:42:44,1.1406,2026-06-29,European Central Bank euro foreign exchange reference rates,True,False,False,FootballTransfers ETV used as non-Transfermarkt player-value proxy. match_method=exact_name_country_match.,FootballTransfers,https://www.footballtransfers.com/en/players/breeldonald-embolo,footballtransfers_etv_validated,True,False
Switzerland,Ruben VARGAS,Forward,Sevilla,,12700000.0,14485620.0,12700000.0,14485620.0,12700000.0,EUR,2026-06-01,2026-06-01,https://www.footballtransfers.com/en/players/ruben-vargas,https://www.footballtransfers.com/en/players/ruben-vargas,https://www.footballtransfers.com/en/players/ruben-vargas,2026-06-29T19:42:44,2026-06-29T19:42:44,1.1406,2026-06-29,European Central Bank euro foreign exchange reference rates,True,False,False,FootballTransfers ETV used as non-Transfermarkt player-value proxy. match_method=exact_name_country_match.,FootballTransfers,https://www.footballtransfers.com/en/players/ruben-vargas,footballtransfers_etv_validated,True,False
Switzerland,Michel AEBISCHER,Midfielder,Pisa,,4900000.0,5588940.0,4900000.0,5588940.0,4900000.0,EUR,2026-06-01,2026-06-01,https://www.footballtransfers.com/en/players/michel-aebischer,https://www.footballtransfers.com/en/players/michel-aebischer,https://www.footballtransfers.com/en/players/michel-aebischer,2026-06-29T19:42:44,2026-06-29T19:42:44,1.1406,2026-06-29,European Central Bank euro foreign exchange reference rates,True,False,False,FootballTransfers ETV used as non-Transfermarkt player-value proxy. match_method=exact_name_country_match.,FootballTransfers,https://www.footballtransfers.com/en/players/michel-aebischer,footballtransfers_etv_validated,True,False
Switzerland,Dan NDOYE,Forward,N. Forest,,43300000.0,49387980.0,43300000.0,49387980.0,43300000.0,EUR,2026-06-01,2026-06-01,https://www.footballtransfers.com/en/players/dan-ndoye,https://www.footballtransfers.com/en/players/dan-ndoye,https://www.footballtransfers.com/en/players/dan-ndoye,2026-06-29T19:42:44,2026-06-29T19:42:44,1.1406,2026-06-29,European Central Bank euro foreign exchange reference rates,True,False,False,FootballTransfers ETV used as non-Transfermarkt player-value proxy. match_method=exact_name_country_match.,FootballTransfers,https://www.footballtransfers.com/en/players/dan-ndoye,footballtransfers_etv_validated,True,False
Switzerland,Johan MANZAMBI,Midfielder,SC Freiburg,,31200000.0,35586720.0,31200000.0,35586720.0,31200000.0,EUR,2026-06-01,2026-06-01,https://www.footballtransfers.com/en/players/johan-manzambi,https://www.footballtransfers.com/en/players/johan-manzambi,https://www.footballtransfers.com/en/players/johan-manzambi,2026-06-29T19:42:44,2026-06-29T19:42:44,1.1406,2026-06-29,European Central Bank euro foreign exchange reference rates,True,False,False,FootballTransfers ETV used as non-Transfermarkt player-value proxy. match_method=exact_name_country_match.,FootballTransfers,https://www.footballtransfers.com/en/players/johan-manzambi,footballtransfers_etv_validated,True,False
Tunisia,Hannibal MEJBRI,Midfielder,,,,,19732053.0,22506379.6518,19732053.0,EUR,2026-06-01,2026-06-01,https://www.fotmob.com/players/1113785/hannibal-mejbri,https://www.fotmob.com/players/1113785/hannibal-mejbri,https://www.fotmob.com/players/1113785/hannibal-mejbri,2026-06-29T19:42:44,2026-06-29T19:42:44,1.1406,2026-06-29,European Central Bank euro foreign exchange reference rates,True,False,False,Fallback value from FotMob embedded __NEXT_DATA__ marketValues.values; latest SciSports EUR value dated on or before 2026-06-11.,FotMob / SciSports,https://www.fotmob.com/players/1113785/hannibal-mejbri,fotmob_scisports_market_value_latest_pre_cutoff,True,True
Tunisia,Montassar TALBI,Defender,Lorient,,6400000.0,7299840.0,6400000.0,7299840.0,6400000.0,EUR,2026-06-01,2026-06-01,https://www.footballtransfers.com/en/players/montassar-talbi,https://www.footballtransfers.com/en/players/montassar-talbi,https://www.footballtransfers.com/en/players/montassar-talbi,2026-06-29T19:42:44,2026-06-29T19:42:44,1.1406,2026-06-29,European Central Bank euro foreign exchange reference rates,True,False,False,FootballTransfers ETV used as non-Transfermarkt player-value proxy. match_method=exact_name_country_match.,FootballTransfers,https://www.footballtransfers.com/en/players/montassar-talbi,footballtransfers_etv_validated,True,False
Tunisia,Ali ABDI,Defender,Nice,,1700000.0,1939020.0,1700000.0,1939020.0,1700000.0,EUR,2026-06-01,2026-06-01,https://www.footballtransfers.com/en/players/ali-abdi,https://www.footballtransfers.com/en/players/ali-abdi,https://www.footballtransfers.com/en/players/ali-abdi,2026-06-29T19:42:44,2026-06-29T19:42:44,1.1406,2026-06-29,European Central Bank euro foreign exchange reference rates,True,False,False,FootballTransfers ETV used as non-Transfermarkt player-value proxy. match_method=exact_name_country_match.,FootballTransfers,https://www.footballtransfers.com/en/players/ali-abdi,footballtransfers_etv_validated,True,False
Tunisia,Yan Valery,Defender,Young Boys,,800000.0,912480.0,800000.0,912480.0,800000.0,EUR,2026-06-01,2026-06-01,https://www.footballtransfers.com/en/players/yan-valery,https://www.footballtransfers.com/en/players/yan-valery,https://www.footballtransfers.com/en/players/yan-valery,2026-06-29T19:42:44,2026-06-29T19:42:44,1.1406,2026-06-29,European Central Bank euro foreign exchange reference rates,True,False,False,FootballTransfers ETV used as non-Transfermarkt player-value proxy. match_method=exact_name_country_match.,FootballTransfers,https://www.footballtransfers.com/en/players/yan-valery,footballtransfers_etv_validated,True,False
Tunisia,Ellyes SKHIRI,Midfielder,E. Frankfurt,,4500000.0,5132700.0,4500000.0,5132700.0,4500000.0,EUR,2026-06-01,2026-06-01,https://www.footballtransfers.com/en/players/ellyes-skhiri,https://www.footballtransfers.com/en/players/ellyes-skhiri,https://www.footballtransfers.com/en/players/ellyes-skhiri,2026-06-29T19:42:44,2026-06-29T19:42:44,1.1406,2026-06-29,European Central Bank euro foreign exchange reference rates,True,False,False,FootballTransfers ETV used as non-Transfermarkt player-value proxy. match_method=exact_name_country_match.,FootballTransfers,https://www.footballtransfers.com/en/players/ellyes-skhiri,footballtransfers_etv_validated,True,False
Tunisia,Anis SLIMANE,Midfielder,Norwich,,2200000.0,2509320.0,2200000.0,2509320.0,2200000.0,EUR,2026-06-01,2026-06-01,https://www.footballtransfers.com/en/players/anis-ben-slimane-1,https://www.footballtransfers.com/en/players/anis-ben-slimane-1,https://www.footballtransfers.com/en/players/anis-ben-slimane-1,2026-06-29T19:42:44,2026-06-29T19:42:44,1.1406,2026-06-29,European Central Bank euro foreign exchange reference rates,True,False,False,FootballTransfers ETV used as non-Transfermarkt player-value proxy. match_method=exact_name_country_match.,FootballTransfers,https://www.footballtransfers.com/en/players/anis-ben-slimane-1,footballtransfers_etv_validated,True,False
Tunisia,Omar Rekik,Defender,,,,,390982.0,445954.0692,390982.0,EUR,2026-06-01,2026-06-01,https://www.fotmob.com/players/1160097/omar-rekik,https://www.fotmob.com/players/1160097/omar-rekik,https://www.fotmob.com/players/1160097/omar-rekik,2026-06-29T19:42:44,2026-06-29T19:42:44,1.1406,2026-06-29,European Central Bank euro foreign exchange reference rates,True,False,False,Fallback value from FotMob embedded __NEXT_DATA__ marketValues.values; latest SciSports EUR value dated on or before 2026-06-11.,FotMob / SciSports,https://www.fotmob.com/players/1160097/omar-rekik,fotmob_scisports_market_value_latest_pre_cutoff,True,True
Tunisia,Aymen DAHMEN,Goalkeeper,CS Sfaxien,,700000.0,798420.0,700000.0,798420.0,700000.0,EUR,2026-06-01,2026-06-01,https://www.footballtransfers.com/en/players/aymen-dahmen,https://www.footballtransfers.com/en/players/aymen-dahmen,https://www.footballtransfers.com/en/players/aymen-dahmen,2026-06-29T19:42:44,2026-06-29T19:42:44,1.1406,2026-06-29,European Central Bank euro foreign exchange reference rates,True,False,False,FootballTransfers ETV used as non-Transfermarkt player-value proxy. match_method=exact_name_country_match.,FootballTransfers,https://www.footballtransfers.com/en/players/aymen-dahmen,footballtransfers_etv_validated,True,False
Tunisia,Mohamed Amine BEN HMIDA,Defender,,,,,1000000.0,1140600.0,1000000.0,EUR,2026-06-02,2026-06-02,https://www.transfermarkt.com/schnellsuche/ergebnis/schnellsuche?query=Mohamed+Amine+Ben+Hamida,https://www.transfermarkt.com/schnellsuche/ergebnis/schnellsuche?query=Mohamed+Amine+Ben+Hamida,https://www.transfermarkt.com/schnellsuche/ergebnis/schnellsuche?query=Mohamed+Amine+Ben+Hamida,2026-06-30,2026-06-30,1.1406,2026-06-29,European Central Bank euro foreign exchange reference rates,True,False,False,Mohamed Amine BEN HMIDA is indexed as Mohamed Amine Ben Hamida. Manual user-supplied indexed value patched 2026-06-30; source URL is the source-site indexed lookup for the accepted identity.,Transfermarkt,https://www.transfermarkt.com/schnellsuche/ergebnis/schnellsuche?query=Mohamed+Amine+Ben+Hamida,manual indexed market value,True,True
Tunisia,Elias SAAD,Forward,Hannover 96,,1900000.0,2167140.0,1900000.0,2167140.0,1900000.0,EUR,2026-06-01,2026-06-01,https://www.footballtransfers.com/en/players/elias-saad,https://www.footballtransfers.com/en/players/elias-saad,https://www.footballtransfers.com/en/players/elias-saad,2026-06-29T19:42:44,2026-06-29T19:42:44,1.1406,2026-06-29,European Central Bank euro foreign exchange reference rates,True,False,False,FootballTransfers ETV used as non-Transfermarkt player-value proxy. match_method=exact_name_country_match.,FootballTransfers,https://www.footballtransfers.com/en/players/elias-saad,footballtransfers_etv_validated,True,False
Tunisia,Rani Khedira,Midfielder,Union Berlin,32.0,1500000.0,1710900.0,1500000.0,1710900.0,1500000.0,EUR,2026-06-01,2026-06-01,https://www.footballtransfers.com/en/players/rani-khedira,https://www.footballtransfers.com/en/players/rani-khedira,https://www.footballtransfers.com/en/players/rani-khedira,2026-06-29T19:54:36,2026-06-29T19:54:36,1.1406,2026-06-29,European Central Bank euro foreign exchange reference rates,True,False,False,FootballTransfers ETV manually remediated; decision=manual_verified_existing_country_gap. Accepted after profile-title review; original search text lacked team/nationality alias.,FootballTransfers,https://www.footballtransfers.com/en/players/rani-khedira,footballtransfers_etv_validated,True,False
Türkiye,Arda GULER,Forward,Real Madrid,,91100000.0,103908660.0,91100000.0,103908660.0,91100000.0,EUR,2026-06-01,2026-06-01,https://www.footballtransfers.com/en/players/arda-guler,https://www.footballtransfers.com/en/players/arda-guler,https://www.footballtransfers.com/en/players/arda-guler,2026-06-29T19:42:44,2026-06-29T19:42:44,1.1406,2026-06-29,European Central Bank euro foreign exchange reference rates,True,False,False,FootballTransfers ETV used as non-Transfermarkt player-value proxy. match_method=exact_name_country_match.,FootballTransfers,https://www.footballtransfers.com/en/players/arda-guler,footballtransfers_etv_validated,True,False
Türkiye,Ugurcan CAKIR,Goalkeeper,Galatasaray,,16400000.0,18705840.0,16400000.0,18705840.0,16400000.0,EUR,2026-06-01,2026-06-01,https://www.footballtransfers.com/en/players/ugurcan-cakir,https://www.footballtransfers.com/en/players/ugurcan-cakir,https://www.footballtransfers.com/en/players/ugurcan-cakir,2026-06-29T19:42:44,2026-06-29T19:42:44,1.1406,2026-06-29,European Central Bank euro foreign exchange reference rates,True,False,False,FootballTransfers ETV used as non-Transfermarkt player-value proxy. match_method=exact_name_country_match.,FootballTransfers,https://www.footballtransfers.com/en/players/ugurcan-cakir,footballtransfers_etv_validated,True,False
Türkiye,Abdulkerim BARDAKCI,Defender,Galatasaray,,4900000.0,5588940.0,4900000.0,5588940.0,4900000.0,EUR,2026-06-01,2026-06-01,https://www.footballtransfers.com/en/players/abdulkerim-bardakci,https://www.footballtransfers.com/en/players/abdulkerim-bardakci,https://www.footballtransfers.com/en/players/abdulkerim-bardakci,2026-06-29T19:42:44,2026-06-29T19:42:44,1.1406,2026-06-29,European Central Bank euro foreign exchange reference rates,True,False,False,FootballTransfers ETV used as non-Transfermarkt player-value proxy. match_method=exact_name_country_match.,FootballTransfers,https://www.footballtransfers.com/en/players/abdulkerim-bardakci,footballtransfers_etv_validated,True,False
Türkiye,Hakan CALHANOGLU,Midfielder,Inter,,12300000.0,14029380.0,12300000.0,14029380.0,12300000.0,EUR,2026-06-01,2026-06-01,https://www.footballtransfers.com/en/players/hakan-calhanoglu,https://www.footballtransfers.com/en/players/hakan-calhanoglu,https://www.footballtransfers.com/en/players/hakan-calhanoglu,2026-06-29T19:42:44,2026-06-29T19:42:44,1.1406,2026-06-29,European Central Bank euro foreign exchange reference rates,True,False,False,FootballTransfers ETV used as non-Transfermarkt player-value proxy. match_method=exact_name_country_match.,FootballTransfers,https://www.footballtransfers.com/en/players/hakan-calhanoglu,footballtransfers_etv_validated,True,False
Türkiye,Merih DEMIRAL,Defender,Al Ahli,,14200000.0,16196520.0,14200000.0,16196520.0,14200000.0,EUR,2026-06-01,2026-06-01,https://www.footballtransfers.com/en/players/merih-demiral,https://www.footballtransfers.com/en/players/merih-demiral,https://www.footballtransfers.com/en/players/merih-demiral,2026-06-29T19:42:44,2026-06-29T19:42:44,1.1406,2026-06-29,European Central Bank euro foreign exchange reference rates,True,False,False,FootballTransfers ETV used as non-Transfermarkt player-value proxy. match_method=exact_name_country_match.,FootballTransfers,https://www.footballtransfers.com/en/players/merih-demiral,footballtransfers_etv_validated,True,False
Türkiye,Kenan YILDIZ,Forward,Juventus,,83200000.0,94897920.0,83200000.0,94897920.0,83200000.0,EUR,2026-06-01,2026-06-01,https://www.footballtransfers.com/en/players/kenan-yildiz-1,https://www.footballtransfers.com/en/players/kenan-yildiz-1,https://www.footballtransfers.com/en/players/kenan-yildiz-1,2026-06-29T19:42:44,2026-06-29T19:42:44,1.1406,2026-06-29,European Central Bank euro foreign exchange reference rates,True,False,False,FootballTransfers ETV used as non-Transfermarkt player-value proxy. match_method=exact_name_country_match.,FootballTransfers,https://www.footballtransfers.com/en/players/kenan-yildiz-1,footballtransfers_etv_validated,True,False
Türkiye,Baris Alper YILMAZ,Forward,Galatasaray,,23100000.0,26347860.0,23100000.0,26347860.0,23100000.0,EUR,2026-06-01,2026-06-01,https://www.footballtransfers.com/en/players/baris-alper-yilmaz,https://www.footballtransfers.com/en/players/baris-alper-yilmaz,https://www.footballtransfers.com/en/players/baris-alper-yilmaz,2026-06-29T19:42:44,2026-06-29T19:42:44,1.1406,2026-06-29,European Central Bank euro foreign exchange reference rates,True,False,False,FootballTransfers ETV used as non-Transfermarkt player-value proxy. match_method=exact_name_country_match.,FootballTransfers,https://www.footballtransfers.com/en/players/baris-alper-yilmaz,footballtransfers_etv_validated,True,False
Türkiye,Kerem AKTURKOGLU,Forward,Fenerbahce,,22500000.0,25663500.0,22500000.0,25663500.0,22500000.0,EUR,2026-06-01,2026-06-01,https://www.footballtransfers.com/en/players/kerem-kerem-akturkoglu,https://www.footballtransfers.com/en/players/kerem-kerem-akturkoglu,https://www.footballtransfers.com/en/players/kerem-kerem-akturkoglu,2026-06-29T19:42:44,2026-06-29T19:42:44,1.1406,2026-06-29,European Central Bank euro foreign exchange reference rates,True,False,False,FootballTransfers ETV used as non-Transfermarkt player-value proxy. match_method=exact_name_country_match.,FootballTransfers,https://www.footballtransfers.com/en/players/kerem-kerem-akturkoglu,footballtransfers_etv_validated,True,False
Türkiye,Ferdi KADIOGLU,Defender,Brighton,,37500000.0,42772500.0,37500000.0,42772500.0,37500000.0,EUR,2026-06-01,2026-06-01,https://www.footballtransfers.com/en/players/ferdi-erenay-kadioglu,https://www.footballtransfers.com/en/players/ferdi-erenay-kadioglu,https://www.footballtransfers.com/en/players/ferdi-erenay-kadioglu,2026-06-29T19:42:44,2026-06-29T19:42:44,1.1406,2026-06-29,European Central Bank euro foreign exchange reference rates,True,False,False,FootballTransfers ETV used as non-Transfermarkt player-value proxy. match_method=exact_name_country_match.,FootballTransfers,https://www.footballtransfers.com/en/players/ferdi-erenay-kadioglu,footballtransfers_etv_validated,True,False
Türkiye,Zeki CELIK,Defender,Roma,,7600000.0,8668560.0,7600000.0,8668560.0,7600000.0,EUR,2026-06-01,2026-06-01,https://www.footballtransfers.com/en/players/mehmet-zeki-celik,https://www.footballtransfers.com/en/players/mehmet-zeki-celik,https://www.footballtransfers.com/en/players/mehmet-zeki-celik,2026-06-29T19:42:44,2026-06-29T19:42:44,1.1406,2026-06-29,European Central Bank euro foreign exchange reference rates,True,False,False,FootballTransfers ETV used as non-Transfermarkt player-value proxy. match_method=exact_name_country_match.,FootballTransfers,https://www.footballtransfers.com/en/players/mehmet-zeki-celik,footballtransfers_etv_validated,True,False
Türkiye,Orkun KOKCU,Midfielder,Besiktas,,26500000.0,30225900.0,26500000.0,30225900.0,26500000.0,EUR,2026-06-01,2026-06-01,https://www.footballtransfers.com/en/players/orkun-kokcu,https://www.footballtransfers.com/en/players/orkun-kokcu,https://www.footballtransfers.com/en/players/orkun-kokcu,2026-06-29T19:42:44,2026-06-29T19:42:44,1.1406,2026-06-29,European Central Bank euro foreign exchange reference rates,True,False,False,FootballTransfers ETV used as non-Transfermarkt player-value proxy. match_method=exact_name_country_match.,FootballTransfers,https://www.footballtransfers.com/en/players/orkun-kokcu,footballtransfers_etv_validated,True,False
USA,Weston McKENNIE,Midfielder,Juventus,,19100000.0,21785460.0,19100000.0,21785460.0,19100000.0,EUR,2026-06-01,2026-06-01,https://www.footballtransfers.com/en/players/weston-mckennie,https://www.footballtransfers.com/en/players/weston-mckennie,https://www.footballtransfers.com/en/players/weston-mckennie,2026-06-29T19:42:44,2026-06-29T19:42:44,1.1406,2026-06-29,European Central Bank euro foreign exchange reference rates,True,False,False,FootballTransfers ETV used as non-Transfermarkt player-value proxy. match_method=exact_name_country_match.,FootballTransfers,https://www.footballtransfers.com/en/players/weston-mckennie,footballtransfers_etv_validated,True,False
USA,Alex FREEMAN,Defender,Villarreal,,2600000.0,2965560.0,2600000.0,2965560.0,2600000.0,EUR,2026-06-01,2026-06-01,https://www.footballtransfers.com/en/players/alex-freeman,https://www.footballtransfers.com/en/players/alex-freeman,https://www.footballtransfers.com/en/players/alex-freeman,2026-06-29T19:42:44,2026-06-29T19:42:44,1.1406,2026-06-29,European Central Bank euro foreign exchange reference rates,True,False,False,FootballTransfers ETV used as non-Transfermarkt player-value proxy. match_method=exact_name_country_match.,FootballTransfers,https://www.footballtransfers.com/en/players/alex-freeman,footballtransfers_etv_validated,True,False
USA,Ricardo PEPI,Forward,PSV,,26200000.0,29883720.0,26200000.0,29883720.0,26200000.0,EUR,2026-06-01,2026-06-01,https://www.footballtransfers.com/en/players/ricardo-pepi,https://www.footballtransfers.com/en/players/ricardo-pepi,https://www.footballtransfers.com/en/players/ricardo-pepi,2026-06-29T19:42:44,2026-06-29T19:42:44,1.1406,2026-06-29,European Central Bank euro foreign exchange reference rates,True,False,False,FootballTransfers ETV used as non-Transfermarkt player-value proxy. match_method=exact_name_country_match.,FootballTransfers,https://www.footballtransfers.com/en/players/ricardo-pepi,footballtransfers_etv_validated,True,False
USA,Chris RICHARDS,Defender,C. Palace,,21500000.0,24522900.0,21500000.0,24522900.0,21500000.0,EUR,2026-06-01,2026-06-01,https://www.footballtransfers.com/en/players/chris-richards,https://www.footballtransfers.com/en/players/chris-richards,https://www.footballtransfers.com/en/players/chris-richards,2026-06-29T19:42:44,2026-06-29T19:42:44,1.1406,2026-06-29,European Central Bank euro foreign exchange reference rates,True,False,False,FootballTransfers ETV used as non-Transfermarkt player-value proxy. match_method=exact_name_country_match.,FootballTransfers,https://www.footballtransfers.com/en/players/chris-richards,footballtransfers_etv_validated,True,False
USA,Matt FREESE,Goalkeeper,NYCFC,,1400000.0,1596840.0,1400000.0,1596840.0,1400000.0,EUR,2026-06-01,2026-06-01,https://www.footballtransfers.com/en/players/matthew-freese,https://www.footballtransfers.com/en/players/matthew-freese,https://www.footballtransfers.com/en/players/matthew-freese,2026-06-29T19:42:44,2026-06-29T19:42:44,1.1406,2026-06-29,European Central Bank euro foreign exchange reference rates,True,False,False,FootballTransfers ETV used as non-Transfermarkt player-value proxy. match_method=exact_name_country_match.,FootballTransfers,https://www.footballtransfers.com/en/players/matthew-freese,footballtransfers_etv_validated,True,False
USA,Tim REAM,Defender,,,,,72000.0,82123.2,72000.0,EUR,2026-06-01,2026-06-01,https://www.fotmob.com/players/198444/tim-ream,https://www.fotmob.com/players/198444/tim-ream,https://www.fotmob.com/players/198444/tim-ream,2026-06-29T19:42:44,2026-06-29T19:42:44,1.1406,2026-06-29,European Central Bank euro foreign exchange reference rates,True,False,False,Fallback value from FotMob embedded __NEXT_DATA__ marketValues.values; latest SciSports EUR value dated on or before 2026-06-11.,FotMob / SciSports,https://www.fotmob.com/players/198444/tim-ream,fotmob_scisports_market_value_latest_pre_cutoff,True,True
USA,Tyler ADAMS,Midfielder,B'mouth,,27000000.0,30796200.0,27000000.0,30796200.0,27000000.0,EUR,2026-06-01,2026-06-01,https://www.footballtransfers.com/en/players/tyler-adams,https://www.footballtransfers.com/en/players/tyler-adams,https://www.footballtransfers.com/en/players/tyler-adams,2026-06-29T19:42:44,2026-06-29T19:42:44,1.1406,2026-06-29,European Central Bank euro foreign exchange reference rates,True,False,False,FootballTransfers ETV used as non-Transfermarkt player-value proxy. match_method=exact_name_country_match.,FootballTransfers,https://www.footballtransfers.com/en/players/tyler-adams,footballtransfers_etv_validated,True,False
USA,Malik TILLMAN,Midfielder,Bayer 04,,34500000.0,39350700.0,34500000.0,39350700.0,34500000.0,EUR,2026-06-01,2026-06-01,https://www.footballtransfers.com/en/players/malik-tillman,https://www.footballtransfers.com/en/players/malik-tillman,https://www.footballtransfers.com/en/players/malik-tillman,2026-06-29T19:42:44,2026-06-29T19:42:44,1.1406,2026-06-29,European Central Bank euro foreign exchange reference rates,True,False,False,FootballTransfers ETV used as non-Transfermarkt player-value proxy. match_method=exact_name_country_match.,FootballTransfers,https://www.footballtransfers.com/en/players/malik-tillman,footballtransfers_etv_validated,True,False
USA,Antonee ROBINSON,Defender,Fulham,,32200000.0,36727320.0,32200000.0,36727320.0,32200000.0,EUR,2026-06-01,2026-06-01,https://www.footballtransfers.com/en/players/antonee-robinson-1,https://www.footballtransfers.com/en/players/antonee-robinson-1,https://www.footballtransfers.com/en/players/antonee-robinson-1,2026-06-29T19:42:44,2026-06-29T19:42:44,1.1406,2026-06-29,European Central Bank euro foreign exchange reference rates,True,False,False,FootballTransfers ETV used as non-Transfermarkt player-value proxy. match_method=exact_name_country_match.,FootballTransfers,https://www.footballtransfers.com/en/players/antonee-robinson-1,footballtransfers_etv_validated,True,False
USA,Sergino DEST,Defender,PSV,,19400000.0,22127640.0,19400000.0,22127640.0,19400000.0,EUR,2026-06-01,2026-06-01,https://www.footballtransfers.com/en/players/sergino-dest,https://www.footballtransfers.com/en/players/sergino-dest,https://www.footballtransfers.com/en/players/sergino-dest,2026-06-29T19:42:44,2026-06-29T19:42:44,1.1406,2026-06-29,European Central Bank euro foreign exchange reference rates,True,False,False,FootballTransfers ETV used as non-Transfermarkt player-value proxy. match_method=exact_name_country_match.,FootballTransfers,https://www.footballtransfers.com/en/players/sergino-dest,footballtransfers_etv_validated,True,False
USA,Folarin BALOGUN,Forward,Monaco,,23800000.0,27146280.0,23800000.0,27146280.0,23800000.0,EUR,2026-06-01,2026-06-01,https://www.footballtransfers.com/en/players/folarin-balogun,https://www.footballtransfers.com/en/players/folarin-balogun,https://www.footballtransfers.com/en/players/folarin-balogun,2026-06-29T19:42:44,2026-06-29T19:42:44,1.1406,2026-06-29,European Central Bank euro foreign exchange reference rates,True,False,False,FootballTransfers ETV used as non-Transfermarkt player-value proxy. match_method=exact_name_country_match.,FootballTransfers,https://www.footballtransfers.com/en/players/folarin-balogun,footballtransfers_etv_validated,True,False
Uruguay,Guillermo VARELA,Defender,Flamengo,,1100000.0,1254660.0,1100000.0,1254660.0,1100000.0,EUR,2026-06-01,2026-06-01,https://www.footballtransfers.com/en/players/guillermo-varela,https://www.footballtransfers.com/en/players/guillermo-varela,https://www.footballtransfers.com/en/players/guillermo-varela,2026-06-29T19:42:44,2026-06-29T19:42:44,1.1406,2026-06-29,European Central Bank euro foreign exchange reference rates,True,False,False,FootballTransfers ETV used as non-Transfermarkt player-value proxy. match_method=exact_name_country_match.,FootballTransfers,https://www.footballtransfers.com/en/players/guillermo-varela,footballtransfers_etv_validated,True,False
Uruguay,Mathias OLIVERA,Defender,Napoli,,17600000.0,20074560.0,17600000.0,20074560.0,17600000.0,EUR,2026-06-01,2026-06-01,https://www.footballtransfers.com/en/players/mathias-olivera-miramontes,https://www.footballtransfers.com/en/players/mathias-olivera-miramontes,https://www.footballtransfers.com/en/players/mathias-olivera-miramontes,2026-06-29T19:42:44,2026-06-29T19:42:44,1.1406,2026-06-29,European Central Bank euro foreign exchange reference rates,True,False,False,FootballTransfers ETV used as non-Transfermarkt player-value proxy. match_method=exact_name_country_match.,FootballTransfers,https://www.footballtransfers.com/en/players/mathias-olivera-miramontes,footballtransfers_etv_validated,True,False
Uruguay,Rodrigo BENTANCUR,Midfielder,Tottenham,,21100000.0,24066660.0,21100000.0,24066660.0,21100000.0,EUR,2026-06-01,2026-06-01,https://www.footballtransfers.com/en/players/rodrigo-bentancur,https://www.footballtransfers.com/en/players/rodrigo-bentancur,https://www.footballtransfers.com/en/players/rodrigo-bentancur,2026-06-29T19:42:44,2026-06-29T19:42:44,1.1406,2026-06-29,European Central Bank euro foreign exchange reference rates,True,False,False,FootballTransfers ETV used as non-Transfermarkt player-value proxy. match_method=exact_name_country_match.,FootballTransfers,https://www.footballtransfers.com/en/players/rodrigo-bentancur,footballtransfers_etv_validated,True,False
Uruguay,Sebastian CACERES,Defender,America,,3100000.0,3535860.0,3100000.0,3535860.0,3100000.0,EUR,2026-06-01,2026-06-01,https://www.footballtransfers.com/en/players/sebastian-enzo-caceres-ramos,https://www.footballtransfers.com/en/players/sebastian-enzo-caceres-ramos,https://www.footballtransfers.com/en/players/sebastian-enzo-caceres-ramos,2026-06-29T19:42:44,2026-06-29T19:42:44,1.1406,2026-06-29,European Central Bank euro foreign exchange reference rates,True,False,False,FootballTransfers ETV used as non-Transfermarkt player-value proxy. match_method=exact_name_country_match.,FootballTransfers,https://www.footballtransfers.com/en/players/sebastian-enzo-caceres-ramos,footballtransfers_etv_validated,True,False
Uruguay,Fernando MUSLERA,Goalkeeper,Estudiantes,,600000.0,684360.0,600000.0,684360.0,600000.0,EUR,2026-06-01,2026-06-01,https://www.footballtransfers.com/en/players/fernando-muslera,https://www.footballtransfers.com/en/players/fernando-muslera,https://www.footballtransfers.com/en/players/fernando-muslera,2026-06-29T19:42:44,2026-06-29T19:42:44,1.1406,2026-06-29,European Central Bank euro foreign exchange reference rates,True,False,False,FootballTransfers ETV used as non-Transfermarkt player-value proxy. match_method=exact_name_country_match.,FootballTransfers,https://www.footballtransfers.com/en/players/fernando-muslera,footballtransfers_etv_validated,True,False
Uruguay,Maxi ARAUJO,Midfielder,Sporting,,25100000.0,28629060.0,25100000.0,28629060.0,25100000.0,EUR,2026-06-01,2026-06-01,https://www.footballtransfers.com/en/players/maximiliano-javier-araujo-vilches,https://www.footballtransfers.com/en/players/maximiliano-javier-araujo-vilches,https://www.footballtransfers.com/en/players/maximiliano-javier-araujo-vilches,2026-06-29T19:42:44,2026-06-29T19:42:44,1.1406,2026-06-29,European Central Bank euro foreign exchange reference rates,True,False,False,FootballTransfers ETV used as non-Transfermarkt player-value proxy. match_method=exact_name_country_match.,FootballTransfers,https://www.footballtransfers.com/en/players/maximiliano-javier-araujo-vilches,footballtransfers_etv_validated,True,False
Uruguay,Federico VALVERDE,Midfielder,Real Madrid,,113000000.0,128887800.0,113000000.0,128887800.0,113000000.0,EUR,2026-06-01,2026-06-01,https://www.footballtransfers.com/en/players/federico-valverde,https://www.footballtransfers.com/en/players/federico-valverde,https://www.footballtransfers.com/en/players/federico-valverde,2026-06-29T19:42:44,2026-06-29T19:42:44,1.1406,2026-06-29,European Central Bank euro foreign exchange reference rates,True,False,False,FootballTransfers ETV used as non-Transfermarkt player-value proxy. match_method=exact_name_country_match.,FootballTransfers,https://www.footballtransfers.com/en/players/federico-valverde,footballtransfers_etv_validated,True,False
Uruguay,Darwin NUNEZ,Forward,Al-Hilal,,26700000.0,30454020.0,26700000.0,30454020.0,26700000.0,EUR,2026-06-01,2026-06-01,https://www.footballtransfers.com/en/players/darwin-gabriel-nunez-ribeiro,https://www.footballtransfers.com/en/players/darwin-gabriel-nunez-ribeiro,https://www.footballtransfers.com/en/players/darwin-gabriel-nunez-ribeiro,2026-06-29T19:42:44,2026-06-29T19:42:44,1.1406,2026-06-29,European Central Bank euro foreign exchange reference rates,True,False,False,FootballTransfers ETV used as non-Transfermarkt player-value proxy. match_method=exact_name_country_match.,FootballTransfers,https://www.footballtransfers.com/en/players/darwin-gabriel-nunez-ribeiro,footballtransfers_etv_validated,True,False
Uruguay,Agustin CANOBBIO,Midfielder,Fluminense,,4900000.0,5588940.0,4900000.0,5588940.0,4900000.0,EUR,2026-06-01,2026-06-01,https://www.footballtransfers.com/en/players/agustin-canobbio-graviz,https://www.footballtransfers.com/en/players/agustin-canobbio-graviz,https://www.footballtransfers.com/en/players/agustin-canobbio-graviz,2026-06-29T19:42:44,2026-06-29T19:42:44,1.1406,2026-06-29,European Central Bank euro foreign exchange reference rates,True,False,False,FootballTransfers ETV used as non-Transfermarkt player-value proxy. match_method=exact_name_country_match.,FootballTransfers,https://www.footballtransfers.com/en/players/agustin-canobbio-graviz,footballtransfers_etv_validated,True,False
Uruguay,Federico VINAS,Forward,Real Oviedo,,2700000.0,3079620.0,2700000.0,3079620.0,2700000.0,EUR,2026-06-01,2026-06-01,https://www.footballtransfers.com/en/players/federico-sebastian-vinas-barboza,https://www.footballtransfers.com/en/players/federico-sebastian-vinas-barboza,https://www.footballtransfers.com/en/players/federico-sebastian-vinas-barboza,2026-06-29T19:42:44,2026-06-29T19:42:44,1.1406,2026-06-29,European Central Bank euro foreign exchange reference rates,True,False,False,FootballTransfers ETV used as non-Transfermarkt player-value proxy. match_method=exact_name_country_match.,FootballTransfers,https://www.footballtransfers.com/en/players/federico-sebastian-vinas-barboza,footballtransfers_etv_validated,True,False
Uruguay,Manuel UGARTE,Midfielder,Man Utd,,42000000.0,47905200.0,42000000.0,47905200.0,42000000.0,EUR,2026-06-01,2026-06-01,https://www.footballtransfers.com/en/players/manuel-ugarte-ribeiro,https://www.footballtransfers.com/en/players/manuel-ugarte-ribeiro,https://www.footballtransfers.com/en/players/manuel-ugarte-ribeiro,2026-06-29T19:42:44,2026-06-29T19:42:44,1.1406,2026-06-29,European Central Bank euro foreign exchange reference rates,True,False,False,FootballTransfers ETV used as non-Transfermarkt player-value proxy. match_method=exact_name_country_match.,FootballTransfers,https://www.footballtransfers.com/en/players/manuel-ugarte-ribeiro,footballtransfers_etv_validated,True,False
Uzbekistan,Abdukodir KHUSANOV,Defender,Man City,,47000000.0,53608200.0,47000000.0,53608200.0,47000000.0,EUR,2026-06-01,2026-06-01,https://www.footballtransfers.com/en/players/abdukodir-khikmatjon-ugli-khusanov,https://www.footballtransfers.com/en/players/abdukodir-khikmatjon-ugli-khusanov,https://www.footballtransfers.com/en/players/abdukodir-khikmatjon-ugli-khusanov,2026-06-29T19:42:44,2026-06-29T19:42:44,1.1406,2026-06-29,European Central Bank euro foreign exchange reference rates,True,False,False,FootballTransfers ETV used as non-Transfermarkt player-value proxy. match_method=exact_name_country_match.,FootballTransfers,https://www.footballtransfers.com/en/players/abdukodir-khikmatjon-ugli-khusanov,footballtransfers_etv_validated,True,False
Uzbekistan,Eldor SHOMURODOV,Forward,Istanbul Basaksehir FK,,5600000.0,6387360.0,5600000.0,6387360.0,5600000.0,EUR,2026-06-01,2026-06-01,https://www.footballtransfers.com/en/players/eldor-shomurodov,https://www.footballtransfers.com/en/players/eldor-shomurodov,https://www.footballtransfers.com/en/players/eldor-shomurodov,2026-06-29T19:42:44,2026-06-29T19:42:44,1.1406,2026-06-29,European Central Bank euro foreign exchange reference rates,True,False,False,FootballTransfers ETV used as non-Transfermarkt player-value proxy. match_method=exact_name_country_match.,FootballTransfers,https://www.footballtransfers.com/en/players/eldor-shomurodov,footballtransfers_etv_validated,True,False
Uzbekistan,Sherzod NASRULLAEV,Defender,Pakhtakor,,500000.0,570300.0,500000.0,570300.0,500000.0,EUR,2026-06-01,2026-06-01,https://www.footballtransfers.com/en/players/sherzod-nasrullayev,https://www.footballtransfers.com/en/players/sherzod-nasrullayev,https://www.footballtransfers.com/en/players/sherzod-nasrullayev,2026-06-29T19:42:44,2026-06-29T19:42:44,1.1406,2026-06-29,European Central Bank euro foreign exchange reference rates,True,False,False,FootballTransfers ETV used as non-Transfermarkt player-value proxy. match_method=exact_name_country_match.,FootballTransfers,https://www.footballtransfers.com/en/players/sherzod-nasrullayev,footballtransfers_etv_validated,True,False
Uzbekistan,Rustam ASHURMATOV,Defender,,,,,450370.0,513692.022,450370.0,EUR,2026-06-01,2026-06-01,https://www.fotmob.com/players/643624/rustam-ashurmatov,https://www.fotmob.com/players/643624/rustam-ashurmatov,https://www.fotmob.com/players/643624/rustam-ashurmatov,2026-06-29T19:42:44,2026-06-29T19:42:44,1.1406,2026-06-29,European Central Bank euro foreign exchange reference rates,True,False,False,Fallback value from FotMob embedded __NEXT_DATA__ marketValues.values; latest SciSports EUR value dated on or before 2026-06-11.,FotMob / SciSports,https://www.fotmob.com/players/643624/rustam-ashurmatov,fotmob_scisports_market_value_latest_pre_cutoff,True,True
Uzbekistan,Otabek Shukurov,Midfielder,Bani Yas,,900000.0,1026540.0,900000.0,1026540.0,900000.0,EUR,2026-06-01,2026-06-01,https://www.footballtransfers.com/en/players/otabek-shukurov,https://www.footballtransfers.com/en/players/otabek-shukurov,https://www.footballtransfers.com/en/players/otabek-shukurov,2026-06-29T19:42:44,2026-06-29T19:42:44,1.1406,2026-06-29,European Central Bank euro foreign exchange reference rates,True,False,False,FootballTransfers ETV used as non-Transfermarkt player-value proxy. match_method=exact_name_country_match.,FootballTransfers,https://www.footballtransfers.com/en/players/otabek-shukurov,footballtransfers_etv_validated,True,False
Uzbekistan,Abbosbek FAYZULLAEV,Midfielder,Istanbul Basaksehir FK,,9300000.0,10607580.0,9300000.0,10607580.0,9300000.0,EUR,2026-06-01,2026-06-01,https://www.footballtransfers.com/en/players/abbosbek-fayzullayev,https://www.footballtransfers.com/en/players/abbosbek-fayzullayev,https://www.footballtransfers.com/en/players/abbosbek-fayzullayev,2026-06-29T19:42:44,2026-06-29T19:42:44,1.1406,2026-06-29,European Central Bank euro foreign exchange reference rates,True,False,False,FootballTransfers ETV used as non-Transfermarkt player-value proxy. match_method=exact_name_country_match.,FootballTransfers,https://www.footballtransfers.com/en/players/abbosbek-fayzullayev,footballtransfers_etv_validated,True,False
Uzbekistan,Abdulla ABDULLAEV,Defender,,,,,500000.0,570300.0,500000.0,EUR,2026-05-26,2026-05-26,https://www.transfermarkt.com/schnellsuche/ergebnis/schnellsuche?query=Abdulla+Abdullaev,https://www.transfermarkt.com/schnellsuche/ergebnis/schnellsuche?query=Abdulla+Abdullaev,https://www.transfermarkt.com/schnellsuche/ergebnis/schnellsuche?query=Abdulla+Abdullaev,2026-06-30,2026-06-30,1.1406,2026-06-29,European Central Bank euro foreign exchange reference rates,True,False,False,Abdulla ABDULLAEV matched to indexed identity Abdulla Abdullaev. Manual user-supplied indexed value patched 2026-06-30; source URL is the source-site indexed lookup for the accepted identity.,Transfermarkt,https://www.transfermarkt.com/schnellsuche/ergebnis/schnellsuche?query=Abdulla+Abdullaev,manual indexed market value,True,True
Uzbekistan,Abduvohid NEMATOV,Goalkeeper,,,,,835722.0,953224.5132,835722.0,EUR,2026-06-01,2026-06-01,https://www.fotmob.com/players/1259187/abduvohid-nematov,https://www.fotmob.com/players/1259187/abduvohid-nematov,https://www.fotmob.com/players/1259187/abduvohid-nematov,2026-06-29T19:42:44,2026-06-29T19:42:44,1.1406,2026-06-29,European Central Bank euro foreign exchange reference rates,True,False,False,Fallback value from FotMob embedded __NEXT_DATA__ marketValues.values; latest SciSports EUR value dated on or before 2026-06-11.,FotMob / SciSports,https://www.fotmob.com/players/1259187/abduvohid-nematov,fotmob_scisports_market_value_latest_pre_cutoff,True,True
Uzbekistan,Behruzjon KARIMOV,Defender,,,,,350000.0,399210.0,350000.0,EUR,2026-05-13,2026-05-13,https://www.transfermarkt.com/schnellsuche/ergebnis/schnellsuche?query=Bekhruz+Karimov,https://www.transfermarkt.com/schnellsuche/ergebnis/schnellsuche?query=Bekhruz+Karimov,https://www.transfermarkt.com/schnellsuche/ergebnis/schnellsuche?query=Bekhruz+Karimov,2026-06-30,2026-06-30,1.1406,2026-06-29,European Central Bank euro foreign exchange reference rates,True,False,False,Behruzjon KARIMOV is indexed as Bekhruz Karimov. Manual user-supplied indexed value patched 2026-06-30; source URL is the source-site indexed lookup for the accepted identity.,Transfermarkt,https://www.transfermarkt.com/schnellsuche/ergebnis/schnellsuche?query=Bekhruz+Karimov,manual indexed market value,True,True
Uzbekistan,Akmal MOZGOVOY,Midfielder,Pakhtakor,,700000.0,798420.0,700000.0,798420.0,700000.0,EUR,2026-06-01,2026-06-01,https://www.footballtransfers.com/en/players/akmal-mozgovoy,https://www.footballtransfers.com/en/players/akmal-mozgovoy,https://www.footballtransfers.com/en/players/akmal-mozgovoy,2026-06-29T19:42:44,2026-06-29T19:42:44,1.1406,2026-06-29,European Central Bank euro foreign exchange reference rates,True,False,False,FootballTransfers ETV used as non-Transfermarkt player-value proxy. match_method=exact_name_country_match.,FootballTransfers,https://www.footballtransfers.com/en/players/akmal-mozgovoy,footballtransfers_etv_validated,True,False
Uzbekistan,Azizjon GANIEV,Midfielder,,,1500000.0,1710900.0,1500000.0,1710900.0,1500000.0,EUR,,,https://www.footballtransfers.com/en/players/aziz-aziz-ganiev,https://www.footballtransfers.com/en/players/aziz-aziz-ganiev,https://www.footballtransfers.com/en/players/aziz-aziz-ganiev,2026-06-30,2026-06-30,1.1406,2026-06-29,European Central Bank euro foreign exchange reference rates,,True,False,"Manual fallback from existing FootballTransfers search cache; exact identity accepted after alias/spelling check. Valuation date not visible, so date is unverified.",FootballTransfers,https://www.footballtransfers.com/en/players/aziz-aziz-ganiev,manual_fallback_footballtransfers_search_cache_date_unverified,False,True
